Date,total_consumption_kWh,peak_load_kWh,avg_load_kWh,overloaded_hours,critical_hours,low_load_hours,peak_hours,daily_maintenance_pressure,rolling_30d_pressure,rolling_30d_overloaded_hours
2022-03-01,64340968.333000004,3039508.84,2680873.6805416667,0,0,0,0,14.032480865570955,,
2022-03-02,62727635.165,3064174.988,2613651.4652083335,0,0,0,0,13.417654835203082,,
2022-03-03,62503688.819,3060773.699,2604320.3674583333,0,0,0,0,13.317456788012441,,
2022-03-04,60407225.404,3027307.376,2516967.725166667,0,0,0,0,12.476892991018774,,
2022-03-05,53946383.067999996,2622918.5779999997,2247765.9611666664,0,0,0,0,9.827689745380889,,
2022-03-06,52236834.126,2588787.841,2176534.75525,0,0,0,0,9.235071117300524,,
2022-03-07,61160655.055,2971051.692,2548360.627291667,0,0,0,0,12.775764159382309,85.08301050186897,0.0
2022-03-08,61307846.537,2976852.062,2554493.605708333,0,0,0,0,12.815146460012167,97.89815696188114,0.0
2022-03-09,62053777.111,2955028.876,2585574.0462916666,0,0,0,0,13.116169914230156,111.0143268761113,0.0
2022-03-10,68905352.789,3345958.776,2871056.3662083335,0,0,0,2,16.184059726981562,127.19838660309286,0.0
2022-03-11,70547931.424,3296792.084,2939497.1426666663,0,0,0,1,16.78425194335412,143.982638546447,0.0
2022-03-12,60076997.74,2771004.28,2503208.2391666668,0,0,0,0,12.124086575424855,156.10672512187185,0.0
2022-03-13,56787329.479,2823309.043,2366138.7282916666,0,0,0,0,11.120314688496098,167.22703981036793,0.0
2022-03-14,61429819.888,2817797.627,2559575.8286666665,0,0,0,0,12.699820827676337,179.92686063804427,0.0
2022-03-15,59615238.472,2888715.367,2483968.2696666666,0,0,0,0,12.16388610369259,192.09074674173687,0.0
2022-03-16,61480091.491,2988211.5859999997,2561670.4787916667,0,0,0,0,12.964309408588433,205.0550561503253,0.0
2022-03-17,66422483.731,3317713.0409999997,2767603.4887916665,0,0,0,1,15.114674017535735,220.16973016786102,0.0
2022-03-18,57393747.088,2799885.213,2391406.128666667,0,0,0,0,11.204386487009794,231.37411665487082,0.0
2022-03-19,55083128.463,2707807.767,2295130.352625,0,0,0,0,10.38906059056975,241.76317724544057,0.0
2022-03-20,58166187.495,2998379.6350000002,2423591.145625,0,0,0,0,11.598304731408145,253.36148197684872,0.0
2022-03-21,61230654.803,2881120.265,2551277.2834583335,0,0,0,0,12.64532386846284,266.00680584531153,0.0
2022-03-22,58651178.366,2828693.395,2443799.098583333,0,0,0,0,11.711053026088628,277.7178588714002,0.0
2022-03-23,58152225.075,2794473.437,2423009.3781250003,0,0,0,0,11.521877165651562,289.2397360370517,0.0
2022-03-24,57948337.701,2789257.3910000003,2414514.0708749997,0,0,0,0,11.431179176414185,300.67091521346595,0.0
2022-03-25,54970044.105,2704357.018,2290418.504375,0,0,0,0,10.34912065077153,311.02003586423746,0.0
2022-03-26,50491095.746,2430256.557,2103795.6560833333,0,0,0,0,8.658861331402901,319.6788971956404,0.0
2022-03-27,45954546.745,2286452.2309999997,1998023.771521739,0,0,0,0,7.441331551046868,327.12022874668725,0.0
2022-03-28,59874664.974,3067038.982,2494777.70725,0,0,0,0,12.456218277484206,339.57644702417144,0.0
2022-03-29,58864756.19,2853966.509,2452698.174583333,0,0,0,0,11.808232768765022,351.3846797929365,0.0
2022-03-30,59970735.508,2892371.2739999997,2498780.646166667,0,0,0,0,12.237868084022335,363.6225478769588,0.0
2022-03-31,63788316.658,3307382.728,2657846.5274166665,0,0,0,3,14.042719472258488,363.6327864836463,0.0
2022-04-01,60099505.744,2921812.6029999997,2504146.072666667,0,0,0,0,12.339546497517002,362.5546781459603,0.0
2022-04-02,53741234.398,2512320.771,2239218.0999166667,0,0,0,0,9.749984483189326,358.98720584113715,0.0
2022-04-03,56862018.052,2946447.748,2369250.7521666666,0,0,0,0,11.125137488425485,357.6354503385439,0.0
2022-04-04,70788212.056,3513481.644,2949508.8356666663,0,0,0,5,17.0735948051655,364.8813553983285,0.0
2022-04-05,62276367.498,2910331.499,2594848.64575,0,0,0,0,13.118292128700466,368.76457640972836,0.0
2022-04-06,63474110.185,3102866.516,2644754.591041667,0,0,0,0,13.756769521309675,369.7455817716558,0.0
2022-04-07,68149382.14,3326969.261,2839557.589166667,0,0,0,1,15.7303742927306,372.66080960437415,0.0
2022-04-08,67770471.197,3365744.921,2823769.633208333,0,0,0,2,15.652803811587598,375.19744350173164,0.0
2022-04-09,59585773.158,2911164.826,2482740.54825,0,0,0,0,12.210897269154886,371.22428104390497,0.0
2022-04-10,59872417.969,2804538.955,2494684.0820416664,0,0,0,0,12.082928001708446,366.5229571022593,0.0
2022-04-11,57822977.448,2754154.393,2409290.727,0,0,0,0,11.342991174723437,365.74186170155787,0.0
2022-04-12,62530991.069,3082486.814,2605457.9612083333,0,0,0,0,13.505704465029583,368.12725147809135,0.0
2022-04-13,58206386.7,2908142.936,2425266.1125000003,0,0,0,0,11.683145356031945,367.11057600644693,0.0
2022-04-14,48902030.902,2328136.404,2037584.6209166667,0,0,0,0,8.131653017944112,363.0783429206985,0.0
2022-04-15,48861183.503,2279798.5470000003,2035882.6459583333,0,0,0,0,8.093134277551234,358.2071677896613,0.0
2022-04-16,50277602.799,2426498.04,2094900.116625,0,0,0,0,8.574175519539573,351.66666929166513,0.0
2022-04-17,48396302.308,2319596.019,2016512.5961666666,0,0,0,0,7.9604812646156,348.42276406927095,0.0
2022-04-18,48318840.645,2259380.701,2013285.0268750002,0,0,0,0,7.889137933705117,345.92284141240634,0.0
2022-04-19,53935878.739,2625437.241,2247328.280791667,0,0,0,0,9.987340552901982,344.31187723390013,0.0
2022-04-20,54425596.591,2615134.358,2267733.1912916666,0,0,0,0,10.12428710807779,341.7908404735151,0.0
2022-04-21,54938199.321,2633805.0640000002,2289091.638375,0,0,0,0,10.308660402159465,340.3884478495859,0.0
2022-04-22,53913566.725,2787384.016,2246398.613541667,0,0,0,0,10.069498760455778,338.93606944439017,0.0
2022-04-23,47495718.536,2235357.715,1978988.2723333333,0,0,2,0,7.658516588588687,335.1634068565646,0.0
2022-04-24,48435485.951,2388586.6999999997,2018145.2479583332,0,0,6,0,8.097468288851632,332.91175449464475,0.0
2022-04-25,54727926.221,2662244.091,2280330.259208333,0,0,0,0,10.291674905383314,334.5445680686251,0.0
2022-04-26,55638410.312,2663304.384,2318267.0963333333,0,0,0,0,10.575115389630763,337.67835190720905,0.0
2022-04-27,55767201.103,2660261.8680000002,2323633.3792916667,0,0,0,0,10.5863132465436,335.8084468762684,0.0
2022-04-28,55632339.526,2661567.442,2318014.1469166665,0,0,0,0,10.541396297004985,334.5416104045084,0.0
2022-04-29,53950766.262,2676071.629,2247948.59425,0,0,0,0,9.952004821079607,332.2557471415657,0.0
2022-04-30,47042690.249,2160467.0100000002,1960112.0937083333,0,0,0,0,7.464467274425081,325.67749494373226,0.0
2022-05-01,46291138.63,2207783.36,1928797.4429166669,0,0,6,0,7.278166400362695,320.61611484657794,0.0
2022-05-02,55604591.983,2676826.196,2316857.999291667,0,0,0,0,10.607255532166413,321.473385895555,0.0
2022-05-03,56085795.688,2683715.22,2336908.1536666667,0,0,0,0,10.739318226003956,321.0875666331335,0.0
2022-05-04,56391865.039,2690833.394,2349661.0432916665,0,0,0,0,10.842153490555923,314.85612531852394,0.0
2022-05-05,57048418.223,2745638.758,2377017.425958333,0,0,0,0,11.101588586923063,312.8394217767466,0.0
2022-05-06,55235175.73,2739329.801,2301465.6554166665,0,0,0,0,10.422676665385566,309.5053289208224,0.0
2022-05-07,46592668.726,2137963.575,1941361.1969166668,0,0,2,0,7.333487926504337,301.1084425545962,0.0
2022-05-08,45731546.506,2169859.198,1905481.1044166666,0,0,6,0,7.062133533749442,292.517772276758,0.0
2022-05-09,54949523.034,2653325.151,2289563.45975,0,0,0,0,10.34753405509949,290.6544090627026,0.0
2022-05-10,57239031.372,2884294.668,2384959.6405,0,0,0,0,11.350897559346976,289.92237862034114,0.0
2022-05-11,57036650.21,2857123.711,2376527.0920833335,0,0,0,0,11.206896072530885,289.7862835181486,0.0
2022-05-12,60619124.304,3113992.633,2525796.846,0,0,0,0,12.853896859100974,289.13447591221995,0.0
2022-05-13,52170551.055,2622221.084,2173772.960625,0,0,4,0,9.472785587100596,286.92411614328864,0.0
2022-05-14,49486092.063,2353321.248,2061920.502625,0,0,0,0,8.262915333488541,287.05537845883305,0.0
2022-05-15,45013958.817,2185272.077,1875581.6173750001,0,0,7,0,6.927785647057509,285.8900298283393,0.0
2022-05-16,56143908.921000004,2907231.5100000002,2339329.538375,0,0,2,0,10.981352759889258,288.29720706868903,0.0
2022-05-17,54840656.135,2642359.326,2285027.3389583332,0,0,0,0,10.291671155054313,290.6283969591277,0.0
2022-05-18,56705227.466,2719646.876,2362717.811083333,0,0,0,0,10.943388498965554,293.68264752438813,0.0
2022-05-19,56176164.562,2732753.6319999998,2340673.523416667,0,0,0,0,10.811809446366269,294.50711641785244,0.0
2022-05-20,53334526.397,2636891.647,2222271.9332083333,0,0,0,0,9.74748965566203,294.1303189654367,0.0
2022-05-21,47843555.985,2479833.02,1993481.499375,0,0,0,0,7.875888748248253,291.6975473115255,0.0
2022-05-22,44616846.825,2140833.196,1859035.284375,0,0,7,0,6.798434046582794,288.42648259765247,0.0
2022-05-23,57240960.221,3011833.296,2385040.009208333,0,0,3,0,11.491766389455806,292.25973239851965,0.0
2022-05-24,56147516.265,2691258.948,2339479.844375,0,0,0,0,10.773199495141553,294.9354636048095,0.0
2022-05-25,54726017.551,2782947.114,2280250.7312916666,0,0,0,0,10.32944947808944,294.9732381775157,0.0
2022-05-26,48969520.986,2266319.0949999997,2040396.70775,0,0,0,0,8.064472376057433,292.4625951639423,0.0
2022-05-27,50150649.779,2449754.677,2089610.4074583333,0,0,2,0,8.613728133648236,290.49001005104697,0.0
2022-05-28,46588762.734,2275907.325,1941198.44725,0,0,0,0,7.378870548489452,287.32748430253145,0.0
2022-05-29,43064261.183,2223760.262,1794344.2159583333,0,0,7,0,6.391626245075738,283.7671057265276,0.0
2022-05-30,53273163.373,2628873.144,2219715.1405416667,0,0,5,0,9.83398370048617,286.13662215258864,0.0
2022-05-31,54745957.345,2657453.401,2281081.556041667,0,0,0,0,10.280236651070615,289.1386924032966,0.0
2022-06-01,54975462.566,2642924.466,2290644.2735833335,0,0,0,0,10.321160992311583,288.85259786344176,0.0
2022-06-02,57510241.42,2946352.489,2396260.0591666666,0,0,0,0,11.456601186302969,289.56988082374073,0.0
2022-06-03,53757828.503,2692568.766,2239909.5209583333,0,0,0,0,9.906856258390393,288.6345835915752,0.0
2022-06-04,45645849.115,2183775.95,1901910.3797916668,0,0,5,0,7.089595588085739,284.6225905927379,0.0
2022-06-05,43597625.437,2026132.075,1816567.7265416665,0,0,7,0,6.4254872537748975,280.62540118112724,0.0
2022-06-06,48142783.002000004,2298539.85,2005949.29175,0,0,4,0,7.92157048800961,281.2134837426325,0.0
2022-06-07,55179179.706,2848049.638,2299132.48775,0,0,2,0,10.657048425430034,284.8083986343131,0.0
2022-06-08,54283741.910000004,2642488.56,2261822.5795833333,0,0,0,0,10.105925043850759,284.5667896230644,0.0
2022-06-09,54259054.784,2679084.649,2260793.9493333334,0,0,0,0,10.144405057411365,283.3602971211288,0.0
2022-06-10,51438357.965,2563179.669,2143264.9152083336,0,0,0,0,9.130960964616467,281.2843620132144,0.0
2022-06-11,45039928.899000004,2229554.954,1876663.7041250002,0,0,8,0,6.9968026460966435,275.42726780021,0.0
2022-06-12,44855717.262,2291626.3910000003,1868988.21925,0,0,7,0,7.00524349634822,272.95972570945764,0.0
2022-06-13,53465463.058,2840826.031,2227727.6274166666,0,0,5,0,9.992907769174849,274.68971814514396,0.0
2022-06-14,53676778.995,2606697.181,2236532.458125,0,0,0,0,9.89508498620019,277.6570174842866,0.0
2022-06-15,53711670.168,2599589.284,2237986.2569999998,0,0,0,0,9.893146883605942,276.56881160800333,0.0
2022-06-16,53702702.812,2620125.737,2237612.617166667,0,0,0,0,9.891043255673491,276.1681837086225,0.0
2022-06-17,52183329.624,2587301.065,2174305.401,0,0,0,0,9.360095176484021,274.58489038614096,0.0
2022-06-18,44933309.119,2063943.881,1872221.2132916667,0,0,5,0,6.861606957721786,270.63468789749646,0.0
2022-06-19,44575362.12,2151060.687,1857306.755,0,0,7,0,6.784974491932218,267.6721727337667,0.0
2022-06-20,53571117.800000004,2624567.65,2232129.9083333337,0,0,3,0,9.90855572990104,269.70483971541944,0.0
2022-06-21,55453871.723,2688126.264,2310577.988458333,0,0,0,0,10.596494223339166,273.50289989217583,0.0
2022-06-22,54525892.831,2659250.599,2271912.201291667,0,0,0,0,10.195110540938668,272.20624404365867,0.0
2022-06-23,54243848.363,2649871.622,2260160.3484583334,0,0,0,0,10.061128786970745,271.4941733354879,0.0
2022-06-24,55185589.927999996,2740299.426,2299399.580333333,0,0,0,0,10.401587561321728,271.56631141872015,0.0
2022-06-25,45351931.921,2102766.252,1889663.8300416665,0,0,5,0,6.976758666481619,270.47859770914437,0.0
2022-06-26,44771513.126,2153376.924,1865479.7135833334,0,0,8,0,6.838873559259231,268.70374313475537,0.0
2022-06-27,53966503.026,2662068.762,2248604.29275,0,0,2,0,10.093051843046787,271.4179244293127,0.0
2022-06-28,52580631.725999996,2570949.4159999997,2190859.65525,0,0,2,0,9.508141844673997,274.534440028911,0.0
2022-06-29,52608164.725,2559021.653,2192006.863541667,0,0,1,0,9.500878894115692,274.2013352225405,0.0
2022-06-30,54444393.668,2688388.977,2268516.4028333332,0,0,0,0,10.172081284990412,274.09317985646027,0.0
2022-07-01,51114834.605,2603730.565,2129784.775208333,0,0,2,0,9.035711538427474,272.80773040257617,0.0
2022-07-02,44248215.57,2189004.227,1843675.64875,0,0,7,0,6.737379478536312,268.0885086948095,0.0
2022-07-03,43067458.782,2090860.497,1794477.4492499998,0,0,8,0,6.3570629583019596,264.53871539472107,0.0
2022-07-04,54063912.536,2812350.164,2252663.0223333333,0,0,5,0,10.239232995920617,267.6883528025559,0.0
2022-07-05,53335662.256,2671409.745,2222319.2606666666,0,0,0,0,9.827062460752876,271.08992800953393,0.0
2022-07-06,53376110.488,2557546.47,2224004.6036666664,0,0,0,0,9.772824465599605,272.9411819871239,0.0
2022-07-07,55216376.6,2626281.562,2300682.3583333334,0,0,0,0,10.347401342369979,272.63153490406387,0.0
2022-07-08,51649928.547,2522692.903,2152080.356125,0,0,0,0,9.189238167572507,271.71484802778565,0.0
2022-07-09,44546907.114,2191107.962,1856121.12975,0,0,7,0,6.815669908342796,268.38611287871703,0.0
2022-07-10,43162710.167,2077423.018,1798446.2569583335,0,0,8,0,6.353584932576878,265.60873684667746,0.0
2022-07-11,50361487.828999996,2481411.613,2098395.326208333,0,0,6,0,8.765014872700721,267.37694907328154,0.0
2022-07-12,52467224.008,2547117.963,2186134.333666667,0,0,3,0,9.463801703384421,269.83550728031776,0.0
2022-07-13,53593582.771,2704571.338,2233065.9487916664,0,0,0,0,9.896322131814324,269.7389216429572,0.0
2022-07-14,52975218.2,2604378.4480000003,2207300.7583333333,0,0,2,0,9.653035385407199,269.4968720421642,0.0
2022-07-15,49373952.001,2411320.112,2057248.0000416667,0,0,0,0,8.338976164027043,267.94270132258526,0.0
2022-07-16,43208060.148,2137392.933,1800335.8395,0,0,8,0,6.412216164150528,264.46387423106233,0.0
2022-07-17,41988019.657,2076030.103,1749500.8190416666,0,0,10,0,6.107168492134478,261.2109475467128,0.0
2022-07-18,46842243.053,2270717.076,1951760.1272083335,0,0,6,0,7.559169825165425,261.9085104141564,0.0
2022-07-19,47959679.988,2398374.6289999997,1998319.9995,0,0,6,0,7.922343090814538,263.04587901303876,0.0
2022-07-20,49557992.333000004,2330454.8,2064916.3472083334,0,0,2,0,8.329790547698126,261.46711383083584,0.0
2022-07-21,48917841.747,2332205.515,2038243.406125,0,0,1,0,8.15748717527883,259.0281067827755,0.0
2022-07-22,46561737.393,2235843.904,1940072.391375,0,0,5,0,7.417029691779056,256.2500259336159,0.0
2022-07-23,41876214.623,1996329.132,1744842.2759583334,0,0,9,0,5.97386980616995,252.1627669528151,0.0
2022-07-24,41249651.263,2028771.622,1718735.4692916665,0,0,10,0,5.882189068114295,247.64336845960767,0.0
2022-07-25,48555041.837,2342270.5609999998,2023126.7432083332,0,0,5,0,8.082922417651234,248.7495322107773,0.0
2022-07-26,48301191.257,2355448.758,2012549.6357083332,0,0,6,0,8.09515298196243,250.00581163348048,0.0
2022-07-27,46671234.39,2323543.7399999998,1944634.76625,0,0,7,0,7.524849288171737,247.43760907860542,0.0
2022-07-28,45197117.582,2170363.354,1883213.2325833335,0,0,7,0,7.021115632012772,244.95058286594423,0.0
2022-07-29,45161677.462,2176137.616,1881736.5609166666,0,0,7,0,6.996840869938168,242.4465448417667,0.0
2022-07-30,42069526.549,1994546.537,1752896.9395416668,0,0,9,0,6.04325192087397,238.31771547765027,0.0
2022-07-31,42231195.325,2129613.062,1759633.1385416668,0,0,9,0,6.147278803630691,235.42928274285347,0.0
2022-08-01,49734017.008,2500147.281,2072250.7086666666,0,0,6,0,8.642536757600734,237.33444002191789,0.0
2022-08-02,51387011.872,2651758.2229999998,2141125.4946666667,0,0,6,0,9.249347005384099,240.22672406900003,0.0
2022-08-03,51660908.146,2619456.1520000002,2152537.8394166664,0,0,3,0,9.228462381779892,239.2159534548593,0.0
2022-08-04,50315439.123,2487927.697,2096476.6301250001,0,0,5,0,8.753033089950597,238.14192408405702,0.0
2022-08-05,47552216.279,2338776.1,1981342.3449583333,0,0,6,0,7.803780963652317,236.17288058210974,0.0
2022-08-06,43497230.703,2187502.901,1812384.612625,0,0,9,0,6.5627443993850605,232.38822363912482,0.0
2022-08-07,42897215.533,2150556.213,1787383.9805416667,0,0,8,0,6.373741272848541,229.57272674440085,0.0
2022-08-08,52350307.480000004,2612648.967,2181262.811666667,0,0,6,0,9.563972654604774,232.32102949066282,0.0
2022-08-09,53983956.659,2641335.094,2249331.5274583334,0,0,0,0,10.041841961919351,236.0092865200053,0.0
2022-08-10,54524575.428,2637732.755,2271857.3095,0,0,0,0,10.213167062377664,237.45743870968224,0.0
2022-08-11,54633952.634,2650730.908,2276414.6930833333,0,0,0,0,10.2466517898362,238.24028879613402,0.0
2022-08-12,52798445.811,2651125.174,2199935.242125,0,0,0,0,9.584083087437211,237.9280497517569,0.0
2022-08-13,45508988.89,2117881.178,1896207.8704166666,0,0,6,0,7.032542679159517,235.30755704550924,0.0
2022-08-14,45416676.767,2208040.395,1892361.5319583332,0,0,8,0,7.034242504794565,234.00282338627673,0.0
2022-08-15,55163614.107,2704767.817,2298483.921125,0,0,2,0,10.522748991358888,238.1133562134851,0.0
2022-08-16,56042579.026,2743591.588,2335107.4594166665,0,0,0,0,10.799729538453578,242.8059172598042,0.0
2022-08-17,55600777.274,2703086.144,2316699.053083333,0,0,0,0,10.619260086524541,245.8660075211633,0.0
2022-08-18,55253815.082,2696083.046,2302242.2950833333,0,0,0,0,10.489608041417219,248.433272471766,0.0
2022-08-19,52732866.243,2648862.055,2197202.760125,0,0,0,0,9.56439808211483,249.66788000618268,0.0
2022-08-20,44571797.512,2073481.739,1857158.2296666668,0,0,6,0,6.7411159195881485,248.25150875049204,0.0
2022-08-21,44657276.855000004,2176129.18,1860719.8689583335,0,0,7,0,6.852615541856358,247.68709460056934,0.0
2022-08-22,53121782.918,2615350.787,2213407.6215833332,0,0,5,0,9.768090015211747,251.48131480961115,0.0
2022-08-23,54494768.355000004,2643793.245,2270615.348125,0,0,0,0,10.213971745914469,255.81309748741128,0.0
2022-08-24,55037844.861,2676810.199,2293243.535875,0,0,0,0,10.405113345275574,258.13528841503563,0.0
2022-08-25,54927018.978,2668431.541,2288625.79075,0,0,0,0,10.353104558570685,260.3932399916439,0.0
2022-08-26,53080684.106,2668393.859,2211695.1710833334,0,0,0,0,9.709192785989094,262.5775834894613,0.0
2022-08-27,44139237.174,2063427.108,1839134.88225,0,0,7,0,6.617197941723021,262.1736657991715,0.0
2022-08-28,43930399.084,2202995.086,1830433.2951666666,0,0,8,0,6.637489998116564,261.8143149273499,0.0
2022-08-29,52900905.868,2608076.102,2204204.4111666665,0,0,4,0,9.705169276589151,265.4762322830651,0.0
2022-08-30,53356352.612,2579151.112,2223181.3588333335,0,0,0,0,9.750484303206852,269.07943778264126,0.0
2022-08-31,53099425.157,2559680.496,2212476.048208333,0,0,1,0,9.686837807304576,270.12373883234505,0.0
2022-09-01,53738876.62,2613334.4250000003,2239119.8591666664,0,0,0,0,9.916253683574887,270.79064551053585,0.0
2022-09-02,51345917.12,2552670.828,2139413.2133333334,0,0,0,0,9.037419826408183,270.5996029551642,0.0
2022-09-03,44562338.785,2319871.736,1856764.1160416666,0,0,7,0,6.839171055813867,268.68574092102745,0.0
2022-09-04,43754617.637,2194414.718,1823109.0682083333,0,0,8,0,6.617598078972074,267.4995580363472,0.0
2022-09-05,52983984.362,2566419.267,2207666.0150833335,0,0,5,0,9.720360045084766,270.6571736820469,0.0
2022-09-06,55430636.872,2730100.931,2309609.8696666667,0,0,0,0,10.456303794413694,274.73973620361204,0.0
2022-09-07,52942018.29,2559231.322,2205917.42875,0,0,1,0,9.649409310457715,274.825172859465,0.0
2022-09-08,53301846.647,2769713.64,2220910.2769583333,0,0,2,0,9.842980037276673,274.62631093482236,0.0
2022-09-09,51666002.626,2621120.505,2152750.109416667,0,0,0,0,9.201151517739582,273.6142953901842,0.0
2022-09-10,43036851.426,2020307.942,1793202.1427499999,0,0,9,0,6.299519013354134,269.66716261370215,0.0
2022-09-11,42051398.543,2062647.2040000001,1752141.6059583332,0,0,8,0,6.0417644836739,266.12484400993884,0.0
2022-09-12,51712886.57,2533283.934,2154703.607083333,0,0,5,0,9.262268505696941,268.3545698364763,0.0
2022-09-13,53393470.241,2578983.601,2224727.926708333,0,0,0,0,9.818812240286682,271.13913957196837,0.0
2022-09-14,52274959.352,2525625.655,2178123.3063333333,0,0,2,0,9.397106139470447,270.01349672007996,0.0
2022-09-15,54661504.679,2736211.59,2277562.6949583334,0,0,2,0,10.370211487179407,269.5839786688058,0.0
2022-09-16,52819469.119,2594341.699,2200811.213291667,0,0,0,0,9.524819643081186,268.4895382253624,0.0
2022-09-17,45903725.144999996,2319454.887,1912655.2143749997,0,0,6,0,7.229191706857853,265.22912189080307,0.0
2022-09-18,45288240.879,2192726.695,1887010.036625,0,0,5,0,6.930838639782544,262.5955624484708,0.0
2022-09-19,51847160.0,2486533.871,2160298.3333333335,0,0,1,0,9.219204890459602,265.07365141934224,0.0
2022-09-20,51813182.577,2476846.597,2158882.607375,0,0,3,0,9.224997128051015,267.4460330055369,0.0
2022-09-21,52246524.187,2512694.925,2176938.507791667,0,0,1,0,9.370233126699977,267.0481761170251,0.0
2022-09-22,52071857.24,2512050.3310000002,2169660.7183333333,0,0,2,0,9.318607196961546,266.1528115680722,0.0
2022-09-23,50178863.186,2487612.293,2090785.9660833331,0,0,3,0,8.68439728872311,264.4320955115197,0.0
2022-09-24,42892883.584,2011460.039,1787203.4826666666,0,0,9,0,6.253930991004379,260.33292194395347,0.0
2022-09-25,42327068.665,2082118.29,1763627.8610416667,0,0,9,0,6.101512200783614,256.72524135874795,0.0
2022-09-26,57277885.635,2932419.966,2386578.5681249998,0,0,0,0,11.350353348837391,261.4583967658623,0.0
2022-09-27,54506924.915,2614640.777,2271121.8714583335,0,0,0,0,10.153090092738198,264.97399686048396,0.0
2022-09-28,53097945.863,2559729.403,2212414.4109583334,0,0,0,0,9.67344152115563,264.94226910505046,0.0
2022-09-29,53480532.368,2597582.628,2228355.5153333335,0,0,0,0,9.857970731733241,265.04975553357684,0.0
2022-09-30,52153709.846,2550340.2770000002,2173071.243583333,0,0,0,0,9.365120141832104,264.7280378681043,0.0
2022-10-01,48982844.622,2263024.46,2040951.85925,0,0,0,0,8.100390701945212,262.91217488647465,0.0
2022-10-02,46788704.619,2154033.4050000003,1949529.3591250002,0,0,0,0,7.368776186557498,261.243531246624,0.0
2022-10-03,53088425.262,2634043.92,2212017.71925,0,0,0,0,9.7055924102876,264.1099526010977,0.0
2022-10-04,54060319.506,2538467.588,2252513.31275,0,0,1,0,10.045969898282566,267.53832442040823,0.0
2022-10-05,60136745.16,2914231.126,2505697.715,0,0,0,0,12.24640624093974,270.06437061626315,0.0
2022-10-06,58946151.623,2913911.647,2456089.6509583336,0,0,0,0,12.00564985959824,271.6137166814477,0.0
2022-10-07,56233617.201,2780614.196,2343067.3833749997,0,0,0,0,10.77026099950518,272.7345683704952,0.0
2022-10-08,48419165.425,2321050.055,2017465.2260416665,0,0,3,0,7.9668052454551015,270.85839357867366,0.0
2022-10-09,45829366.67,2323619.906,1909556.9445833333,0,0,7,0,7.32349810862505,268.98074016955906,0.0
2022-10-10,56640227.871,2683739.6890000002,2360009.494625,0,0,0,0,10.85666282682765,273.53788398303266,0.0
2022-10-11,54655314.317999996,2787745.8310000002,2277304.76325,0,0,0,0,10.335005583679719,277.8311250830384,0.0
2022-10-12,53335893.768,2566433.676,2222328.907,0,0,0,0,9.753159058460744,278.32201563580225,0.0
2022-10-13,53810306.682000004,2601441.4899999998,2242096.11175,0,0,0,0,9.949943857478345,278.45314725299386,0.0
2022-10-14,51435000.829,2570841.307,2143125.034541667,0,0,0,0,9.12105495896458,278.177096072488,0.0
2022-10-15,45503641.145,2218080.393,1895985.0477083335,0,0,6,0,7.051698037691308,274.8585826229999,0.0
2022-10-16,48162662.822,2529973.42,2006777.6175833333,0,0,5,0,8.091412718706541,273.42517569862525,0.0
2022-10-17,53934627.839,2727979.468,2247276.1599583332,0,0,0,0,10.068963876931853,276.2649478686993,0.0
2022-10-18,54014281.912,2870298.943,2250595.0796666667,0,0,0,0,10.183816458769002,279.51792568768576,0.0
2022-10-19,53205869.385,2550678.5700000003,2216911.2243749998,0,0,0,0,9.668073232887107,279.96679403011325,0.0
2022-10-20,56994126.726,2901393.06,2374755.2802500003,0,0,0,0,11.31330430372771,282.0551012057899,0.0
2022-10-21,51721350.724,2565937.67,2155056.2801666665,0,0,0,0,9.20914481063756,281.8940128897275,0.0
2022-10-22,44680068.365,2192827.65,1861669.5152083335,0,0,8,0,6.8233269989088825,279.39873269167487,0.0
2022-10-23,44483707.419,2283730.221,1853487.809125,0,0,7,0,6.779592347312341,277.4939277502641,0.0
2022-10-24,57925769.766,2954459.034,2413573.7402500003,0,0,0,0,11.516392689450853,282.75638944871054,0.0
2022-10-25,56794398.496,2897268.914,2366433.270666667,0,0,0,0,11.091254142636394,287.7461313905634,0.0
2022-10-26,54532088.547,2641523.079,2272170.356125,0,0,0,0,10.232713665600537,286.6284917073265,0.0
2022-10-27,55131801.387,2615050.009,2297158.391125,0,0,0,0,10.522583278969954,286.9979848935583,0.0
2022-10-28,53981254.958000004,2607198.818,2249218.9565833337,0,0,0,0,10.057788167731777,287.3823315401344,0.0
2022-10-29,45049059.044,2183006.71,1877044.1268333334,0,0,5,0,6.972053076658719,284.49641388505984,0.0
2022-10-30,43670336.267000005,2319792.481,1819597.3444583334,0,0,7,0,6.595727031537039,281.7270207747648,0.0
2022-10-31,52661641.82,2635561.249,2194235.075833333,0,0,5,0,9.666484469658032,283.2931145424776,0.0
2022-11-01,58276028.399000004,2872557.926,2428167.8499583337,0,0,0,0,11.730635190223657,287.65497354614376,0.0
2022-11-02,60915993.382,2966274.784,2538166.3909166665,0,0,0,0,12.638139748670305,290.5875208845265,0.0
2022-11-03,63488072.617,3080065.883,2645336.3590416666,0,0,0,0,13.699021867209305,294.2405728534532,0.0
2022-11-04,60170907.396,3056954.967,2507121.1415,0,0,0,0,12.41682747684211,294.4109940893556,0.0
2022-11-05,51531411.477,2553169.519,2147142.1448749998,0,0,0,0,9.034778627814669,291.440122857572,0.0
2022-11-06,55440269.284,2613525.299,2310011.220166667,0,0,0,0,10.368898286511026,291.0387601445779,0.0
2022-11-07,62863300.77,3129744.253,2619304.19875,0,0,0,0,13.57630279468723,296.64825769380997,0.0
2022-11-08,61342928.194,3004446.374,2555955.3414166667,0,0,0,0,12.931942385209599,302.25670197039454,0.0
2022-11-09,62279788.979,3150279.94,2594991.2074583336,0,0,0,0,13.183263117371153,304.583302260938,0.0
2022-11-10,67162798.877,3339872.8370000003,2798449.9532083333,0,0,0,1,15.378148060260807,309.62644473751914,0.0
2022-11-11,64661070.084,3153840.0100000002,2694211.2535,0,0,0,0,14.18689108907327,314.06017676813167,0.0
2022-11-12,46957730.359,2304129.228,1956572.0982916665,0,0,4,0,7.579975726705674,311.690208637359,0.0
2022-11-13,45808930.471,2391397.852,1908705.4362916667,0,0,7,0,7.231463824137477,309.8006175025319,0.0
2022-11-14,61432531.986,3136883.872,2559688.83275,0,0,0,0,13.085125132821377,315.83404459766194,0.0
2022-11-15,62606609.522,2952893.96,2608608.7300833333,0,0,0,0,13.379561720727239,321.12219359968265,0.0
2022-11-16,68997551.72,3257163.768,2874897.9883333333,0,0,0,0,16.01720477299848,327.0704344957493,0.0
2022-11-17,68835925.131,3192295.7679999997,2868163.547125,0,0,0,0,15.981644388828682,332.86826242580895,0.0
2022-11-18,67047311.177,3298234.413,2793637.9657083335,0,0,0,2,15.327321041101282,338.52751023402317,0.0
2022-11-19,51828026.941,2537337.8479999998,2159501.1225416665,0,0,0,0,9.09144268256493,336.30564861286035,0.0
2022-11-20,50914993.381,2612249.185,2121458.0575416666,0,0,0,0,8.781305007193318,335.87780880941614,0.0
2022-11-21,60972653.23,2980819.1429999997,2540527.2179166665,0,0,0,0,12.717364609825147,341.7718464203324,0.0
2022-11-22,63132480.846,2986244.456,2630520.03525,0,0,0,0,13.506901065549439,348.49915513856945,0.0
2022-11-23,61498472.12,2915056.596,2562436.3383333334,0,0,0,0,12.855642880731267,349.83840532984993,0.0
2022-11-24,60230529.146,2828107.358,2509605.3810833334,0,0,0,0,12.393713403143142,351.1408645903566,0.0
2022-11-25,58813079.126,2741176.774,2450544.9635833334,0,0,0,0,11.740350704451114,352.6485016292072,0.0
2022-11-26,48414720.482,2367699.018,2017280.0200833334,0,0,0,0,7.964086643861095,350.09000499409836,0.0
2022-11-27,49224349.931,2493128.582,2051014.5804583335,0,0,0,0,8.229930954451014,348.2621477808176,0.0
2022-11-28,66426565.607,3317311.418,2767773.5669583334,0,0,0,5,15.228401337372178,356.5184960415311,0.0
2022-11-29,59184867.241,2865907.522,2466036.1350416667,0,0,0,0,12.022289931003629,361.9450589409977,0.0
2022-11-30,59406238.971,2857899.785,2475259.957125,0,0,0,0,12.084334555997268,364.3629090273369,0.0
2022-12-01,59949448.946,2889191.1890000002,2497893.7060833336,0,0,0,0,12.307743151296485,364.9400169884097,0.0
2022-12-02,61194962.365,3124021.7890000003,2549790.0985416668,0,0,0,0,12.854161920705229,365.15603916044466,0.0
2022-12-03,55384926.772,2558546.482,2307705.282166667,0,0,0,0,10.450633868837969,361.9076511620733,0.0
2022-12-04,53384656.659,2943779.87,2224360.694125,0,0,0,0,9.90007942618386,359.39090311141507,0.0
2022-12-05,64265954.025,3344504.5,2677748.084375,0,0,0,3,14.324174331093491,364.6802988146939,0.0
2022-12-06,60374313.26,2937372.403,2515596.3858333332,0,0,0,0,12.493726967505225,366.80512749568805,0.0
2022-12-07,62356900.333,3024021.486,2598204.1805416667,0,0,0,0,13.270215388675785,366.4990400896766,0.0
2022-12-08,63458832.599,3089698.341,2644118.0249583335,0,0,0,0,13.715245940307396,367.2823436447744,0.0
2022-12-09,60595448.802,2988447.19,2524810.36675,0,0,0,0,12.53896741833278,366.63804794573605,0.0
2022-12-10,53417480.828999996,2603889.55,2225728.367875,0,0,0,0,9.640572182836893,360.9004720683121,0.0
2022-12-11,53618716.918,2679884.526,2234113.2049166667,0,0,0,0,9.722933299640358,356.4365142788792,0.0
2022-12-12,63931146.458,3101672.514,2663797.769083333,0,0,0,0,13.963472398498372,362.82001095067193,0.0
2022-12-13,65521590.667,3116305.807,2730066.277791667,0,0,0,0,14.576602854320464,370.1651499808549,0.0
2022-12-14,63577241.646,3035042.256,2649051.73525,0,0,0,0,13.739496898624168,370.8195217466577,0.0
2022-12-15,64902881.056,3108871.731,2704286.7106666667,0,0,0,0,14.310425087350911,371.7503851132813,0.0
2022-12-16,64725532.968,3162015.674,2696897.207,0,0,0,0,14.203453562763888,369.93663390304675,0.0
2022-12-17,59943726.551,3167210.29,2497655.272958333,0,0,0,0,12.289246356348762,366.24423587056685,0.0
2022-12-18,55982855.723,2729269.965,2332618.988458333,0,0,0,0,10.70819655963101,361.62511138909656,0.0
2022-12-19,65148262.178,3418292.406,2714510.9240833335,0,0,0,1,14.600848035796021,367.1345167423277,0.0
2022-12-20,62261253.759,2905452.791,2594218.9066250003,0,0,0,0,13.088526163301427,371.4417378984358,0.0
2022-12-21,59050125.544,2970543.998,2460421.8976666667,0,0,0,0,12.020376411629472,370.7447497002401,0.0
2022-12-22,55878581.604,2707053.34,2328274.2335,0,0,0,0,10.671953566558404,367.9098022012491,0.0
2022-12-23,52854302.002,2594328.925,2202262.5834166664,0,0,0,0,9.570863898801813,364.6250232193196,0.0
2022-12-24,52558158.886,2666713.76,2189923.2869166667,0,0,0,0,9.393529890257668,361.62483970643416,0.0
2022-12-25,50780214.314,2537978.431,2115842.2630833336,0,0,0,0,8.817043256258904,358.70153225824197,0.0
2022-12-26,55198465.67,2638876.637,2299936.0695833336,0,0,0,0,10.242879796733476,360.9803254111143,0.0
2022-12-27,55760311.931,2620195.7989999996,2323346.3304583333,0,0,0,0,10.43562678561237,363.1860212422757,0.0
2022-12-28,60525954.015,2711691.847,2521914.750625,0,0,0,0,12.265859184056236,360.2234790889597,0.0
2022-12-29,62698486.917,3028486.429,2612436.9548750003,0,0,0,0,13.284001203074084,361.48519036103016,0.0
2022-12-30,62618155.088,2987423.974,2609089.7953333333,0,0,0,0,13.183848408878886,362.5847042139118,0.0
2022-12-31,59175655.153,2699501.059,2465652.2980416664,0,0,0,0,11.729557227661306,362.00651829027663,0.0
2023-01-01,55465486.388,2526894.093,2311061.932833333,0,0,0,0,10.307443150228753,359.45979951980013,0.0
2023-01-02,58943547.350999996,2910235.931,2455981.139625,0,0,0,0,11.940751809752484,360.9499174607147,0.0
2023-01-03,61271500.577,3001925.758,2552979.190708333,0,0,0,0,12.852285762207742,363.9021237967385,0.0
2023-01-04,67932162.209,3196540.453,2830506.7587083336,0,0,0,0,15.546008684988639,365.12395815063365,0.0
2023-01-05,65885149.084,3052872.057,2745214.5451666666,0,0,0,0,14.594921172471928,367.2251523556004,0.0
2023-01-06,66496073.901,3471797.336,2770669.745875,0,0,0,2,15.431519858410716,369.38645682533536,0.0
2023-01-07,55139656.897,2599991.699,2297485.704041667,0,0,0,0,10.195898540195472,365.8671094252234,0.0
2023-01-08,55006298.091,2537419.94,2291929.087125,0,0,0,0,10.137942568420591,363.46608457531124,0.0
2023-01-09,61200142.357,2856815.491,2550005.931541667,0,0,0,0,12.635124142066395,366.46063653454075,0.0
2023-01-10,63756028.192,3274164.2120000003,2656501.174666667,0,0,0,1,14.030546946026176,370.76825018092654,0.0
2023-01-11,71049813.029,3367433.551,2960408.8762083333,0,0,0,4,17.074556563696717,373.8793343461249,0.0
2023-01-12,65904989.148,3063877.619,2746041.2145000002,0,0,0,0,14.514713216347182,373.8174447081516,0.0
2023-01-13,63737186.854,2950084.468,2655716.1189166666,0,0,0,0,13.561303255542722,373.63925106507014,0.0
2023-01-14,60860056.01,3104363.263,2535835.6670833332,0,0,0,0,12.516790446787118,371.8456164245064,0.0
2023-01-15,64666568.796,3173616.958,2694440.3665,0,0,0,0,14.078085800266553,371.72024866200906,0.0
2023-01-16,66820014.218,3569573.357,2784167.2590833334,1,0,0,4,15.556220800099437,374.9872231057597,1.0
2023-01-17,70826218.462,3569188.315,2951092.4359166664,1,0,0,8,17.244432387649884,381.52345893377856,2.0
2023-01-18,66279082.137,3290590.107,2761628.422375,0,0,0,1,14.956099622689061,381.8787105206716,2.0
2023-01-19,64520604.41,3018902.377,2688358.5170833333,0,0,0,0,14.19714416256507,382.98732851993526,2.0
2023-01-20,59977176.637,2974176.634,2499049.0265416666,0,0,0,0,12.30619517907807,383.27314728738384,2.0
2023-01-21,53324658.056,2611598.837,2221860.7523333333,0,0,0,0,9.591395555303645,382.1925892761291,2.0
2023-01-22,53583593.85,2712442.5670000003,2232649.74375,0,0,0,0,9.729856696227884,382.35158207355516,2.0
2023-01-23,62281387.814,3055942.637,2595057.8255833336,0,0,0,0,13.293431449042926,386.2514836323404,2.0
2023-01-24,62002233.813999996,3020305.713,2583426.4089166666,0,0,0,0,13.153066680460732,390.5875070565423,2.0
2023-01-25,62360424.302,3056815.758,2598351.0125833335,0,0,0,0,13.289917478820447,393.63454473862924,2.0
2023-01-26,66020771.065,3322790.061,2750865.4610416666,0,0,0,1,14.994344104616383,398.19326205763326,2.0
2023-01-27,62493758.826,2961528.299,2603906.6177499997,0,0,0,0,13.237477696050275,399.16488056962726,2.0
2023-01-28,53972050.878,2564461.2339999997,2248835.45325,0,0,0,0,9.790135069011065,395.67101443556425,2.0
2023-01-29,64037849.14,3167428.602,2668243.714166667,0,0,0,0,13.821316175700193,396.30848220238556,2.0
2023-01-30,70257575.359,3451065.288,2927398.9732916667,0,0,0,5,16.859511701567108,401.4384366762914,2.0
2023-01-31,71724179.743,3499121.22,2988507.4892916665,0,0,0,4,17.613014158468513,408.74400768453114,2.0
2023-02-01,66887230.066,3303461.769,2786967.9194166665,0,0,0,1,15.289628746920554,412.09288462169917,2.0
2023-02-02,63037959.662,3146414.784,2626581.652583333,0,0,0,0,13.618168367947577,412.85876722743905,2.0
2023-02-03,64308660.342,3245566.305,2679527.51425,0,0,0,0,14.27258929141152,411.58534783386193,2.0
2023-02-04,52305660.672,2516459.332,2179402.528,0,0,0,0,9.21431617884934,406.2047428402393,2.0
2023-02-05,56923717.641,2709809.864,2371821.5683750003,0,0,0,0,11.059994450051185,401.8332174318798,2.0
2023-02-06,60719726.986999996,2881899.837,2529988.624458333,0,0,0,0,12.570548182906792,404.20786707459115,2.0
2023-02-07,59857925.884,2873407.386,2494080.245166667,0,0,0,0,12.22197358384351,406.291898090014,2.0
2023-02-08,63117320.39,3194802.4020000002,2629888.3495833334,0,0,0,0,13.647209770548473,407.3039837184961,2.0
2023-02-09,72133206.463,3660453.108,3005550.269291667,4,0,0,7,17.883248392504395,411.15668516497436,6.0
2023-02-10,67425934.596,3691382.247,2809413.9415,4,0,0,5,16.00537004360953,410.08749864488715,10.0
2023-02-11,58590348.326,2754596.005,2441264.513583333,0,0,0,0,11.751284758444468,407.32407018698444,10.0
2023-02-12,47535742.966,2372857.562,1980655.9569166666,0,0,5,0,7.6888212366866995,401.45158816812847,10.0
2023-02-13,56068007.725,2701562.424,2336166.988541667,0,0,0,0,10.80057189885227,399.7353696201936,10.0
2023-02-14,57718673.857,2809059.5609999998,2404944.744041667,0,0,0,0,11.425412134483947,397.08269595441095,10.0
2023-02-15,59104394.509,2847337.111,2462683.104541667,0,0,0,0,11.915648128064428,393.4421232823759,9.0
2023-02-16,58117953.635,2761401.862,2421581.4014583332,0,0,0,0,11.524907220091421,387.7225981148175,8.0
2023-02-17,67472447.664,3492752.6689999998,2811351.986,0,0,0,2,15.542576050861832,388.3090745429903,8.0
2023-02-18,54745391.453,2610006.74,2281057.9772083336,0,0,0,0,10.205845713240148,384.3177760936653,8.0
2023-02-19,56981780.245,2958370.653,2374240.8435416664,0,0,0,0,11.264282848403294,383.2758637629906,8.0
2023-02-20,68290880.062,3297818.971,2845453.335916667,0,0,0,2,15.908588230579825,389.59305643826673,8.0
2023-02-21,65033915.168,3271578.1720000003,2709746.4653333332,0,0,0,1,14.479582679252676,394.3427824212916,8.0
2023-02-22,59224971.593,2829307.431,2467707.1497083334,0,0,0,0,11.935850606897025,392.98520157914567,8.0
2023-02-23,61781541.964,3297007.849,2574230.9151666667,0,0,0,1,13.148461795836742,392.98059669452164,8.0
2023-02-24,68137611.573,3449110.412,2839067.148875,0,0,0,1,15.887980225222025,395.5786594409232,8.0
2023-02-25,60716321.4,3158179.686,2529846.725,0,0,0,0,12.821318154599195,393.405633490906,8.0
2023-02-26,54644466.803,2676741.0409999997,2276852.7834583335,0,0,0,0,10.317494485439841,390.4856502802956,8.0
2023-02-27,57358125.751,2820369.084,2389921.906291667,0,0,0,0,11.268253847045127,391.96376905832966,8.0
2023-02-28,57450128.368,2790370.5390000003,2393755.3486666665,0,0,0,0,11.257322287322413,389.3997751699519,8.0
2023-03-01,58207115.915,2811394.583,2425296.4964583335,0,0,0,0,11.560163595290092,384.10042706367483,8.0
2023-03-02,57684930.904,2817136.583,2403538.787666667,0,0,0,0,11.328333101389001,377.81574600659536,8.0
2023-03-03,60333859.578,3002236.292,2513910.81575,0,0,0,0,12.502576307693554,375.02869356736835,8.0
2023-03-04,62088566.773,2931740.602,2587023.6155416667,0,0,0,0,12.971012699013988,374.3815378984348,8.0
2023-03-05,58407548.696,2797433.626,2433647.8623333336,0,0,0,0,11.684176896507898,371.79312550353114,8.0
2023-03-06,58570321.682000004,2821942.829,2440430.0700833336,0,0,0,0,11.660032212679985,374.2388415373618,8.0
2023-03-07,65629712.591,3608719.628,2734571.357958333,1,0,0,2,14.959530557246355,378.13837764455695,9.0
2023-03-08,71016413.256,3234195.129,2959017.219,0,0,0,0,16.895157980114178,382.4629874417643,9.0
2023-03-09,68310457.40799999,3198636.674,2846269.0586666665,0,0,0,0,15.643507697761896,385.88452155568274,9.0
2023-03-10,66413646.013,3173710.006,2767235.2505416665,0,0,0,0,14.920116265542658,387.1574280506769,9.0
2023-03-11,56452470.897,2912462.759,2352186.287375,0,0,0,0,10.860561425299052,380.13474108347157,5.0
2023-03-12,57353697.408,2861169.477,2389737.392,0,0,0,0,11.334749417452976,375.464120457315,1.0
2023-03-13,73128871.327,3643881.194,3047036.305291667,2,0,0,9,18.27772397198054,381.9905596708511,3.0
2023-03-14,67641585.966,3457015.2199999997,2818399.41525,0,0,0,3,15.623859552132219,389.92559798629657,3.0
2023-03-15,72019986.887,3532375.863,3000832.786958333,0,0,0,5,17.683623669254082,396.8086497566984,3.0
2023-03-16,70321602.293,3618743.117,2930066.7622083332,2,0,0,6,17.147764121891694,402.53100174410616,5.0
2023-03-17,62363703.659,3166557.421,2598487.6524583334,0,0,0,0,13.30280504870173,403.9181586647435,5.0
2023-03-18,51812465.562,2375336.513,2158852.73175,0,0,0,0,9.137778656422633,401.5310301010747,5.0
2023-03-19,49206251.914,2360893.373,2050260.4964166665,0,0,0,0,8.18218281007974,394.1706368602926,5.0
2023-03-20,59557593.288,2949885.511,2481566.387,0,0,0,0,12.082290767130258,396.0470819141827,5.0
2023-03-21,59624718.554,2853964.605,2484363.2730833334,0,0,0,0,12.09240492079286,396.8752039865723,5.0
2023-03-22,66084002.222,3314641.411,2753500.0925833336,0,0,0,1,15.192778820345563,396.159394576338,5.0
2023-03-23,66516285.79,3295292.169,2771511.9079166665,0,0,0,2,15.188568711056986,396.8683806081423,5.0
2023-03-24,64686023.331,3286713.4899999998,2695250.972125,0,0,0,1,14.40846304502931,399.34099304627455,5.0
2023-03-25,59930585.304,2810948.246,2497107.721,0,0,0,0,12.118811666640958,398.3113429170788,5.0
2023-03-26,51653636.457,2985434.693,2245810.2807391305,0,0,0,0,9.675310326041066,392.09867301789785,5.0
2023-03-27,67898483.359,3491464.567,2829103.4732916667,0,0,0,5,16.181796918659543,395.4591517819582,5.0
2023-03-28,64710610.73,3369837.06,2696275.447083333,0,0,0,3,14.440906309668655,399.582563606187,5.0
2023-03-29,61424725.423,3076090.434,2559363.559291667,0,0,0,0,12.91431223925806,401.22862199839994,5.0
2023-03-30,66683093.585,3425911.082,2778462.2327083335,0,0,0,2,15.296964313403128,405.26826402448063,5.0
2023-03-31,57731611.219,2884471.4159999997,2405483.8007916664,0,0,0,0,11.402135984455056,405.1102364136456,5.0
2023-04-01,60511528.685,3070033.867,2521313.6952083334,0,0,0,0,12.479329658189235,406.26123297044586,5.0
2023-04-02,55378464.833,2645784.667,2307436.034708333,0,0,0,0,10.306314895088114,404.0649715578404,5.0
2023-04-03,57269344.516,2709246.391,2386222.688166667,0,0,0,0,11.129326717949676,402.2232855767761,5.0
2023-04-04,56806826.755,2703957.66,2366951.1147916666,0,0,0,0,10.942331280187036,401.48143996045525,5.0
2023-04-05,55173238.952,2674402.886,2298884.956333333,0,0,0,0,10.326099629083155,400.1475073768584,5.0
2023-04-06,51393028.844,2644305.437,2141376.2018333334,0,0,0,0,9.111105953791272,394.2990827734033,4.0
2023-04-07,49659890.941,2555784.925,2069162.1225416667,0,0,1,0,8.774295018568305,386.17821981185745,4.0
2023-04-08,43879771.732,2031908.497,1828323.8221666666,0,0,7,0,6.54995252918786,377.0846646432834,4.0
2023-04-09,43460732.135,2155208.442,1810863.8389583332,0,0,8,0,6.443821811564263,368.608370189305,4.0
2023-04-10,55320696.045,2965392.055,2305029.001875,0,0,5,0,10.834036374632376,368.5818451386383,4.0
2023-04-11,60483157.559,3126029.907,2520131.5649583335,0,0,0,0,12.650100128116327,369.89719584930174,4.0
2023-04-12,59633083.557000004,3261448.34,2484711.814875,0,0,2,0,12.66897383781421,364.28844571513537,2.0
2023-04-13,64526032.834,3322657.77,2688584.7014166666,0,0,0,1,14.522907289781632,363.1874934527848,2.0
2023-04-14,51154973.042,2593977.778,2131457.2100833333,0,0,3,0,9.101423809680913,354.6052935932116,2.0
2023-04-15,46597719.527,2211329.621,1941571.6469583334,0,0,4,0,7.380673706570908,344.8382031778908,0.0
2023-04-16,44604779.544,2135947.263,1858532.481,0,0,6,0,6.741675828277616,338.2770739574667,0.0
2023-04-17,53658469.892,2837997.465,2235769.578833333,0,0,0,0,10.006885520060184,339.1461808211042,0.0
2023-04-18,57313848.458,3092487.544,2388077.019083333,0,0,0,0,11.42017862249193,342.38417663351646,0.0
2023-04-19,58583204.494,2978314.428,2440966.853916667,0,0,0,0,11.836986341907753,342.13887220829395,0.0
2023-04-20,57208757.662,2698339.889,2383698.2359166667,0,0,0,0,11.153868449006056,341.2003357365071,0.0
2023-04-21,53614885.658,2678277.288,2233953.5690833335,0,0,0,0,9.959631828628064,335.9671887447896,0.0
2023-04-22,46013622.878,2259398.956,1917234.2865833333,0,0,4,0,7.3468549706855075,328.12547500441815,0.0
2023-04-23,43509774.747,2162681.491,1812907.281125,0,0,9,0,6.551413433635293,320.2684253930242,0.0
2023-04-24,55288746.484,2867707.375,2303697.7701666667,0,0,5,0,10.777032522962829,318.92664624934605,0.0
2023-04-25,60640915.91,3088204.591,2526704.8295833333,0,0,0,0,12.695573463982482,321.9469093872874,0.0
2023-04-26,64271429.58,3371799.872,2677976.2325,0,0,0,2,14.261779789240395,320.02689225786827,0.0
2023-04-27,58027434.593,3159064.09,2417809.7747083334,0,0,0,0,11.645183220419083,317.2311691686187,0.0
2023-04-28,53781966.798,2840393.567,2240915.28325,0,0,0,0,9.91868048232818,314.2355374116889,0.0
2023-04-29,49978273.033,2567716.431,2082428.0430416667,0,0,2,0,8.661666828024735,307.60023992631045,0.0
2023-04-30,48196661.885,2633592.34,2008194.2452083332,0,0,7,0,8.143939002147114,304.3420429440025,0.0
2023-05-01,50077248.975,2764964.735,2086552.0406250001,0,0,5,0,8.86381585890164,300.7265291447149,0.0
2023-05-02,59586081.936,3118473.628,2482753.414,0,0,0,0,12.500280943777005,302.92049519340384,0.0
2023-05-03,54096864.679,2607090.077,2254036.0282916664,0,0,0,0,10.02872912583527,301.81989760128937,0.0
2023-05-04,55673936.576,2718161.2139999997,2319747.357333333,0,0,0,0,10.639509005927739,301.51707532703006,0.0
2023-05-05,56989131.926,2717721.414,2374547.163583333,0,0,0,0,11.11429217125646,302.30526786920336,0.0
2023-05-06,50565276.818,2319157.8959999997,2106886.5340833333,0,0,0,0,8.611766054140347,301.8059279695525,0.0
2023-05-07,50023807.693,2436660.75,2084325.3205416668,0,0,0,0,8.634570655431986,301.66620360641616,0.0
2023-05-08,57055017.532,2830922.942,2377292.3971666666,0,0,0,0,11.313229151072855,306.42948022830114,0.0
2023-05-09,56779909.341,2781890.867,2365829.555875,0,0,0,0,11.009493180032036,310.99515159676895,0.0
2023-05-10,53983940.366,2508216.369,2249330.848583333,0,0,0,0,9.911713417782874,310.07282863991946,0.0
2023-05-11,53196726.275,2595440.07,2216530.261458333,0,0,0,0,9.719809934231778,307.14253844603485,0.0
2023-05-12,53815947.886,2791812.413,2242331.1619166667,0,0,0,0,10.09022660847912,304.56379121669977,0.0
2023-05-13,43856394.276,2158666.802,1827349.7615,0,0,6,0,6.70931413838915,296.7501980653073,0.0
2023-05-14,42648374.284,2080707.696,1777015.5951666667,0,0,8,0,6.250683450533535,293.8994577061599,0.0
2023-05-15,51894466.909,2558648.07,2162269.454541667,0,0,5,0,9.296218377832066,295.8150023774211,0.0
2023-05-16,57797884.432,2738411.723,2408245.1846666667,0,0,0,0,11.27273281377302,300.3460593629165,0.0
2023-05-17,58873847.173,2909028.656,2453076.965541667,0,0,0,0,11.785388959950252,302.12456280280657,0.0
2023-05-18,47188638.165,2321613.9560000002,1966193.256875,0,0,3,0,7.612733838317931,298.3171180186325,0.0
2023-05-19,46737564.994,2318155.343,1947398.5414166667,0,0,6,0,7.489240240003945,293.96937191672873,0.0
2023-05-20,46544423.288,2402287.666,1939350.9703333334,0,0,7,0,7.585312240001972,290.4008157077247,0.0
2023-05-21,47530676.953999996,2316620.8479999998,1980444.8730833333,0,0,8,0,7.790147115604232,288.23133099470084,0.0
2023-05-22,56937698.554,2849760.734,2372404.1064166664,0,0,0,0,11.13142709690249,292.0159031209178,0.0
2023-05-23,55103149.412,2666640.862,2295964.558833333,0,0,0,0,10.422891923084252,295.88738161036673,0.0
2023-05-24,53724700.428,2594850.293,2238529.1845,0,0,0,0,9.843711489786344,294.95406057719026,0.0
2023-05-25,54613598.689,2768120.188,2275566.6120416666,0,0,0,0,10.28319544411601,292.54168255732384,0.0
2023-05-26,53696323.627000004,2848324.421,2237346.817791667,0,0,0,0,10.014339087458145,288.2942418555416,0.0
2023-05-27,46042238.541,2335784.648,1918426.6058750001,0,0,5,0,7.26956555961314,283.9186241947356,0.0
2023-05-28,46814204.313,2451817.9,1950591.846375,0,0,8,0,7.715674553244603,281.71561826565204,0.0
2023-05-29,47621803.801,2545698.746,1984241.8250416666,0,0,8,0,7.979802591563735,281.0337540291911,0.0
2023-05-30,52271121.346,2544488.87,2177963.3894166667,0,0,4,0,9.420200024574918,282.31001505161885,0.0
2023-05-31,54855340.975,2776538.704,2285639.207291667,0,0,0,0,10.36736609689823,283.81356528961544,0.0
2023-06-01,58665230.109000005,2856518.844,2444384.587875,0,0,0,0,11.88133273986909,283.19461708570753,0.0
2023-06-02,51102911.158,2504528.354,2129287.9649166665,0,0,0,0,8.920478004978145,282.0863659648504,0.0
2023-06-03,45606542.203,2326340.601,1900272.5917916668,0,0,5,0,7.1465839700364615,278.5934409289592,0.0
2023-06-04,45659592.182,2388354.471,1902483.0075833332,0,0,8,0,7.244506006592419,274.72365476429513,0.0
2023-06-05,45713190.651,2142987.317,1904716.277125,0,0,5,0,7.095303423770977,273.2071921339257,0.0
2023-06-06,53146668.535000004,2564318.358,2214444.522291667,0,0,2,0,9.683181640028803,274.2558031185225,0.0
2023-06-07,54660256.799,2617523.6440000003,2277510.6999583333,0,0,0,0,10.189342291849142,273.13191625929886,0.0
2023-06-08,54930837.104,2681223.559,2288784.8793333336,0,0,0,0,10.283016897514123,272.4054399767809,0.0
2023-06-09,52261266.159,2592660.128,2177552.756625,0,0,0,0,9.321109713196984,271.814836272195,0.0
2023-06-10,46182546.953999996,2368353.741,1924272.7897499998,0,0,5,0,7.335271928422821,269.43029826638605,0.0
2023-06-11,47393993.451,2572078.812,1974749.727125,0,0,8,0,7.836030760159663,267.17610241806665,0.0
2023-06-12,53605820.915,2676051.395,2233575.8714583335,0,0,0,0,9.891161776226763,270.3579500559042,0.0
2023-06-13,55769226.446,2709261.273,2323717.7685833336,0,0,0,0,10.643064982379363,274.75033158775005,0.0
2023-06-14,55044140.081,2678780.498,2293505.8367083333,0,0,0,0,10.355974828865643,275.8100880387836,0.0
2023-06-15,55684605.421000004,2691367.032,2320191.892541667,0,0,0,0,10.536636070132028,275.0739912951426,0.0
2023-06-16,52674306.378,2607495.46,2194762.76575,0,0,0,0,9.44484619792644,272.7334485331188,0.0
2023-06-17,45775465.907,2162174.57,1907311.0794583333,0,0,5,0,7.1103543718782,272.2310690666791,0.0
2023-06-18,45383443.864,2181354.843,1890976.8276666666,0,0,7,0,7.040122589199835,271.78195141587497,0.0
2023-06-19,54429615.773,2708848.5640000002,2267900.6572083333,0,0,0,0,10.188423318333287,274.3850624942063,0.0
2023-06-20,54483887.929,2625014.499,2270161.9970416664,0,0,0,0,10.132210769968184,276.7271261485703,0.0
2023-06-21,54807649.529,2699603.9189999998,2283652.0637083333,0,0,0,0,10.273441965949075,275.86914101761687,0.0
2023-06-22,53585649.205,2597400.903,2232735.3835416664,0,0,0,0,9.795294179175817,275.24154327370843,0.0
2023-06-23,50786931.937,2513880.119,2116122.164041667,0,0,0,0,8.800099026571983,274.19793081049403,0.0
2023-06-24,44735758.506,2285015.985,1863989.9377499998,0,0,7,0,6.8800045508974454,270.7947399172755,0.0
2023-06-25,45119130.148,2262478.215,1879963.7561666667,0,0,8,0,7.008461044002098,267.7888618738194,0.0
2023-06-26,52946786.905,2689264.476,2206116.1210416667,0,0,3,0,9.732840797667304,270.2521371118736,0.0
2023-06-27,52207640.416,2534551.172,2175318.350666667,0,0,1,0,9.39099990359812,271.9274624622271,0.0
2023-06-28,51568749.125,2494345.3850000002,2148697.8802083335,0,0,1,0,9.111726402341036,273.0593862730044,0.0
2023-06-29,52623207.661,2558032.524,2192633.6525416668,0,0,0,0,9.50017319516797,273.13935944359747,0.0
2023-06-30,48443580.674,2414339.652,2018482.5280833335,0,0,1,0,8.036211583918327,270.80820493061753,0.0
2023-07-01,43066708.467,2092844.3099999998,1794446.186125,0,0,11,0,6.36060998699576,265.2874821777442,0.0
2023-07-02,46621639.803,2732595.233,1942568.3251250002,0,0,9,0,7.89344447577542,264.2604486485415,0.0
2023-07-03,50000868.332,2632753.221,2083369.5138333335,0,0,6,0,8.725635706912444,265.83950038541747,0.0
2023-07-04,51171283.192999996,2719752.336,2132136.7997083333,0,0,5,0,9.145612410541375,267.7406067893664,0.0
2023-07-05,52172533.49,2854251.202,2173855.5620833333,0,0,6,0,9.569203781019663,270.2145071466151,0.0
2023-07-06,49919013.026,2441952.618,2079958.8760833333,0,0,4,0,8.53928532137724,269.07061082796355,0.0
2023-07-07,46824620.917,2355535.992,1951025.8715416668,0,0,7,0,7.538965818823227,266.42023435493763,0.0
2023-07-08,40703946.72,1976021.967,1695997.78,0,0,11,0,5.668178025334485,261.805395482758,0.0
2023-07-09,40281560.764,1919324.59,1678398.3651666667,0,0,10,0,5.566714727975512,258.0510004975365,0.0
2023-07-10,49735054.659,2561269.105,2072293.9441250002,0,0,6,0,8.630379230589655,259.34610779970336,0.0
2023-07-11,49579476.131,2563447.1210000003,2065811.5054583333,0,0,6,0,8.537631148936129,260.0477081884798,0.0
2023-07-12,49869967.262,2564608.201,2077915.3025833333,0,0,6,0,8.633206308554191,258.78975272080726,0.0
2023-07-13,48656240.304,2425461.423,2027343.346,0,0,6,0,8.189491557563034,256.3361792959909,0.0
2023-07-14,44833780.806,2241090.7939999998,1868074.20025,0,0,8,0,6.91305518546445,252.89325965258973,0.0
2023-07-15,41754912.429,2102354.913,1739788.017875,0,0,11,0,5.995350504795808,248.3519740872535,0.0
2023-07-16,45282203.116,2398502.775,1886758.4631666664,0,0,9,0,7.135703246537264,246.04283113586433,0.0
2023-07-17,44968861.705,2372760.538,1873702.5710416667,0,0,8,0,7.100576104556738,246.03305286854288,0.0
2023-07-18,44133811.063,2223619.7060000002,1838908.7942916667,0,0,9,0,6.736021369342665,245.7289516486857,0.0
2023-07-19,43483659.68,2083414.3900000001,1811819.1533333333,0,0,8,0,6.513912467650693,242.0544407980031,0.0
2023-07-20,44807405.545,2224734.946,1866975.2310416668,0,0,8,0,6.970162933253343,238.8923929612883,0.0
2023-07-21,42411062.964999996,2077725.545,1767127.6235416664,0,0,10,0,6.189055459145859,234.80800645448505,0.0
2023-07-22,39453365.745,1927121.208,1643890.239375,0,0,14,0,5.3507965490680585,230.3635088243773,0.0
2023-07-23,43247337.096,2241713.036,1801972.379,0,0,10,0,6.5682157508246455,228.13162554862998,0.0
2023-07-24,43981567.311,2106833.835,1832565.3046249999,0,0,8,0,6.646025560366122,227.89764655809861,0.0
2023-07-25,44403001.293,2168647.495,1850125.053875,0,0,8,0,6.813992069390295,227.70317758348685,0.0
2023-07-26,45113805.937,2297544.455,1879741.9140416665,0,0,8,0,7.076738354890287,225.04707514070984,0.0
2023-07-27,43842279.905,2110550.434,1826761.6627083335,0,0,8,0,6.624479821839906,222.2805550589516,0.0
2023-07-28,42831357.904,2051874.813,1784639.9126666666,0,0,8,0,6.296711194925487,219.46553985153605,0.0
2023-07-29,40646022.116,2099823.565,1693584.2548333332,0,0,12,0,5.7334755623793985,215.6988422187475,0.0
2023-07-30,43001086.003,2250954.265,1791711.9167916665,0,0,10,0,6.497452800999484,214.16008343582862,0.0
2023-07-31,46439378.266,2261537.442,1934974.0944166668,0,0,7,0,7.404697589163655,215.20417103799656,0.0
2023-08-01,48237191.444,2359235.7569999998,2009882.9768333333,0,0,6,0,8.008228739760701,215.31895530198182,0.0
2023-08-02,47904994.276,2359774.853,1996041.4281666668,0,0,6,0,7.89617864665129,214.48949824172067,0.0
2023-08-03,49898512.462,2465110.127,2079104.6859166666,0,0,1,0,8.524696946622289,213.86858277780158,0.0
2023-08-04,47532415.45,2392294.333,1980517.3104166668,0,0,7,0,7.8034576699819285,212.10283666676384,0.0
2023-08-05,40230767.555,1890276.378,1676281.9814583333,0,0,10,0,5.5346179265506255,209.09816927193722,0.0
2023-08-06,42532454.034,2175493.802,1772185.5847500002,0,0,9,0,6.291612186501081,207.8508156396151,0.0
2023-08-07,58971889.09,3092370.955,2457162.0454166667,0,0,2,0,12.198807239421248,214.38144485370185,0.0
2023-08-08,57984299.533,2990129.843,2416012.4805416665,0,0,0,0,11.611633774300254,220.42636390002656,0.0
2023-08-09,56136480.528,2916062.72,2339020.022,0,0,0,0,10.889634311093314,222.68561898053022,0.0
2023-08-10,53826106.098,2685520.167,2242754.42075,0,0,0,0,9.992330063122083,224.1403178947162,0.0
2023-08-11,49939130.289,2528487.735,2080797.0953749998,0,0,4,0,8.651622791765517,224.15873437792752,0.0
2023-08-12,43862156.544,2250249.932,1827589.856,0,0,9,0,6.646630575453019,222.61587339581752,0.0
2023-08-13,44214609.531,2390618.369,1842275.3971250001,0,0,9,0,6.871464806334655,222.5742830166877,0.0
2023-08-14,51660416.299,2553872.44,2152517.345791667,0,0,4,0,9.225282692836766,225.80421520472868,0.0
2023-08-15,53111008.542,2619249.554,2212958.6892500003,0,0,1,0,9.704047751902817,228.3725597100942,0.0
2023-08-16,53225927.282000005,2551423.864,2217746.9700833336,0,0,2,0,9.74049640795489,231.01248001349236,0.0
2023-08-17,53066205.853999995,2615437.042,2211091.910583333,0,0,0,0,9.684528120590084,233.9609867647398,0.0
2023-08-18,50988725.434,2561868.0519999997,2124530.2264166665,0,0,0,0,8.937204689868823,236.38427898695792,0.0
2023-08-19,46909858.094,2378261.567,1954577.4205833331,0,0,3,0,7.544179168912059,236.9582952226166,0.0
2023-08-20,44497904.654,2330015.782,1854079.3605833333,0,0,8,0,6.892738029516055,237.66197779298685,0.0
2023-08-21,51885579.342,2562041.188,2161899.13925,0,0,5,0,9.310019151663255,241.62120039558204,0.0
2023-08-22,53280857.518,2596689.298,2220035.7299166666,0,0,0,0,9.768995014343263,244.82197965910063,0.0
2023-08-23,53148747.763,2588146.951,2214531.1567916665,0,0,0,0,9.707825942469524,247.88378004120406,0.0
2023-08-24,53230210.654,2594549.88,2217925.443916667,0,0,0,0,9.743728241317898,250.81351621313166,0.0
2023-08-25,51261669.995,2560096.505,2135902.9164583334,0,0,0,0,9.022127802249763,252.7589056604911,0.0
2023-08-26,44390728.491,2218147.904,1849613.687125,0,0,8,0,6.7558957032358995,252.89032154188715,0.0
2023-08-27,43461256.579,2210030.037,1810885.6907916667,0,0,8,0,6.492691836805342,253.08630218376697,0.0
2023-08-28,53907781.252,2671096.279,2246157.5521666664,0,0,4,0,10.044506508036084,257.39733312942366,0.0
2023-08-29,53318364.907,2600193.989,2221598.5377916666,0,0,0,0,9.771230999733737,260.6711113281579,0.0
2023-08-30,54118853.662,2658450.562,2254952.2359166667,0,0,0,0,10.101548031883281,263.3679617708775,0.0
2023-08-31,54401001.230000004,2691697.927,2266708.3845833335,0,0,0,0,10.165504692405513,265.52523772352237,0.0
2023-09-01,51312361.599,2531576.814,2138015.066625,0,0,0,0,8.993378436332643,266.6224375132037,0.0
2023-09-02,44454111.284,2072761.024,1852254.6368333334,0,0,7,0,6.777723734741154,264.87546430132255,0.0
2023-09-03,45672066.278,2481121.899,1903002.7615833331,0,0,8,0,7.291791139016905,264.36379777035756,0.0
2023-09-04,52692148.914,2650242.229,2195506.20475,0,0,5,0,9.655958475738757,268.4851383195456,0.0
2023-09-05,52890566.476,2569269.9220000003,2203773.603166667,0,0,2,0,9.615267549385994,271.80879368243063,0.0
2023-09-06,53767972.953,2588014.617,2240332.206375,0,0,0,0,9.9205645399791,269.5305509829884,0.0
2023-09-07,54015504.171,2602129.412,2250646.007125,0,0,0,0,9.990153555170483,267.90907076385867,0.0
2023-09-08,52142398.059,2636906.957,2172599.919125,0,0,0,0,9.356094941867433,266.3755313946328,0.0
2023-09-09,45349433.467,2308277.6520000002,1889559.7277916668,0,0,7,0,7.075095931674081,263.4582972631848,0.0
2023-09-10,45298075.231,2394199.704,1887419.8012916667,0,0,8,0,7.15363087698027,261.9603053483996,0.0
2023-09-11,53140632.062,2631778.157,2214193.0025833333,0,0,5,0,9.768285436281857,265.0819602092284,0.0
2023-09-12,53566138.707,2616336.771,2231922.4461250002,0,0,0,0,9.864857115697943,268.07535251859167,0.0
2023-09-13,53822208.93,2597163.504,2242592.03875,0,0,0,0,9.923174624885702,268.77324445064056,0.0
2023-09-14,53542325.451,2600997.587,2230930.2271249997,0,0,0,0,9.839727518932621,268.9089242176704,0.0
2023-09-15,51900941.815,2628422.087,2162539.2422916666,0,0,0,0,9.326144086967151,268.49457189668266,0.0
2023-09-16,45241754.796000004,2269550.546,1885073.1165000002,0,0,8,0,7.055333611354187,265.86537738744676,0.0
2023-09-17,44919955.538,2435756.8,1871664.8140833334,0,0,8,0,7.046955793925021,263.97512849150297,0.0
2023-09-18,57020348.733,2822332.349,2375847.8638750003,0,0,0,0,11.157716027122763,267.58866534971366,0.0
2023-09-19,57989499.334,2813724.7199999997,2416229.1389166666,0,0,0,0,11.473812755528993,272.1697400757266,0.0
2023-09-20,59784176.825,2900997.822,2491007.3677083333,0,0,0,0,12.148997406222628,275.008718330286,0.0
2023-09-21,57561564.596,2882350.582,2398398.524833333,0,0,0,0,11.376075146050459,276.61579846199317,0.0
2023-09-22,53114648.254999995,2637238.908,2213110.343958333,0,0,1,0,9.772088485686684,276.68006100521035,0.0
2023-09-23,45981602.156,2430199.534,1915900.0898333334,0,0,8,0,7.324673374969706,274.2610061388621,0.0
2023-09-24,47842555.076,2596725.168,1993439.7948333332,0,0,8,0,8.077225710521038,273.3161040471334,0.0
2023-09-25,59605822.903,3014391.988,2483575.9542916664,0,0,0,0,12.214783748926353,278.7749920928239,0.0
2023-09-26,53394189.659,2630031.8279999997,2224757.9024583334,0,0,0,0,9.80254899647333,282.08484925249184,0.0
2023-09-27,54657836.307,2595910.082,2277409.8461249997,0,0,1,0,10.23117216294443,282.2715149074002,0.0
2023-09-28,59642372.72,2909303.0100000002,2485098.8633333333,0,0,0,0,12.150116559783873,284.65040046745037,0.0
2023-09-29,54454276.166999996,2689296.986,2268928.173625,0,0,0,0,10.172877437303164,284.72172987287024,0.0
2023-09-30,53766234.729,2688934.8680000002,2240259.780375,0,0,0,0,9.853258254673392,284.40948343513816,0.0
2023-10-01,47523963.253,2572485.886,1980165.1355416665,0,0,6,0,7.911616533300888,283.32772153210635,0.0
2023-10-02,54300422.829,2750972.105,2262517.617875,0,0,4,0,10.206313666752694,286.75631146411786,0.0
2023-10-03,62747790.935,3165194.684,2614491.2889583334,0,0,0,0,13.557305610548529,293.02182593564953,0.0
2023-10-04,63561888.992,3013284.911,2648412.041333333,0,0,0,0,13.62945685561775,296.99532431552853,0.0
2023-10-05,61812956.318,3089224.81,2575539.8465833333,0,0,0,0,12.979933167886717,300.3599899340293,0.0
2023-10-06,61820657.232999995,3211169.577,2575860.7180416663,0,0,0,0,13.181284548170384,303.6207099422205,0.0
2023-10-07,51343037.725999996,2510877.576,2139293.2385833333,0,0,0,0,8.959881880378843,302.59043826742885,0.0
2023-10-08,48960411.375,2352596.234,2040017.140625,0,0,3,0,8.165095621683268,301.39943894724473,0.0
2023-10-09,57628407.758,2776691.13,2401183.6565833334,0,0,0,0,11.354061602041417,305.6784046176121,0.0
2023-10-10,59208658.232,2784499.281,2467027.4263333334,0,0,0,0,11.883281422678701,310.4080551633105,0.0
2023-10-11,70034066.68,3422436.483,2918086.111666667,0,0,0,4,16.457273396784768,317.09704312381336,0.0
2023-10-12,64082473.698,3086634.9899999998,2670103.07075,0,0,0,0,13.878808501161801,321.11099450927725,0.0
2023-10-13,61651617.442,3112339.43,2568817.393416667,0,0,0,0,13.038048003636842,324.2258678880284,0.0
2023-10-14,64076962.119,2994537.96,2669873.421625,0,0,0,0,13.671029303768961,328.05716967286475,0.0
2023-10-15,61691412.338,2934362.541,2570475.5140833333,0,0,0,0,12.796518460778627,331.5275440466762,0.0
2023-10-16,59284574.488,2852193.037,2470190.6036666664,0,0,0,0,11.887075962111002,336.35928639743304,0.0
2023-10-17,57798643.78,2834060.614,2408276.8241666667,0,0,0,0,11.422718437237423,340.7350490407454,0.0
2023-10-18,59139271.059,2729558.912,2464136.294125,0,0,0,0,11.775720115710863,341.35305312933355,0.0
2023-10-19,70750930.746,3194482.9930000002,2947955.4477500003,0,0,0,0,16.705310406753224,346.5845507805578,0.0
2023-10-20,73698230.948,3417987.245,3070759.6228333334,0,0,0,7,18.1605937516309,352.596147125966,0.0
2023-10-21,64481835.272,3103484.6720000003,2686743.1363333333,0,0,0,0,13.98148907123497,355.2015610511506,0.0
2023-10-22,57116294.263,2674115.65,2379845.5942916665,0,0,0,0,10.98889037903179,356.41836294449564,0.0
2023-10-23,58817651.100999996,2779881.986,2450735.4625416663,0,0,0,0,11.76887919971428,360.8625687692402,0.0
2023-10-24,65787261.094,3203479.1229999997,2741135.8789166664,0,0,0,0,14.779687326158697,367.56503038487784,0.0
2023-10-25,66307049.634,3051253.311,2762793.7347500003,0,0,0,0,14.699821236403107,370.05006787235465,0.0
2023-10-26,65806130.986,3067402.353,2741922.1244166666,0,0,0,0,14.560247095420515,374.80776597130176,0.0
2023-10-27,60262843.258,2886567.393,2510951.802416667,0,0,0,0,12.354595747615694,376.9311895559731,0.0
2023-10-28,57468394.757,2645173.427,2394516.4482083335,0,0,0,0,11.085694065052298,375.8667670612415,0.0
2023-10-29,66685323.756,3246164.498,2778555.1565,0,0,0,0,15.006966647320887,380.7008562712592,0.0
2023-10-30,62163904.017,2890945.988,2590162.6673749997,0,0,0,0,13.02158852914776,383.86918654573356,0.0
2023-10-31,63251607.102,3172831.869,2635483.6292499998,0,0,0,0,13.687799648037899,389.64536966047064,0.0
2023-11-01,68924635.76,3347920.93,2871859.8233333337,0,0,0,4,16.082394963249996,395.52145095696795,0.0
2023-11-02,71367151.015,3155079.93,2973631.292291667,0,0,0,0,16.977966604293155,398.94211195071256,0.0
2023-11-03,65430430.282,3163056.166,2726267.9284166666,0,0,0,0,14.5258785415727,399.8385336366675,0.0
2023-11-04,61548487.536,2835849.17,2564520.314,0,0,0,0,12.714468270383195,399.57306873916394,0.0
2023-11-05,61818888.859,2806373.969,2575787.0357916667,0,0,0,0,12.814299574097623,399.2060837650912,0.0
2023-11-06,63864534.497999996,3029708.71,2661022.2707499997,0,0,0,0,13.840404910222608,404.086606794935,0.0
2023-11-07,61045795.426,2938263.437,2543574.8094166666,0,0,0,0,12.630103084802379,408.5516142580541,0.0
2023-11-08,62544516.755,2995886.946,2606021.5314583336,0,0,0,0,13.322596103020718,410.52014875903336,0.0
2023-11-09,62310697.727,2951764.04,2596279.0719583333,0,0,0,0,13.208399747619644,411.8452670839743,0.0
2023-11-10,61970280.261,3008158.481,2582095.010875,0,0,0,0,13.070040527390082,408.45803421457964,0.0
2023-11-11,53236430.035000004,2586475.122,2218184.584791667,0,0,0,0,9.615756625928904,404.1949823393468,0.0
2023-11-12,52736638.471,2657638.804,2197359.9362916667,0,0,0,0,9.440299247054954,400.5972335827649,0.0
2023-11-13,62636932.008,3101913.186,2609872.167,0,0,0,0,13.371656149330223,400.2978604283261,0.0
2023-11-14,67994066.099,3207421.862,2833086.0874583335,0,0,0,0,15.578916054788872,403.08025802233635,0.0
2023-11-15,63982653.423,3066792.495,2665943.892625,0,0,0,0,13.853621441908704,405.0468035021341,0.0
2023-11-16,67397309.98,3229988.772,2808221.249166667,0,0,0,0,15.39339939505041,409.017484459947,0.0
2023-11-17,69254879.242,3339920.9930000002,2885619.9684166666,0,0,0,4,16.218807178085747,413.46057152232197,0.0
2023-11-18,62834907.359,2994190.59,2618121.139958333,0,0,0,0,13.21934719863886,409.97460831420756,0.0
2023-11-19,69631241.919,3296773.806,2901301.746625,0,0,0,1,16.304353498548792,408.11836806112547,0.0
2023-11-20,64878906.684,3155535.826,2703287.7785,0,0,0,0,14.333447105369595,408.4703260952601,0.0
2023-11-21,64365147.269,3127977.087,2681881.1362083335,0,0,0,0,14.067427412305904,411.5488631285342,0.0
2023-11-22,72593925.555,3582504.386,3024746.8981250003,2,0,0,9,17.902170417124992,417.6821543459449,2.0
2023-11-23,77965360.185,3473713.4009999996,3248556.674375,0,0,0,11,20.14405866505158,423.04652568483783,2.0
2023-11-24,74603644.589,3463625.935,3108485.1912083332,0,0,0,6,18.62338138772227,426.97008583615695,2.0
2023-11-25,59407874.311,2746324.497,2475328.0962916664,0,0,0,0,11.808449931509802,424.2182886722463,2.0
2023-11-26,57392484.237,2868145.673,2391353.509875,0,0,0,0,11.10405331340982,422.9677462380404,2.0
2023-11-27,67714947.501,3316187.141,2821456.145875,0,0,0,1,15.55951174971436,427.4415639227024,2.0
2023-11-28,73606924.029,3393925.789,3066955.167875,0,0,0,2,18.085001114594913,430.51959838997647,2.0
2023-11-29,75117515.399,3619050.569,3129896.4749583337,1,0,0,9,18.990728961395305,436.48873882222404,3.0
2023-11-30,72909193.53400001,3321178.41,3037883.063916667,0,0,0,5,17.76809754341842,440.56903671760455,3.0
2023-12-01,68985144.418,3289970.989,2874381.0174166667,0,0,0,2,16.05925906669981,440.5459008210543,3.0
2023-12-02,62744433.552999996,2965401.426,2614351.3980416665,0,0,0,0,13.143179247754961,436.71111346451613,3.0
2023-12-03,61829695.953999996,2947157.011,2576237.3314166665,0,0,0,0,12.748242546366933,434.9334774693104,3.0
2023-12-04,69543160.324,3343709.434,2897631.680166667,0,0,0,2,16.379016718467494,438.5980259173947,3.0
2023-12-05,69962474.854,3303152.128,2915103.1189166666,0,0,0,1,16.490703771446896,442.27443011474395,3.0
2023-12-06,69895458.118,3289763.375,2912310.7549166665,0,0,0,3,16.48227081931448,444.9162960238358,3.0
2023-12-07,69283796.185,3262617.997,2886824.841041667,0,0,0,0,16.173374998817295,448.45956793785075,3.0
2023-12-08,67531465.555,3243840.959,2813811.064791667,0,0,0,0,15.399877969876995,450.536849804707,3.0
2023-12-09,63546097.72,3033394.448,2647754.071666667,0,0,0,0,13.54152930295715,450.8699793600445,3.0
2023-12-10,69887856.272,3306356.312,2911994.0113333333,0,0,0,2,16.52114577163169,454.32108460428617,3.0
2023-12-11,68370225.38599999,3192184.617,2848759.391083333,0,0,0,0,15.74700707006068,460.45233504841786,3.0
2023-12-12,68014601.306,3220840.362,2833941.7210833333,0,0,0,0,15.606746164942322,466.6187819663053,3.0
2023-12-13,72504361.619,3436646.1119999997,3021015.0674583334,0,0,0,8,17.662233503057006,470.9093593200321,3.0
2023-12-14,71427022.275,3326929.623,2976125.928125,0,0,0,2,17.15009296010699,472.4805362253502,3.0
2023-12-15,65604530.713,3090096.217,2733522.113041667,0,0,0,0,14.467264826536084,473.0941796099776,3.0
2023-12-16,67826654.016,3353113.411,2826110.5840000003,0,0,0,2,15.57067555889265,473.2714557738198,3.0
2023-12-17,66131987.09,3132810.9,2755499.4620833336,0,0,0,0,14.742300276341304,471.79494887207534,3.0
2023-12-18,72321817.455,3220735.5949999997,3013409.060625,0,0,0,0,17.466704157938153,476.0423058313746,3.0
2023-12-19,71013047.98900001,3146852.941,2958876.999541667,0,0,0,0,16.825478503867668,476.5634308366935,3.0
2023-12-20,72720299.418,3383604.612,3030012.4757499998,0,0,0,2,17.67525300936585,479.90523674068976,3.0
2023-12-21,78972523.259,3761250.986,3290521.8024583333,2,0,0,15,20.928366685583836,486.7661760139677,5.0
2023-12-22,79398029.62,3606502.064,3308251.234166667,2,0,0,14,20.971128986062823,489.83513458290554,5.0
2023-12-23,72196821.892,3349754.5930000003,3008200.9121666667,0,0,0,1,17.33822838316726,487.0293043010212,5.0
2023-12-24,74083341.059,3605652.034,3086805.8774583335,5,0,0,8,18.552073218969728,486.9579961322687,10.0
2023-12-25,72041332.353,3358747.528,3001722.181375,0,0,0,3,17.32826975323783,492.4778159539967,10.0
2023-12-26,66647293.589,3194068.314,2776970.5662083332,0,0,0,0,14.894472525088217,496.2682351656751,10.0
2023-12-27,64942911.064,3373645.405,2705954.6276666666,0,0,0,1,14.252900723213388,494.96162413917415,10.0
2023-12-28,78933146.785,3479220.44,3288881.1160416664,0,0,0,13,20.650819359400643,497.52744238397986,10.0
2023-12-29,75231747.744,3408604.746,3134656.156,0,0,0,7,18.825648102230755,497.3623615248153,9.0
2023-12-30,62686565.637,2828258.986,2611940.234875,0,0,0,0,13.131182150627662,492.72544613202456,9.0
2023-12-31,69525312.932,3350910.228,2896888.038833333,0,0,0,3,16.272265672316728,492.93845273764146,9.0
2024-01-01,62546127.133,2767231.9639999997,2606088.630541667,0,0,0,0,13.06882338013787,492.86409687002435,9.0
2024-01-02,72147824.574,3534341.852,3006159.35725,0,0,0,3,17.5784308116282,497.6942851352856,9.0
2024-01-03,81001321.508,3706301.09,3375055.0628333334,4,0,0,19,21.98575039698281,503.30101881380097,13.0
2024-01-04,76086387.406,3404608.786,3170266.1419166666,0,0,0,11,19.343055861994557,506.1533709043486,13.0
2024-01-05,74705917.643,3513920.965,3112746.5684583336,0,0,0,8,18.738120761595653,508.4092208466298,13.0
2024-01-06,65901122.771,3098533.975,2745880.1154583334,0,0,0,0,14.532708910881805,506.7685547586943,13.0
2024-01-07,70187954.671,3275274.014,2924498.111291667,0,0,0,1,16.37890439275527,507.74758118157257,13.0
2024-01-08,77515186.267,3604059.17,3229799.4277916667,1,0,0,11,20.126829503811887,514.3328813824273,14.0
2024-01-09,75846865.29,3509101.403,3160286.0537500004,0,0,0,10,19.245493793302575,517.0572294040982,14.0
2024-01-10,71216670.344,3357619.964,2967361.2643333334,0,0,0,5,17.073966105879364,518.3841884399169,14.0
2024-01-11,70152995.098,3333973.894,2923041.462416667,0,0,0,3,16.59257320003013,519.3700154750047,14.0
2024-01-12,68649818.198,3309504.092,2860409.0915833334,0,0,0,2,15.955615926177112,517.6633978981248,14.0
2024-01-13,62067704.155,2877797.905,2586154.3397916667,0,0,0,0,12.950457393843273,513.4637623318611,14.0
2024-01-14,60228672.637,2920792.761,2509528.0265416666,0,0,0,0,12.152717620100272,511.14921512542526,14.0
2024-01-15,74002960.842,3405660.012,3083456.7017499995,0,0,0,8,18.41996963515698,513.9985092016896,14.0
2024-01-16,74827246.186,3522376.693,3117801.924416667,0,0,0,9,18.73814786248706,517.9943567878354,14.0
2024-01-17,73078888.451,3407140.783,3044953.6854583337,0,0,0,4,17.855852326119322,518.3835049560165,14.0
2024-01-18,72482639.051,3370037.1180000002,3020109.960458333,0,0,0,4,17.566284518640906,519.1243109707898,14.0
2024-01-19,72013746.148,3395413.12,3000572.7561666667,0,0,0,3,17.396974493909436,518.8460324553333,14.0
2024-01-20,61695630.84,2799041.212,2570651.285,0,0,0,0,12.65677352379854,510.57443929354804,12.0
2024-01-21,67410493.581,3165308.462,2808770.565875,0,0,0,0,15.23533395564346,504.8386442631287,10.0
2024-01-22,77148752.874,3604644.327,3214531.36975,1,0,0,10,19.896583692554103,507.39699957251554,11.0
2024-01-23,75766223.504,3437620.474,3156925.979333333,0,0,0,9,19.181782352022296,508.02670870556807,6.0
2024-01-24,77347973.075,3475944.458,3222832.2114583333,0,0,0,9,19.925889823095908,510.6243287754262,6.0
2024-01-25,67455564.074,3131955.406,2810648.5030833334,0,0,0,0,15.253507994506657,510.9833642448446,6.0
2024-01-26,70272826.686,3336411.33,2928034.4452500003,0,0,0,3,16.766430311926943,513.4968938335581,6.0
2024-01-27,62251437.953,2892010.835,2593809.9147083336,0,0,0,0,12.985458908330378,505.83153338248786,6.0
2024-01-28,63468257.926,3223628.076,2644510.7469166666,0,0,0,0,13.611629446386905,500.61751472664406,6.0
2024-01-29,67884232.468,3202250.052,2828509.6861666664,0,0,0,0,15.55323360645627,503.03956618247264,6.0
2024-01-30,65136909.592,3071801.144,2714037.8996666665,0,0,0,0,14.319379068265619,501.0866795784216,6.0
2024-01-31,74125710.551,3546949.3019999997,3088571.272958333,0,0,0,11,18.51554461521856,506.5334008135023,6.0
2024-02-01,73691863.877,3484280.411,3070494.3282083333,0,0,0,9,18.23891899782871,507.1938889997028,6.0
2024-02-02,71104515.305,3227594.548,2962688.137708334,0,0,0,0,16.894187852174117,502.10232645489407,2.0
2024-02-03,67677214.283,3073000.3510000003,2819883.9284583335,0,0,0,0,15.455937378566254,498.2152079714658,2.0
2024-02-04,74970541.718,3513477.834,3123772.571583333,0,0,0,8,18.86391029063235,498.34099750050245,2.0
2024-02-05,72871966.66,3303414.046,3036331.9441666664,0,0,0,1,17.759804823051113,501.5680934126718,2.0
2024-02-06,72029211.795,3227225.7600000002,3001217.158125,0,0,0,0,17.342361104142647,502.53155012405915,2.0
2024-02-07,68246953.53,3132769.785,2843623.06375,0,0,0,0,15.670379521413821,498.0751001416611,1.0
2024-02-08,66577714.277,3126200.623,2774071.4282083334,0,0,0,0,14.912853335573597,493.7424596839321,1.0
2024-02-09,71510092.221,3289141.843,2979587.175875,0,0,0,3,17.12463573760176,493.7931293156545,1.0
2024-02-10,68710680.412,3146584.694,2862945.0171666667,0,0,0,0,15.7722143519194,492.9727704675438,1.0
2024-02-11,68695289.527,3177092.206,2862303.7302916665,0,0,0,0,15.688815515501915,492.7059700568686,1.0
2024-02-12,66390985.06,3152448.802,2766291.044166667,0,0,0,0,14.926709379445834,494.68222204247115,1.0
2024-02-13,65305276.618,3054902.304,2721053.1924166665,0,0,0,0,14.337804114281102,496.86730853665193,1.0
2024-02-14,65302413.232,3074499.2290000003,2720933.884666667,0,0,0,0,14.353546582456111,492.8008854839511,1.0
2024-02-15,65093568.492,3036687.567,2712232.0205,0,0,0,0,14.278794437276852,488.3415320587409,1.0
2024-02-16,62410528.658,2977573.936,2600438.6940833335,0,0,0,0,13.087100356283788,483.57278008890535,1.0
2024-02-17,56419056.209,2520913.184,2350794.008708333,0,0,0,0,10.67647415536786,476.6829697256323,1.0
2024-02-18,60902772.02,2940024.003,2537615.5008333335,0,0,0,0,12.564896792881273,471.8508920246041,1.0
2024-02-19,65534430.117,3015078.603,2730601.254875,0,0,0,0,14.43347564517011,473.6275941459757,1.0
2024-02-20,64209810.777,2950194.39,2675408.782375,0,0,0,0,13.851567781575078,472.24382797190736,1.0
2024-02-21,66699441.84,3098407.755,2779143.41,0,0,0,0,14.891572840119448,467.2388171194726,0.0
2024-02-22,66792199.531,2998112.275,2783008.3137916666,0,0,0,0,14.919506449239538,462.97654121668995,0.0
2024-02-23,70227685.596,3249537.695,2926153.5665,0,0,0,0,16.65260200314483,459.70325339673883,0.0
2024-02-24,56464034.064,2804567.4930000002,2352668.086,0,0,0,0,10.880351223307514,455.3300966255397,0.0
2024-02-25,57116322.883,2705196.251,2379846.786791667,0,0,0,0,11.006072681767424,449.5697389953802,0.0
2024-02-26,65378984.274000004,3097079.8680000002,2724124.34475,0,0,0,0,14.425950926420615,451.01023101347045,0.0
2024-02-27,66590997.993,3091593.868,2774624.916375,0,0,0,0,14.906283788997177,452.30488535608066,0.0
2024-02-28,66139571.135,3053119.818,2755815.4639583332,0,0,0,0,14.704515392050432,451.4561671416748,0.0
2024-02-29,73456055.388,3595334.429,3060668.9745,1,0,0,7,18.167545776142237,455.3043338495515,1.0
2024-03-01,62089937.247,2959253.597,2587080.718625,0,0,0,0,12.991622504944122,449.780411739277,1.0
2024-03-02,54545042.779,2487813.629,2272710.115791667,0,0,0,0,9.965905177256175,441.5073979187045,1.0
2024-03-03,55716589.980000004,2648641.8680000002,2321524.5825,0,0,0,0,10.522461402099031,435.13567146862937,1.0
2024-03-04,61771500.942,2977126.921,2573812.53925,0,0,0,0,13.010302528727635,432.69003661879077,1.0
2024-03-05,67102048.854,3241181.708,2795918.70225,0,0,0,0,15.247843410054738,429.0739697382132,1.0
2024-03-06,67387318.754,3224120.181,2807804.948083333,0,0,0,0,15.368114864420171,426.68227977958225,1.0
2024-03-07,67438001.091,3220936.444,2809916.712125,0,0,0,0,15.289536078869315,424.62945475430894,1.0
2024-03-08,66899523.731,3258714.06,2787480.1554583334,0,0,0,0,15.031392100162789,423.99046733305784,1.0
2024-03-09,67420071.284,3572047.836,2809169.636833333,1,0,0,4,15.50497945728508,424.5825934547694,2.0
2024-03-10,69579575.492,3692324.31,2899148.978833333,4,0,0,5,16.679179896706103,424.13713761387373,6.0
2024-03-11,67183517.146,3227849.3850000002,2799313.2144166664,0,0,0,0,15.30214075822082,423.6670640201751,6.0
2024-03-12,65474182.105000004,3105656.759,2728090.921041667,0,0,0,0,14.484949655385195,422.46319816005837,6.0
2024-03-13,64106712.989,2949264.6520000002,2671113.0412083333,0,0,0,0,13.800734461293603,421.33722324190614,6.0
2024-03-14,66465231.177,3248992.19,2769384.632375,0,0,0,0,14.973649629219974,421.97306875684507,6.0
2024-03-15,65799504.276,3169449.566,2741646.0115,0,0,0,0,14.563900112431366,422.18342228682025,6.0
2024-03-16,58485038.032,3117382.009,2436876.5846666666,0,0,0,0,11.622439763671343,419.5270676132148,6.0
2024-03-17,56491886.745,2827564.369,2353828.614375,0,0,0,0,10.874585075257995,417.31455233218895,6.0
2024-03-18,62942546.41,2959509.909,2622606.1004166664,0,0,0,0,13.37754201287171,420.01562018969287,6.0
2024-03-19,64685213.062,3045886.342,2695217.210916667,0,0,0,0,14.119624067268878,421.57034746408044,6.0
2024-03-20,60655752.011,2847203.733,2527323.000458333,0,0,0,0,12.45556930474189,419.59244112365224,6.0
2024-03-21,61034606.89,2833060.192,2543108.620416667,0,0,0,0,12.532703390813825,418.27357673289094,6.0
2024-03-22,62736461.22,3010202.274,2614019.2175,0,0,0,0,13.29815475946025,416.6801586522318,6.0
2024-03-23,61564592.721,3319219.837,2565191.363375,0,0,0,2,13.203359649894152,414.96401185288636,6.0
2024-03-24,57940457.582,2575891.074,2414185.7325833333,0,0,0,0,11.232341149189478,409.54375099893105,6.0
2024-03-25,59213996.52,2801970.936,2467249.855,0,0,0,0,11.89576986880485,410.5591696444284,6.0
2024-03-26,59850686.252000004,2841207.071,2493778.5938333333,0,0,0,0,12.10909943568276,411.6621963983437,6.0
2024-03-27,57971141.701,2697971.619,2415464.2375416667,0,0,0,0,11.324226042332405,408.5604715142555,6.0
2024-03-28,54310292.04,2564998.3449999997,2262928.835,0,0,0,0,9.959482203643663,403.613669928902,6.0
2024-03-29,61292321.692,3023056.5470000003,2553846.737166667,0,0,0,0,12.855916963988468,401.76507150084007,6.0
2024-03-30,52838323.285,2630973.968,2201596.8035416664,0,0,0,0,9.541058417555112,393.13858414225285,5.0
2024-03-31,50434671.345,2701062.582,2192811.7976086955,0,0,0,0,9.124346163787523,389.2713078010963,5.0
2024-04-01,54852395.205,2679921.663,2285516.466875,0,0,0,0,10.181852295937615,389.48725491977774,5.0
2024-04-02,69097308.065,3334089.3,2879054.502708333,0,0,0,2,16.25607168489517,395.2208652025739,5.0
2024-04-03,63044894.233,2970978.397,2626870.593041667,0,0,0,0,13.368022451272338,395.5785851251186,5.0
2024-04-04,65746096.593,3052361.998,2739420.691375,0,0,0,0,14.540466400282375,394.87120811534623,5.0
2024-04-05,67164124.446,3477687.775,2798505.1852499996,0,0,0,3,15.363156681298362,394.8662499322244,5.0
2024-04-06,59317822.547,3109361.594,2471575.9394583334,0,0,0,0,12.112828963346143,391.6895428167012,5.0
2024-04-07,62659391.698,3270335.937,2610807.9874166665,0,0,0,1,13.78699754646742,390.4451482630059,5.0
2024-04-08,58191973.566,2843906.806,2424665.56525,0,0,0,0,11.53193956065667,386.4721083663774,4.0
2024-04-09,60589353.132,3189441.3000000003,2524556.3805,0,0,0,0,12.64867522541101,382.44160369508234,0.0
2024-04-10,67997223.5,3544730.199,2833217.6458333335,0,0,0,4,15.858636780559499,382.99809971742104,0.0
2024-04-11,65868668.308,3671166.36,2744527.8461666666,1,0,0,4,14.994010977675014,383.50716103971087,1.0
2024-04-12,63004604.725,3512081.883,2625191.863541667,0,0,0,4,13.831255148613359,383.53768172703064,1.0
2024-04-13,58935845.459,3014466.447,2455660.227458333,0,0,0,0,11.912031410876862,380.4760635086875,1.0
2024-04-14,62220498.581,3091323.738,2592520.7742083333,0,0,0,0,13.198791198319052,379.1109545945752,1.0
2024-04-15,61746017.484,3279752.73,2572750.7284999997,0,0,0,1,13.18411810583602,380.6726329367399,1.0
2024-04-16,62526744.422,2915957.638,2605281.0175833334,0,0,0,0,13.235653016556114,383.033700878038,1.0
2024-04-17,57863917.893,2734519.086,2410996.578875,0,0,0,0,11.349653240112515,381.0058121052788,1.0
2024-04-18,58728329.59,2739734.366,2447013.7329166667,0,0,0,0,11.639027727039181,378.52521576504904,1.0
2024-04-19,61707952.684,2968072.167,2571164.6951666665,0,0,0,0,12.882183491430665,378.95182995173786,1.0
2024-04-20,55000585.316,2759764.19,2291691.0548333335,0,0,0,0,10.232985617603598,376.65211217852766,1.0
2024-04-21,57015158.926,3262216.234,2375631.6219166666,0,0,0,0,11.440794303071703,374.7947517221391,1.0
2024-04-22,57907776.999,2734467.338,2412824.041625,0,0,0,0,11.35839906441154,372.9497911366565,1.0
2024-04-23,60605109.565,2885803.011,2525212.8985416666,0,0,0,0,12.447679777684932,374.1651297651519,1.0
2024-04-24,59612532.051,2822840.958,2483855.502125,0,0,0,0,11.986484530295819,374.2558444266429,1.0
2024-04-25,58889690.71,2763304.48,2453737.1129166665,0,0,0,0,11.69687159429871,373.84361658525887,1.0
2024-04-26,59088059.652,2996782.684,2462002.4855,0,0,0,0,11.902568339718538,374.421958882645,1.0
2024-04-27,53738804.591,2761967.433,2239116.857958333,0,0,0,0,9.95805090182656,374.42052758082787,1.0
2024-04-28,60465645.455,3215030.952,2519401.8939583334,0,0,0,0,12.759210122876619,374.323820739716,1.0
2024-04-29,57380287.46,3189950.183,2390845.3108333335,0,0,0,0,11.525979194851104,376.30874151701204,1.0
2024-04-30,58033317.655,3038964.501,2418054.9022916667,0,0,0,0,11.570291796537578,378.7546871497621,1.0
2024-05-01,59095215.269,3095858.068,2462300.6362083335,0,0,0,0,12.102252134831362,380.67508698865583,1.0
2024-05-02,59486612.223,3045077.347,2478608.842625,0,0,0,0,12.102845107789877,376.5218604115505,1.0
2024-05-03,52587870.057000004,2550338.41,2191161.252375,0,0,0,0,9.379219161921016,372.5330571221992,1.0
2024-05-04,47461763.152,2649249.069,1977573.4646666667,0,0,4,0,7.866233412014634,365.8588241339315,1.0
2024-05-05,52862930.044,2968970.5100000002,2202622.0851666667,0,0,4,0,10.047813991309214,360.54348144394237,1.0
2024-05-06,54342995.912,2809773.465,2264291.496333333,0,0,0,0,10.20840090179586,358.63905338239204,1.0
2024-05-07,54770088.744,2663201.866,2282087.031,0,0,0,0,10.240793109157599,355.0928489450822,1.0
2024-05-08,53816173.104,2548770.454,2242340.546,0,0,0,0,9.820635365738484,353.38154475016404,1.0
2024-05-09,50827269.245000005,2891369.2860000003,2117802.8852083334,0,0,3,0,9.145392656551111,349.87826218130414,1.0
2024-05-10,50210601.992,2935257.174,2092108.4163333334,0,0,6,0,8.942276940508487,342.96190234125316,1.0
2024-05-11,48882810.914,2752487.976,2036783.7880833333,0,0,6,0,8.505489983648648,336.47338134722673,0.0
2024-05-12,49287477.174,2579050.366,2053644.88225,0,0,7,0,8.536633634728,331.17875983334136,0.0
2024-05-13,54883675.434,2862228.666,2286819.80975,0,0,2,0,10.448955631661983,329.7156840541265,0.0
2024-05-14,56626999.04,3047550.206,2359458.2933333335,0,0,0,0,11.196448799549426,327.7133416553569,0.0
2024-05-15,56195211.401,2948848.7419999996,2341467.1417083335,0,0,0,0,10.904821698904941,325.4340452484258,0.0
2024-05-16,55438725.914,2843188.834,2309946.913083333,0,0,0,0,10.549178798325089,322.74757103019476,0.0
2024-05-17,53808940.429,2731495.4159999997,2242039.1845416664,0,0,0,0,9.934648003935706,321.33256579401797,0.0
2024-05-18,46953865.483,2526993.483,1956411.0617916668,0,0,5,0,7.663410465277664,317.35694853225647,0.0
2024-05-19,47725164.029,2639681.481,1988548.5012083333,0,0,8,0,8.15233248272378,312.6270975235496,0.0
2024-05-20,47426816.31,2724397.04,1976117.3462500002,0,0,8,0,7.958178919647635,310.3522908255936,0.0
2024-05-21,53595171.728,2639866.812,2233132.155333333,0,0,0,0,9.824817445143504,308.7363139676654,0.0
2024-05-22,58356910.429,2998538.596,2431537.9345416664,0,0,0,0,11.622028830341664,308.99994373359556,0.0
2024-05-23,55313477.746,2766726.224,2304728.239416667,0,0,0,0,10.517197568606147,307.0694615245168,0.0
2024-05-24,51158790.802999996,2539676.073,2131616.283458333,0,0,0,0,8.930538378884824,304.01351537310575,0.0
2024-05-25,46449215.56,2530240.406,1935383.9816666667,0,0,7,0,7.523525356598692,299.84016913540574,0.0
2024-05-26,49329313.039,2753038.5859999997,2055388.0432916665,0,0,8,0,8.690295035747633,296.62789583143484,0.0
2024-05-27,53226314.409,2576806.733,2217763.100375,0,0,0,0,9.677876161693323,296.3477210913016,0.0
2024-05-28,54110972.938,2667611.212,2254623.8724166667,0,0,0,0,10.084431041298709,293.6729420097237,0.0
2024-05-29,56604863.255,2953350.653,2358535.9689583336,0,0,0,0,11.008010646236144,293.15497346110874,0.0
2024-05-30,53400520.092,2554531.392,2225021.6705,0,0,0,0,9.713111312432519,291.29779297700367,0.0
2024-05-31,52106618.706999995,2593541.761,2171109.1127916663,0,0,0,0,9.28628042197754,288.48182126414986,0.0
2024-06-01,46501875.627,2525723.484,1937578.1511249999,0,0,6,0,7.519668186415105,283.89864434277507,0.0
2024-06-02,50573834.456,2675654.674,2107243.1023333333,0,0,0,0,8.805277071331181,283.32470225218526,0.0
2024-06-03,54029655.801,2659209.751,2251235.658375,0,0,0,0,10.022806906032518,285.4812757462031,0.0
2024-06-04,53081287.71,2644845.628,2211720.32125,0,0,0,0,9.699510333858925,285.1329720887528,0.0
2024-06-05,52418036.21,2608617.827,2184084.8420833335,0,0,0,0,9.426690223894697,284.3512614108517,0.0
2024-06-06,53445451.63,2811893.768,2226893.8179166666,0,0,1,0,9.908065165405294,284.0185334670994,0.0
2024-06-07,53108049.952,2807171.941,2212835.4146666666,0,0,0,0,9.85713601225471,284.0550341136156,0.0
2024-06-08,53763360.031,3011932.5579999997,2240140.0012916666,0,0,0,0,10.214291366280525,285.123932823345,0.0
2024-06-09,55807852.141,2975870.443,2325327.172541667,0,0,0,0,10.759671898805172,286.9413277816417,0.0
2024-06-10,56369096.585,2851632.5069999998,2348712.3577083335,0,0,0,0,10.902271011999305,289.3381088099924,0.0
2024-06-11,57860395.022,3154211.176,2410849.7925833333,0,0,0,0,11.621551929816526,292.4230271050809,0.0
2024-06-12,56551388.334,2869810.948,2356307.84725,0,0,0,0,11.062663688421733,293.0367351618406,0.0
2024-06-13,55992008.874,2799656.986,2333000.36975,0,0,0,0,10.778223388336983,292.61850975062816,0.0
2024-06-14,53701031.184,2620055.22,2237542.966,0,0,0,0,9.802935490056482,291.5166235417797,0.0
2024-06-15,55481460.581,2960217.301,2311727.5242083333,0,0,0,0,10.864747243606573,291.8321919870612,0.0
2024-06-16,53767507.14,2824516.46,2240312.7975,0,0,0,0,10.120329105068201,292.0178730881937,0.0
2024-06-17,53823531.928,2821798.711,2242647.163666667,0,0,1,0,10.054883364224326,294.4093459871404,0.0
2024-06-18,55097572.201,2929323.072,2295732.1750416667,0,0,0,0,10.499537117134354,296.75655062155096,0.0
2024-06-19,57307898.405,2911134.011,2387829.100208333,0,0,0,0,11.368180130809675,300.16655183271297,0.0
2024-06-20,53385628.565,2806689.423,2224401.190208333,0,0,0,0,9.847721766648071,300.18945615421757,0.0
2024-06-21,51369952.463,2503667.471,2140414.6859583333,0,0,0,0,8.98794129171072,297.5553686155866,0.0
2024-06-22,51865374.801,2855359.843,2161057.283375,0,0,0,0,9.476375565323579,296.51454661230406,0.0
2024-06-23,49201200.603,2594178.85,2050050.025125,0,0,6,0,8.471233195956806,296.05524142937605,0.0
2024-06-24,53313885.5,2703694.9669999997,2221411.8958333335,0,0,2,0,9.849170897773641,298.38088697055093,0.0
2024-06-25,55932683.643,3027993.903,2330528.485125,0,0,0,0,10.917130903612689,300.607722838416,0.0
2024-06-26,54898620.163,2788576.565,2287442.5067916666,0,0,0,0,10.32307382945406,301.2529205061768,0.0
2024-06-27,54917444.52,2765488.492,2288226.855,0,0,0,0,10.375735780474848,301.5442252453529,0.0
2024-06-28,54093330.784,2826149.639,2253888.782666667,0,0,0,0,10.174505282581567,300.7107198816983,0.0
2024-06-29,45991059.404,2517920.892,1916294.1418333333,0,0,9,0,7.423348189462171,298.420956758728,0.0
2024-06-30,46759460.769,2502669.211,1948310.865375,0,0,7,0,7.626144927617668,296.7608212643681,0.0
2024-07-01,51701685.688,2579650.606,2154236.9036666667,0,0,5,0,9.22787474557635,298.46902782352936,0.0
2024-07-02,54382950.559,2708410.718,2265956.2732916665,0,0,0,0,10.155055212140724,299.8188059643389,0.0
2024-07-03,53943403.152,2607750.48,2247641.798,0,0,0,0,9.871008483570003,299.6670075418764,0.0
2024-07-04,59648748.645,3257692.995,2485364.526875,0,0,0,0,12.463412271980069,302.4309094799975,0.0
2024-07-05,56325204.187,3001555.516,2346883.507791667,0,0,0,0,11.064159517890054,304.0683787739929,0.0
2024-07-06,50894564.084,2843270.4299999997,2120606.836833333,0,0,6,0,9.162007362699574,303.3223209712871,0.0
2024-07-07,49124586.839,2553325.181,2046857.7849583335,0,0,2,0,8.406406675084861,301.87159163411735,0.0
2024-07-08,51437581.117,2703771.048,2143232.5465416666,0,0,6,0,9.214964500108618,300.8722647679454,0.0
2024-07-09,53072285.545,2878817.366,2211345.2310416666,0,0,1,0,9.83437687797269,299.9469697471129,0.0
2024-07-10,52792076.199,2537653.597,2199669.841625,0,0,0,0,9.43693739734246,298.48163613245606,0.0
2024-07-11,50940580.23,2495938.788,2122524.17625,0,0,0,0,8.882521542509744,295.7426057451493,0.0
2024-07-12,47834616.441,2338364.804,1993109.018375,0,0,0,0,7.790877250988347,292.4708193077159,0.0
2024-07-13,47655486.693,2635920.381,1985645.278875,0,0,9,0,8.045589684696724,289.7381856040757,0.0
2024-07-14,46544619.319,2471761.039,1939359.1382916665,0,0,10,0,7.699074121971511,287.63432423599073,0.0
2024-07-15,47129279.458,2598345.116,1963719.9774166665,0,0,7,0,7.805228338778639,284.57480533116274,0.0
2024-07-16,48766363.094,2581861.107,2031931.7955833331,0,0,6,0,8.3564193157012,282.81089554179573,0.0
2024-07-17,47490058.317,2516278.153,1978752.4298750001,0,0,7,0,7.83586406668213,280.59187624425357,0.0
2024-07-18,47010431.525,2520909.495,1958767.9802083333,0,0,7,0,7.691490079779854,277.78382920689904,0.0
2024-07-19,45647249.985,2441304.363,1901968.749375,0,0,8,0,7.254693005805726,273.6703420818951,0.0
2024-07-20,43406438.246,2309764.753,1808601.5935833333,0,0,9,0,6.599671072799293,270.4222913880463,0.0
2024-07-21,42936314.714,2156819.983,1789013.1130833335,0,0,10,0,6.364530547310384,267.798880643646,0.0
2024-07-22,46872499.512,2380788.373,1953020.813,0,0,6,0,7.662279267938698,265.9847843462611,0.0
2024-07-23,46023440.431,2237375.517,1917643.3512916667,0,0,7,0,7.276555005837268,264.7901061561415,0.0
2024-07-24,47766646.586,2545239.925,1990276.9410833335,0,0,6,0,7.953194860484321,262.8941301188523,0.0
2024-07-25,46443571.641,2445058.464,1935148.818375,0,0,7,0,7.501072843859234,259.4780720590988,0.0
2024-07-26,46062026.575,2280929.314,1919251.1072916668,0,0,8,0,7.294671137734124,256.4496693673789,0.0
2024-07-27,41364971.541,2083945.311,1723540.4808750001,0,0,11,0,5.90246765632814,251.97640124323215,0.0
2024-07-28,45027655.276,2584242.1550000003,1876152.3031666668,0,0,10,0,7.3209832400740185,249.12287920072458,0.0
2024-07-29,48485219.94,2632444.054,2020217.4974999998,0,0,7,0,8.276247390362089,249.97577840162452,0.0
2024-07-30,48590923.828,2540808.42,2024621.8261666668,0,0,5,0,8.200580839511796,250.55021431351864,0.0
2024-07-31,48468960.227,2526694.889,2019540.0094583333,0,0,6,0,8.116697327876714,249.43903689581902,0.0
2024-08-01,48212909.148,2343808.5549999997,2008871.2145,0,0,5,0,7.941705465902745,247.22568714958103,0.0
2024-08-02,48112449.311,2326804.318,2004685.3879583331,0,0,5,0,7.930013528253884,245.2846921942649,0.0
2024-08-03,45236950.383,2411592.382,1884872.9326250001,0,0,9,0,7.136160453920323,239.95744037620517,0.0
2024-08-04,46069580.256,2510130.192,1919565.8439999998,0,0,8,0,7.481932271557342,236.37521312987246,0.0
2024-08-05,52446623.818,2683875.321,2185275.992416667,0,0,3,0,9.534290547000317,236.7474963141732,0.0
2024-08-06,54644844.791,2950843.417,2276868.5329583334,0,0,0,0,10.387376451565407,238.72846609065374,0.0
2024-08-07,54668816.569,2734161.911,2277867.3570416667,0,0,0,0,10.277706724919986,239.79120831546513,0.0
2024-08-08,53948212.637,2671489.563,2247842.1932083336,0,0,0,0,9.999653719703604,239.956485157196,0.0
2024-08-09,57770164.475,3034387.0549999997,2407090.1864583334,0,0,0,0,11.573949302835123,242.09349706268867,0.0
2024-08-10,48833409.038,2693363.708,2034725.3765833334,0,0,6,0,8.369593723852011,241.58056924403095,0.0
2024-08-11,47603797.158,2812144.216,1983491.54825,0,0,8,0,8.059348083486432,241.84904007652904,0.0
2024-08-12,52541586.726,2652323.685,2189232.7802500003,0,0,3,0,9.564258112313482,243.36770850414578,0.0
2024-08-13,54520667.569,2743811.164,2271694.4820416667,0,0,0,0,10.21080262850429,245.87943701067857,0.0
2024-08-14,55460257.547,2694937.699,2310844.0644583334,0,0,0,0,10.560833904043466,248.6350425759434,0.0
2024-08-15,56671068.001,2990542.321,2361294.500041667,0,0,0,0,11.117427408902188,251.3960506691444,0.0
2024-08-16,52725106.2,2662937.763,2196879.4250000003,0,0,0,0,9.549936222375425,253.11012282483767,0.0
2024-08-17,44919890.777,2141558.893,1871662.1157083334,0,0,6,0,6.870655592636139,252.28928833769396,0.0
2024-08-18,45042259.949,2377124.642,1876760.8312083334,0,0,8,0,7.0272486004566,252.06184393234486,0.0
2024-08-19,53167429.325,2648309.297,2215309.5552083333,0,0,2,0,9.74847523554213,255.21064809508766,0.0
2024-08-20,56068469.133,2854674.077,2336186.213875,0,0,0,0,10.802284819483795,259.6484023672611,0.0
2024-08-21,57766525.811,3094401.031,2406938.5754583334,0,0,0,0,11.64182806280538,263.6279511621278,0.0
2024-08-22,60653210.623,3268903.829,2527217.1092916667,0,0,0,0,12.79208342855304,269.14347958484353,0.0
2024-08-23,59347178.596,3137777.22,2472799.1081666667,0,0,0,0,12.30054126706838,273.49082599142764,0.0
2024-08-24,48583695.62,2627254.573,2024320.6508333331,0,0,7,0,8.316054473280555,274.30580762084895,0.0
2024-08-25,50486369.818,2742360.682,2103598.742416667,0,0,3,0,8.95095082099662,275.96208730411144,0.0
2024-08-26,56858575.367,3015870.978,2369107.306958333,0,0,0,0,11.1350647889091,281.19468443669234,0.0
2024-08-27,56184259.903,2988575.585,2341010.8292916664,0,0,0,0,10.951882022271027,284.8255832188894,0.0
2024-08-28,55730128.157,2880105.921,2322088.673208333,0,0,0,0,10.689737396346944,287.2390732248743,0.0
2024-08-29,55597222.257,2681445.194,2316550.927375,0,0,0,0,10.557160761894337,289.59565314725677,0.0
2024-08-30,52403856.424,2570356.434,2183494.017666667,0,0,0,0,9.371833422412305,290.8507892417924,0.0
2024-08-31,48261116.707,2746021.101,2010879.8627916668,0,0,6,0,8.213540187839458,291.1226239637291,0.0
2024-09-01,48181693.762,2612076.248,2007570.5734166668,0,0,7,0,8.152651541415628,291.34526197689087,0.0
2024-09-02,54167800.802,2697547.7029999997,2256991.7000833335,0,0,2,0,10.142474499954483,294.351576022925,0.0
2024-09-03,55642885.966,2659570.757,2318453.5819166666,0,0,0,0,10.554185983746223,297.4238297351139,0.0
2024-09-04,56299727.541,2703433.725,2345821.980875,0,0,0,0,10.837440339882006,298.7269795279955,0.0
2024-09-05,60090122.997,3274006.541,2503755.124875,0,0,0,1,12.584766899115955,300.92436997554614,0.0
2024-09-06,57179698.779,2915651.854,2382487.449125,0,0,0,0,11.219011736535494,301.86567498716164,0.0
2024-09-07,47204881.862,2485755.59,1966870.0775833335,0,0,5,0,7.703067309917989,299.569088577376,0.0
2024-09-08,47680063.323,2617266.29,1986669.305125,0,0,8,0,7.987547300484019,295.9826865750249,0.0
2024-09-09,54928507.176,2655318.619,2288687.799,0,0,0,0,10.333301749098835,297.94639460027173,0.0
2024-09-10,60735867.627000004,3193545.672,2530661.1511250003,0,0,0,0,12.687389788986644,302.57443630577194,0.0
2024-09-11,57231113.333,2696678.118,2384629.722208333,0,0,0,0,11.09136313359504,304.1015413270535,0.0
2024-09-12,56863910.698,2746639.198,2369329.6124166665,0,0,0,0,11.042790925449982,304.93352962399916,0.0
2024-09-13,54909546.668,2677045.24,2287897.7778333332,0,0,0,0,10.328820481209348,304.7015162011651,0.0
2024-09-14,52898365.251,2969752.753,2204098.552125,0,0,0,0,9.854794235972014,303.4388830282349,0.0
2024-09-15,52335648.1,2794792.747,2180652.004166667,0,0,0,0,9.582766906885155,303.47171371274464,0.0
2024-09-16,54557349.979,2636100.221,2273222.9157916666,0,0,0,0,10.196794530279563,306.79785265038805,0.0
2024-09-17,55314747.497,2694153.322,2304781.1457083332,0,0,0,0,10.465881504862383,310.23648555479383,0.0
2024-09-18,57495996.098,3093074.698,2395666.504083333,0,0,0,0,11.478901597747427,311.96691191699915,0.0
2024-09-19,58106236.910000004,3142759.559,2421093.2045833333,0,0,0,0,11.771550007798869,312.9361771053142,0.0
2024-09-20,56191108.647,3041696.971,2341296.193625,0,0,0,0,10.99852766548185,312.2928767079907,0.0
2024-09-21,48970990.069,2708473.3680000002,2040457.9195416665,0,0,3,0,8.405913220394991,307.90670649983264,0.0
2024-09-22,47488193.691,2535991.073,1978674.737125,0,0,6,0,7.96335490403152,303.56952013679575,0.0
2024-09-23,54298254.061,2634380.546,2262427.2525416664,0,0,1,0,10.147474468867879,305.4009401323831,0.0
2024-09-24,56315104.217,2701869.716,2346462.6757083335,0,0,0,0,10.841783250194656,307.2917725615811,0.0
2024-09-25,60444414.5,2858245.746,2518517.2708333335,0,0,0,0,12.375643058787684,308.5323508314597,0.0
2024-09-26,60205990.259,3128146.765,2508582.9274583333,0,0,0,0,12.592736252537932,310.1732050617266,0.0
2024-09-27,64311873.888,3095460.8170000003,2679661.412,0,0,0,0,13.974890341637135,313.4583580070168,0.0
2024-09-28,55942718.92,2910689.302,2330946.6216666666,0,0,0,0,10.772405281110432,313.6736025262329,0.0
2024-09-29,51752207.267,2849124.858,2156341.969458333,0,0,2,0,9.421817917755751,313.72358702157635,0.0
2024-09-30,62397242.283,3195038.627,2599885.095125,0,0,0,0,13.263516202449846,318.7735630361867,0.0
2024-10-01,63269318.092,2886458.134,2636221.5871666665,0,0,0,0,13.461330916409976,324.082242411181,0.0
2024-10-02,59861420.483,2771000.233,2494225.8534583333,0,0,0,0,12.080786168297738,326.02055407952435,0.0
2024-10-03,61176063.688,2854961.41,2549002.6536666667,0,0,0,0,12.619187760935398,328.08555585671354,0.0
2024-10-04,57752559.367,2802861.535,2406356.6402916666,0,0,0,0,11.330798583468454,328.5789141003,0.0
2024-10-05,50593845.297,2366236.965,2108076.887375,0,0,0,0,8.620485384102922,324.6146325852869,0.0
2024-10-06,52690307.991,2777600.821,2195429.4996249997,0,0,0,0,9.52541088465505,322.92103173340644,0.0
2024-10-07,62464839.091,3073794.394,2602701.6287916666,0,0,0,0,13.286770902493123,328.5047353259816,0.0
2024-10-08,60414868.541,2922300.712,2517286.1892083334,0,0,0,0,12.421011006091367,332.93819903158897,0.0
2024-10-09,61255994.474999994,2887928.26,2552333.103125,0,0,0,0,12.676474475724085,335.28137175821416,0.0
2024-10-10,66926631.433,3232674.681,2788609.6430416666,0,0,0,0,15.127345944013342,337.72132791324094,0.0
2024-10-11,62290564.966,2934548.6259999997,2595440.2069166666,0,0,0,0,13.110198126129834,339.7401629057757,0.0
2024-10-12,54812505.179,2698849.444,2283854.3824583334,0,0,0,0,10.21504186798755,338.9124138483133,0.0
2024-10-13,60351612.324,2908724.365,2514650.5135,0,0,0,0,12.294796128429901,340.87838949553384,0.0
2024-10-14,59559017.738,2797499.445,2481625.7390833334,0,0,0,0,12.00756641121092,343.03116167077275,0.0
2024-10-15,60797594.555,2863606.442,2533233.1064583333,0,0,0,0,12.492832868571584,345.9412276324592,0.0
2024-10-16,70957468.066,3571909.638,2956561.1694166665,1,0,0,4,16.99475498781338,352.739188089993,1.0
2024-10-17,64539195.754,3068633.379,2689133.1564166667,0,0,0,0,14.114114182095822,356.38742076722644,1.0
2024-10-18,56709683.477,2804847.287,2362903.4782083333,0,0,0,0,10.989969627055094,355.8984887965341,1.0
2024-10-19,51045575.084,2453186.765,2126898.961833333,0,0,0,0,8.788180887176537,352.91511967591174,1.0
2024-10-20,58141359.188999996,3030729.439,2422556.6328749997,0,0,0,0,11.673557380920261,353.59014939135017,1.0
2024-10-21,65398641.022,2995433.811,2724943.375916667,0,0,0,0,14.435896568986392,359.62013273994154,1.0
2024-10-22,61717604.519,3195034.249,2571566.8549583335,0,0,0,0,13.105208692112976,364.76198652802304,1.0
2024-10-23,60499384.738,2900157.141,2520807.6974166664,0,0,0,0,12.512793852886768,367.1273059120419,1.0
2024-10-24,61069144.078999996,2847455.09,2544547.669958333,0,0,0,0,12.644582271554137,368.93010493340137,1.0
2024-10-25,59657702.941,2939335.5749999997,2485737.6225416665,0,0,0,0,12.167982743578731,368.72244461819247,1.0
2024-10-26,51276893.243,2440908.576,2136537.2184583335,0,0,0,0,8.897551950751604,365.0272603164061,1.0
2024-10-27,53517050.429,2656416.982,2229877.1012083334,0,0,0,0,9.833397760399535,360.88576773516854,1.0
2024-10-28,63021920.958,3032477.463,2625913.3732499997,0,0,0,0,13.552331079479792,363.6656935335379,1.0
2024-10-29,60551397.356,2917817.656,2522974.8898333334,0,0,0,0,12.497815856619223,366.7416914724013,1.0
2024-10-30,62170932.459,3068242.2369999997,2590455.519125,0,0,0,0,13.197652738768937,366.67582800872043,1.0
2024-10-31,67567655.138,3289888.289,2815318.964083333,0,0,0,1,15.550677607780875,368.76517470009134,1.0
2024-11-01,73188057.54,3406132.898,3049502.3975000004,0,0,0,8,17.98981883616036,374.67420736795395,1.0
2024-11-02,53169276.366,2623462.562,2215386.5152499997,0,0,0,0,9.648098971366656,371.7031185783852,1.0
2024-11-03,54927567.683,2682591.7,2288648.653458333,0,0,0,0,10.32914645517524,370.70146645009197,1.0
2024-11-04,61268804.927,3057589.233,2552866.8719583335,0,0,0,0,12.939415089328643,375.0203961553177,1.0
2024-11-05,63147418.863,3173013.282,2631142.452625,0,0,0,0,13.700166862014768,379.19515213267744,1.0
2024-11-06,63180531.762,2982150.317,2632522.15675,0,0,0,0,13.530729833722285,379.43911106390664,1.0
2024-11-07,63072452.019,3036548.119,2628018.834125,0,0,0,0,13.480396627166272,380.4984966849815,1.0
2024-11-08,62743921.724,2937063.825,2614330.0718333335,0,0,0,0,13.30455683277362,381.12657904203104,1.0
2024-11-09,54291513.865,2686758.035,2262146.4110416668,0,0,0,0,10.067736926564015,376.06697002458174,1.0
2024-11-10,54830701.459,2797167.445,2284612.5607916666,0,0,0,0,10.212869566951088,373.16964146540295,1.0
2024-11-11,63494443.577,3082647.803,2645601.815708333,0,0,0,0,13.73694530606118,376.6915449034766,1.0
2024-11-12,63930934.733,3057741.0579999997,2663788.9472083333,0,0,0,0,13.82959586316633,378.22634463821305,1.0
2024-11-13,64690899.498,3075847.484,2695454.14575,0,0,0,0,14.105972987825954,380.3247512148281,1.0
2024-11-14,66279145.268,3084516.109,2761631.052833333,0,0,0,0,14.78572448093231,382.6176428271888,1.0
2024-11-15,63994225.253,3013242.425,2666426.0522083333,0,0,0,0,13.814507005094558,379.43739484446996,0.0
2024-11-16,66477594.448,3123464.398,2769899.7686666665,0,0,0,0,14.787769542784314,380.1110502051585,0.0
2024-11-17,65300118.897,3146802.914,2720838.287375,0,0,0,0,14.36687003036938,383.4879506084727,0.0
2024-11-18,68998345.792,3266913.226,2874931.0746666663,0,0,0,0,16.05735531865376,390.75712503995,0.0
2024-11-19,69490657.192,3291853.556,2895444.049666667,0,0,0,1,16.243467248220444,395.32703490725015,0.0
2024-11-20,72503867.813,3368311.83,3020994.492208333,0,0,0,8,17.630528726824362,398.52166706508814,0.0
2024-11-21,73848969.96000001,3484051.134,3077040.4150000005,0,0,0,9,18.317993900578962,403.7344522735541,0.0
2024-11-22,73728949.689,3393308.251,3072039.5703749997,0,0,0,8,18.185476992445924,409.4071354131133,0.0
2024-11-23,72241440.88,3298116.847,3010060.0366666666,0,0,0,2,17.32887547758134,414.09142861914046,0.0
2024-11-24,77262897.074,3523969.8589999997,3219287.3780833334,0,0,0,8,19.840680038669465,421.76412591423116,0.0
2024-11-25,74861098.306,3435200.832,3119212.4294166663,0,0,0,9,18.687000118538954,431.55357408201854,0.0
2024-11-26,72425494.855,3391853.827,3017728.952291667,0,0,0,6,17.686434183929016,439.406610505548,0.0
2024-11-27,68388996.377,3223952.986,2849541.5157083333,0,0,0,0,15.785477022956115,441.6397564490244,0.0
2024-11-28,72384525.82,3302791.197,3016021.909166666,0,0,0,1,17.524831345738118,446.66677193814326,0.0
2024-11-29,67318598.275,3190840.605,2804941.594791667,0,0,0,0,15.313803227913034,448.78292242728736,0.0
2024-11-30,65356863.774,3088761.522,2723202.6572499997,0,0,0,0,14.375932713565046,447.6081775330715,0.0
2024-12-01,60574646.757,3045119.772,2523943.614875,0,0,0,0,12.412941154593765,442.0312998515049,0.0
2024-12-02,71504602.584,3387853.026,2979358.441,0,0,0,2,17.233491412504634,449.6166922926429,0.0
2024-12-03,69210245.967,3295593.277,2883760.2486249995,0,0,0,3,16.20102180106892,455.48856763853655,0.0
2024-12-04,70820692.928,3292416.617,2950862.2053333335,0,0,0,2,16.850306950780464,459.3994594999884,0.0
2024-12-05,75759758.125,3642373.246,3156656.5885416665,2,0,0,15,19.291261721406602,464.99055435938027,2.0
2024-12-06,73888456.886,3522843.471,3078685.7035833336,0,0,0,8,18.348689361940643,469.80851388759856,2.0
2024-12-07,67167946.122,3237023.931,2798664.4217499997,0,0,0,0,15.221506987570969,471.5496242480033,2.0
2024-12-08,66402241.512,3162503.661,2766760.063,0,0,0,0,14.740195900353719,472.98526331558344,2.0
2024-12-09,76797391.081,3650836.0579999997,3199891.295041667,1,0,0,12,19.77626070232104,482.69378709134037,3.0
2024-12-10,71771051.733,3380771.924,2990460.488875,0,0,0,6,17.369257011787923,489.8501745361773,3.0
2024-12-11,69422969.118,3231724.062,2892623.71325,0,0,0,0,16.20528978880322,492.3185190189193,3.0
2024-12-12,68011341.352,3162993.6319999998,2833805.8896666667,0,0,0,0,15.51264266765849,494.00156582341145,3.0
2024-12-13,67838064.344,3164099.191,2826586.0143333334,0,0,0,0,15.44813204471111,495.3437248802966,3.0
2024-12-14,66442520.561000004,3246380.282,2768438.3567083334,0,0,0,0,14.90469390399753,495.46269430336184,3.0
2024-12-15,70155917.062,3315985.727,2923163.210916667,0,0,0,1,16.416488389381954,498.06467568764924,3.0
2024-12-16,78857226.48,3545242.073,3285717.77,0,0,0,11,20.707416495571557,503.98432264043646,3.0
2024-12-17,70392746.463,3298348.543,2933031.102625,0,0,0,2,16.605307050114696,506.2227596601818,3.0
2024-12-18,78323888.597,3594486.0330000003,3263495.3582083336,1,0,0,15,20.53581377959317,510.7012181211212,4.0
2024-12-19,77329058.387,3515828.23,3222044.099458333,0,0,0,9,19.983582755960587,514.4413336288613,4.0
2024-12-20,74104296.807,3456559.601,3087679.0336249997,0,0,0,5,18.33319715932877,515.1440020613658,4.0
2024-12-21,69178984.988,3126220.571,2882457.7078333334,0,0,0,0,15.899377944459715,512.7253861052465,4.0
2024-12-22,68355036.66,2990372.8619999997,2848126.5275,0,0,0,0,15.515964422963341,510.0558735357639,4.0
2024-12-23,66101244.93,3084201.0500000003,2754218.53875,0,0,0,0,14.685507126133823,507.4125051843164,4.0
2024-12-24,55956951.002000004,2821071.97,2331539.6250833333,0,0,0,0,10.632870364791335,498.2046955104383,4.0
2024-12-25,52285889.546000004,2450695.47,2178578.7310833335,0,0,0,0,9.232249627148345,488.7499450190477,4.0
2024-12-26,51467174.621,2428529.3850000002,2144465.6092083333,0,0,0,0,8.967101292849236,480.0306121279679,4.0
2024-12-27,55362499.626,2696632.853,2306770.81775,0,0,0,0,10.43128307304677,474.6764181780585,4.0
2024-12-28,54776706.791,2631646.41,2282362.7829583334,0,0,0,0,10.127415715308627,467.27900254762903,4.0
2024-12-29,64736919.493999995,3166125.432,2697371.645583333,0,0,0,0,14.373665672897511,466.33886499261354,4.0
2024-12-30,68033670.319,3135155.675,2834736.2632916667,0,0,0,0,15.533205679841364,467.4961379588898,4.0
2024-12-31,64668207.318,3122481.908,2694508.6382500003,0,0,0,0,14.068091867482321,469.1512886717784,4.0
2025-01-01,67795533.85,3075280.662,2824813.9104166664,0,0,0,0,15.327333920640553,467.2451311799143,4.0
2025-01-02,67684220.152,3144241.228,2820175.8396666665,0,0,0,0,15.298238709939474,466.34234808878483,4.0
2025-01-03,74485453.222,3426368.334,3103560.5509166666,0,0,0,9,18.567159908577835,468.05920104658225,4.0
2025-01-04,63028737.537,3022421.563,2626197.397375,0,0,0,0,13.327517834888118,462.09545716006375,2.0
2025-01-05,66851566.287,3476055.109,2785481.928625,0,0,0,2,15.139858912407512,458.8866267105306,2.0
2025-01-06,83718092.01799999,3796650.665,3488253.834083333,11,0,0,17,23.868648353836605,467.53376807679626,13.0
2025-01-07,84594796.26,3830894.911,3524783.1775,13,0,0,22,24.140177641741026,476.9337498181835,26.0
2025-01-08,78438400.116,3540654.222,3268266.6714999997,0,0,0,15,20.50167943795989,477.65916855382244,25.0
2025-01-09,71572761.426,3383958.708,2982198.39275,0,0,0,5,17.230130789075183,477.52004233110966,25.0
2025-01-10,73692050.303,3353190.717,3070502.0959583335,0,0,0,4,18.114573790242495,479.4293263325489,25.0
2025-01-11,72406982.646,3290901.249,3016957.61025,0,0,0,2,17.461925606204094,481.37860927109455,25.0
2025-01-12,66334012.922,3106079.44,2763917.2050833334,0,0,0,0,14.684926401516185,480.61540362789964,25.0
2025-01-13,79144090.991,3721137.348,3297670.457958333,8,0,0,16,21.244308023663194,486.95501774756525,33.0
2025-01-14,83214484.913,3760781.2600000002,3467270.2047083336,10,0,0,18,23.422456347349335,493.96098570553266,43.0
2025-01-15,69773735.047,3207241.198,2907238.960291667,0,0,0,0,16.369722277813995,489.6232914877751,43.0
2025-01-16,71131320.841,3402843.64,2963805.035041667,0,0,0,3,17.080645917118673,490.09863035477906,43.0
2025-01-17,71409758.315,3428323.64,2975406.596458333,0,0,0,5,17.299700011425866,486.8625165866118,42.0
2025-01-18,59703947.452,2824937.443,2487664.4771666666,0,0,0,0,11.942411873272443,478.8213457039236,42.0
2025-01-19,60854894.868,3008882.9729999998,2535620.6195,0,0,0,0,12.453991910645744,472.94214045524063,42.0
2025-01-20,70460835.554,3274571.596,2935868.1480833334,0,0,0,2,16.65705665458594,473.6998191653669,42.0
2025-01-21,71129866.18,3376169.9280000003,2963744.424166667,0,0,0,5,17.075872822205007,475.2597275646085,42.0
2025-01-22,71228070.732,3318681.5979999998,2967836.2805,0,0,0,2,17.039247227439272,477.61346766591396,42.0
2025-01-23,74370184.13,3427011.917,3098757.672083333,0,0,0,11,18.5171446236449,485.4977419247675,42.0
2025-01-24,83117219.863,3866499.883,3463217.494291667,9,0,0,17,23.528615507132656,499.79410780475183,51.0
2025-01-25,68436421.081,3429994.399,2851517.545041667,0,0,0,1,15.74079215247867,506.56779866438126,51.0
2025-01-26,61431441.8,3064713.746,2559643.408333333,0,0,0,0,12.744359025284451,508.88087461661894,51.0
2025-01-27,82481542.417,3879929.596,3436730.9340416663,7,0,0,18,23.161938700788472,521.9153976020988,58.0
2025-01-28,72168712.126,3249456.17,3007029.671916667,0,0,0,0,17.39319462442272,524.934926553624,58.0
2025-01-29,69248862.933,3244537.269,2885369.288875,0,0,0,0,16.1003766787739,525.5020975525565,58.0
2025-01-30,69182805.012,3298248.498,2882616.8754999996,0,0,0,2,16.108573152081423,527.5425788371556,58.0
2025-01-31,67563600.517,3285622.941,2815150.0215416667,0,0,0,1,15.399031145037744,527.6142760615529,58.0
2025-02-01,58960497.7,2819193.211,2456687.404166667,0,0,0,0,11.64589000675466,523.961927358368,58.0
2025-02-02,59895069.035,2977470.623,2495627.8764583333,0,0,0,0,12.102476057355176,517.4972435071453,58.0
2025-02-03,70003093.8,3306542.3430000003,2916795.5749999997,0,0,0,2,16.524573562464493,520.6942992347217,58.0
2025-02-04,72695001.341,3285650.935,3028958.3892083336,0,0,0,2,17.589520868817523,523.1439611911318,58.0
2025-02-05,71697232.475,3248136.729,2987384.686458333,0,0,0,0,17.28446500045272,516.5597778377478,47.0
2025-02-06,67885371.198,3205636.485,2828557.13325,0,0,0,0,15.581945383275544,508.0015455792824,34.0
2025-02-07,74224494.054,3410998.361,3092687.2522500004,0,0,0,5,18.428620197529455,505.92848633885194,34.0
2025-02-08,69329321.433,3285417.76,2888721.726375,0,0,0,1,16.182214217199128,504.88056976697584,34.0
2025-02-09,63697158.834,3207099.535,2654048.28475,0,0,0,0,13.749547904778792,500.5155438815122,34.0
2025-02-10,76639651.75,3559365.449,3193318.8229166665,0,0,0,10,19.5714534679969,502.62507174330494,34.0
2025-02-11,79090690.532,3643413.1010000003,3295445.4388333336,3,0,0,12,20.96738177860124,508.90752712039,37.0
2025-02-12,74754504.604,3376272.039,3114771.0251666666,0,0,0,6,18.650432917616087,506.31365201434295,29.0
2025-02-13,72923505.559,3404284.438,3038479.3982916665,0,0,0,9,17.835423742939803,500.7266194099334,19.0
2025-02-14,69968581.407,3264193.083,2915357.558625,0,0,0,0,16.432978913984744,500.78987604610415,19.0
2025-02-15,63996344.779,3035831.531,2666514.365791667,0,0,0,0,13.70856808024637,497.4177982092319,19.0
2025-02-16,64564760.516,3080450.044,2690198.3548333333,0,0,0,0,13.917618056318908,494.03571625412485,19.0
2025-02-17,74989885.468,3554305.715,3124578.5611666664,0,0,0,9,18.91316469416854,501.006469075021,19.0
2025-02-18,73932239.715,3432793.119,3080509.988125,0,0,0,5,18.327828359526173,506.8803055239014,19.0
2025-02-19,78353133.656,3768219.9899999998,3264713.9023333336,4,0,0,14,20.847542998218287,511.0707918675338,23.0
2025-02-20,82567727.504,3915785.173,3440321.979333333,6,0,0,18,23.35435415741025,517.349273202739,29.0
2025-02-21,76163662.285,3533997.1750000003,3173485.9285416664,0,0,0,9,19.48399490375531,519.7940208790551,29.0
2025-02-22,66354707.713,3113504.803,2764779.488041667,0,0,0,0,14.945501411769312,516.2223776671794,29.0
2025-02-23,62575837.495,2976843.608,2607326.5622916664,0,0,0,0,13.33259967476515,506.02636183481195,20.0
2025-02-24,77103359.09,3599671.4499999997,3212639.9620833336,2,0,0,11,19.974522786687476,510.2600924690207,22.0
2025-02-25,67182217.498,3169751.693,2799259.0624166667,0,0,0,0,15.312278947588272,512.8280123913246,22.0
2025-02-26,67094982.58,3094097.481,2795624.2741666664,0,0,0,0,15.153285636523776,504.8193593270599,15.0
2025-02-27,68445690.52,3143842.484,2851903.7716666665,0,0,0,0,15.737954656378053,503.16411935901516,15.0
2025-02-28,66450680.937,3188231.878,2768778.372375,0,0,0,0,14.879415297856143,501.9431579780974,15.0
2025-03-01,58677129.65,2712642.379,2444880.402083333,0,0,0,0,11.516768508119664,497.3513533341357,15.0
2025-03-02,63300216.014,3460640.5100000002,2637509.0005833334,0,0,0,3,13.810679189405441,495.7630013785034,15.0
2025-03-03,75681764.736,3817487.423,3153406.864,4,0,0,8,19.68149319515227,503.798604566901,19.0
2025-03-04,74487760.448,3713022.427,3103656.6853333334,4,0,0,6,18.791923003260695,510.4880515128065,23.0
2025-03-05,78999121.874,3800366.765,3291630.078083333,4,0,0,13,21.012175013876675,514.9756529642187,27.0
2025-03-06,70470544.668,3583790.607,2936272.6944999998,2,0,0,5,16.863619756026008,514.2497518514272,29.0
2025-03-07,64851444.688999996,3404220.576,2702143.528708333,0,0,0,3,14.480010230475449,511.4452970814499,29.0
2025-03-08,57820893.902,3222929.928,2409203.9125833334,0,0,0,0,11.672611070813813,507.5359627689882,29.0
2025-03-09,56747656.853,3193308.142,2364485.702208333,0,0,0,0,11.24874150638259,500.3560840778413,29.0
2025-03-10,61452851.692,2921137.411,2560535.487166667,0,0,0,0,12.843369419217026,497.0172392798592,29.0
2025-03-11,65071070.644,3099808.784,2711294.6101666666,0,0,0,0,14.364710040652316,497.6324014157327,29.0
2025-03-12,66787106.724,3126977.251,2782796.1135,0,0,0,0,15.053381210055024,493.1143291577909,29.0
2025-03-13,67832141.008,3279274.37,2826339.208666667,0,0,0,1,15.528198703471126,487.6751460826608,26.0
2025-03-14,66715879.729,3106741.533,2779828.3220416666,0,0,0,0,14.998255291499138,484.02296845654377,26.0
2025-03-15,59916131.795,2800734.874,2496505.4914583336,0,0,0,0,12.053435962248091,478.2409806758521,26.0
2025-03-16,63467610.419,3439648.731,2644483.767458333,0,0,0,2,13.847092405160474,475.6550941670278,26.0
2025-03-17,68182856.746,3380605.153,2840952.364416667,0,0,0,3,15.82794351435439,477.7744696011358,26.0
2025-03-18,71742122.394,3811964.575,2989255.0997499996,4,0,0,6,17.974058059605174,481.8309096044221,30.0
2025-03-19,68093646.964,3666647.469,2837235.2901666667,2,0,0,5,15.923947443419582,478.8416923536731,32.0
2025-03-20,66012671.254,3315288.359,2750527.9689166667,0,0,0,2,14.831916996649603,475.3457809907966,32.0
2025-03-21,67396356.90799999,3459565.135,2808181.537833333,0,0,0,4,15.43239262116832,469.9306306137466,28.0
2025-03-22,66935922.831,3234817.594,2788996.784625,0,0,0,0,15.05520264954746,461.63147910588384,22.0
2025-03-23,60791278.374,2990008.771,2532969.93225,0,0,0,0,12.530284822220374,454.6777690243489,22.0
2025-03-24,60623612.446,2891219.033,2525983.8519166666,0,0,0,0,12.446527081401129,452.1787946939807,22.0
2025-03-25,64337869.305,3057725.797,2680744.554375,0,0,0,0,13.985145109257925,452.83134012847347,22.0
2025-03-26,63826333.427,2910309.935,2659430.5594583335,0,0,0,0,13.668042975252494,446.52486031703853,20.0
2025-03-27,65399741.078,3366559.492,2724989.2115833336,0,0,0,2,14.538657212731007,445.7512385821812,20.0
2025-03-28,65636881.984,3499573.793,2734870.0826666667,0,0,0,5,14.862965768806477,445.4609187144639,20.0
2025-03-29,56616119.386,3041123.2229999998,2359004.9744166667,0,0,0,0,11.000072622316083,440.723036680402,20.0
2025-03-30,63046662.094,3194921.963,2741159.2214782606,0,0,0,0,13.987328266709296,439.8309496492551,20.0
2025-03-31,61638885.17,2840410.3600000003,2568286.8820833336,0,0,0,0,12.842948937045026,441.15713007818044,20.0
2025-04-01,63535780.166,3348254.107,2647324.1735833334,0,0,0,1,13.78716408715678,441.13361497593183,20.0
2025-04-02,65816497.523,3597500.849,2742354.0634583333,2,0,0,6,15.03872556288346,436.490847343663,18.0
2025-04-03,62459395.943,3380513.432,2602474.8309583333,0,0,0,4,13.508012912697964,431.20693725310025,14.0
2025-04-04,60228981.632,3188941.077,2509540.9013333335,0,0,0,0,12.520214762172415,422.71497700139605,10.0
2025-04-05,57991827.562,3094077.2970000003,2416326.148416667,0,0,0,0,11.691329712741444,417.54268695811146,8.0
2025-04-06,57337587.386,3078358.271,2389066.141083333,0,0,0,0,11.440952340739711,414.50362906837574,8.0
2025-04-07,61329957.302,3340462.901,2555414.8875833335,0,0,0,1,13.01245864729311,415.843476644855,8.0
2025-04-08,61859477.148,3419243.542,2577478.2145000002,0,0,0,1,13.199429133257167,417.79416427172964,8.0
2025-04-09,62223148.114,3292564.651,2592631.171416667,0,0,0,1,13.268155026179011,418.2189498786916,8.0
2025-04-10,64396925.146,3377514.008,2683205.2144166664,0,0,0,2,14.203781009855435,418.0580208478947,8.0
2025-04-11,68119290.258,3515864.5,2838303.76075,0,0,0,4,15.851723374315979,418.8563630121556,8.0
2025-04-12,56803268.949,3094896.196,2366802.872875,0,0,0,0,11.255901624698215,414.5840659333827,8.0
2025-04-13,58267665.305,3077683.525,2427819.3877083333,0,0,0,0,11.755046730098574,411.3408573719822,8.0
2025-04-14,59230149.638000004,3066023.9790000003,2467922.9015833335,0,0,0,0,12.058832720131146,411.34625412986526,8.0
2025-04-15,67676129.63,3669134.0039999997,2819838.734583333,1,0,0,8,15.953599482494756,413.4527612071995,9.0
2025-04-16,56855417.235,2803545.617,2368975.718125,0,0,0,0,11.028840879658821,408.65365857250396,9.0
2025-04-17,50333789.722,2425582.287,2097241.2384166666,0,0,0,0,8.61414511749541,399.2937456303942,5.0
2025-04-18,50194251.514,2463590.659,2091427.1464166667,0,0,0,0,8.564151952758326,391.93395013973293,3.0
2025-04-19,55520903.037,3114592.874,2313370.959875,0,0,0,0,10.90320156532438,388.00523470840767,3.0
2025-04-20,54354797.781,2990423.519,2264783.240875,0,0,0,0,10.431305541707664,383.00414762894707,3.0
2025-04-21,52180738.304,2890072.284,2174197.4293333334,0,0,1,0,9.525698417524074,377.4746433969237,3.0
2025-04-22,57608201.845,2770751.976,2400341.743541667,0,0,0,0,11.304143820335556,376.2485023950388,3.0
2025-04-23,59648235.767,2899635.19,2485343.156958333,0,0,0,0,12.091775767438088,375.8937510810758,3.0
2025-04-24,59265179.57,2835377.392,2469382.482083333,0,0,0,0,11.861395643889123,373.770001615707,3.0
2025-04-25,56816921.701,2804597.538,2367371.7375416667,0,0,0,0,10.958005063325334,371.05996370377983,3.0
2025-04-26,53988555.466,3013491.01,2249523.1444166666,0,0,0,0,10.258545780468909,366.77985227151777,3.0
2025-04-27,55707682.921000004,3111813.2619999996,2321153.455041667,0,0,0,0,10.942640166981088,362.85952666969234,3.0
2025-04-28,58355381.994,3119050.5470000003,2431474.24975,0,0,0,0,11.85834704946705,363.7178010968433,3.0
2025-04-29,58603743.51,3076678.404,2441822.6462499998,0,0,0,0,11.878819066580098,361.6092918967141,3.0
2025-04-30,58614525.332,3089522.563,2442271.8888333333,0,0,0,0,11.923404158714323,360.6897471183834,3.0
2025-05-01,56320864.461,2943744.4729999998,2346702.685875,0,0,0,0,10.982258537260387,357.88484156848705,3.0
2025-05-02,57972038.214999996,3043952.252,2415501.5922916667,0,0,0,0,11.695480030365294,354.54159603596884,1.0
2025-05-03,54675786.43,2884773.093,2278157.767916667,0,0,0,0,10.418399373292472,351.45198249656335,1.0
2025-05-04,56365396.162,2879295.336,2348558.1734166667,0,0,0,0,10.951632666328548,349.8834004007195,1.0
2025-05-05,60025917.698,2860823.394,2501079.9040833334,0,0,0,0,12.285264714385002,350.47733540236305,1.0
2025-05-06,61394434.682,3158579.05,2558101.445083333,0,0,0,0,12.904588413077905,351.9409714747012,1.0
2025-05-07,60449180.911,2903586.136,2518715.8712916668,0,0,0,0,12.320772919490057,351.2492857468982,1.0
2025-05-08,60674415.596,2901304.826,2528100.649833333,0,0,0,0,12.48093815087916,350.53079476452024,1.0
2025-05-09,60018360.785000004,3113297.4710000004,2500765.0327083333,0,0,0,0,12.381427562787435,349.6440673011286,1.0
2025-05-10,54560464.377000004,2931334.761,2273352.6823750003,0,0,0,0,10.405228960089344,345.8455152513625,1.0
2025-05-11,56300976.541,3038205.7709999997,2345874.022541667,0,0,0,0,11.17446056865899,341.16825244570555,1.0
2025-05-12,62327636.218,3374041.79,2596984.842416667,0,0,0,4,13.54355598735076,343.4559068083581,1.0
2025-05-13,62041532.99,3382589.145,2585063.8745833333,0,0,0,3,13.442658489484096,345.14351856774357,1.0
2025-05-14,62590472.654,3277530.008,2607936.3605833333,0,0,0,1,13.59251916973987,346.6772050173523,1.0
2025-05-15,64773162.015,3438404.0039999997,2698881.750625,0,0,0,6,14.664252139723663,345.38785767458126,0.0
2025-05-16,61656357.502,3380880.746,2569014.8959166664,0,0,0,2,13.2897966345538,347.6488134294762,0.0
2025-05-17,55621969.242,3023466.608,2317582.05175,0,0,0,0,10.880843773529092,349.9155120855099,0.0
2025-05-18,53750756.119,3041430.323,2239614.838291667,0,0,3,0,10.25788780771611,351.60924794046764,0.0
2025-05-19,58471577.316,3213239.972,2436315.7215,0,0,0,0,11.871453735569443,352.5775001107127,0.0
2025-05-20,61496789.081,3481035.557,2562366.2117083333,0,0,0,4,13.27587743371432,355.4220720027194,0.0
2025-05-21,65583058.176,3381860.122,2732627.424,0,0,0,1,14.797093834365068,360.69346741956036,0.0
2025-05-22,67098526.338,3438567.706,2795771.93075,0,0,0,3,15.382583952776134,364.771907552001,0.0
2025-05-23,62006742.124,3463597.858,2583614.2551666666,0,0,0,4,13.459833768162849,366.1399655527257,0.0
2025-05-24,56470091.493,3234011.7120000003,2352920.478875,0,0,0,0,11.295812169497239,365.5743820783338,0.0
2025-05-25,57598939.426,3056802.983,2399955.8094166666,0,0,0,0,11.60145088088944,366.2178278958979,0.0
2025-05-26,60911433.804,3336085.748,2537976.4085,0,0,0,2,12.98111866211229,368.9404007775413,0.0
2025-05-27,61790739.232,3369980.701,2574614.134666667,0,0,0,1,13.268160573983486,371.26592118454374,0.0
2025-05-28,57666515.144,2732295.252,2402771.4643333335,0,0,0,0,11.292551479933385,370.70012561501005,0.0
2025-05-29,55688745.146,3145882.239,2320364.3810833334,0,0,0,0,10.963885330499469,369.7851918789294,0.0
2025-05-30,57020773.64,3197821.091,2375865.5683333334,0,0,0,0,11.433811842213991,369.2955995624291,0.0
2025-05-31,48694405.663,2625697.146,2028933.5692916668,0,0,3,0,8.253973021899116,366.56731404706784,0.0
2025-06-01,51948260.125,3068333.988,2164510.8385416665,0,0,6,0,9.640359179988106,364.51219319669065,0.0
2025-06-02,56420683.233,2898948.816,2350861.8013750003,0,0,0,0,11.038271786783097,365.13206561018126,0.0
2025-06-03,62056274.377,3514845.23,2585678.0990416664,0,0,0,4,13.574374484473838,367.75480742832656,0.0
2025-06-04,58309350.077,3021352.049,2429556.253208333,0,0,0,0,11.64377914698379,367.11332186092534,0.0
2025-06-05,52693121.188,2719818.467,2195546.7161666667,0,0,0,0,9.56633260703888,363.77506605488634,0.0
2025-06-06,60743994.42,3333703.26,2530999.7675,0,0,0,2,13.141351409048822,364.59564454444507,0.0
2025-06-07,49701438.003,2722380.204,2070893.250125,0,0,3,0,8.626440772806198,360.7411471663721,0.0
2025-06-08,53405919.375,2915045.108,2225246.640625,0,0,1,0,9.995788819026771,358.3555084226115,0.0
2025-06-09,54499084.465,2960304.012,2270795.1860416667,0,0,0,0,10.473171922428593,358.42345138495074,0.0
2025-06-10,60117343.962,3066437.668,2504889.33175,0,0,0,0,12.50020434321624,359.74919515950796,0.0
2025-06-11,60439954.492,3201911.874,2518331.4371666666,0,0,0,0,12.696376598195455,358.90201577035265,0.0
2025-06-12,58738012.229,3087604.173,2447417.1762083336,0,0,0,0,11.957262709012955,357.4166199898815,0.0
2025-06-13,57968125.46,3108259.937,2415338.5608333335,0,0,0,0,11.747800204154602,355.5719010242962,0.0
2025-06-14,50087572.833,2824453.531,2086982.201375,0,0,3,0,8.867209182910994,349.77485806748354,0.0
2025-06-15,48895161.406,2603512.117,2037298.3919166669,0,0,5,0,8.355440501386742,344.84050193431653,0.0
2025-06-16,57084442.47,2918913.648,2378518.43625,0,0,0,0,11.241961918420557,345.201620079208,0.0
2025-06-17,58649843.908,3033008.1319999998,2443743.4961666665,0,0,0,0,11.862531542240118,346.806263813732,0.0
2025-06-18,58573743.479,3024740.058,2440572.6449583336,0,0,0,0,11.785005923502043,346.71981600166464,0.0
2025-06-19,60076616.022,3203659.562,2503192.33425,0,0,0,0,12.503925777418859,345.9478643453691,0.0
2025-06-20,56575500.682000004,2901408.5840000003,2357312.5284166667,0,0,0,0,11.00248934895418,342.1532598599582,0.0
2025-06-21,51582082.72,2947580.227,2149253.446666667,0,0,2,0,9.369631787850466,336.14030769503256,0.0
2025-06-22,52641780.612,2799744.221,2193407.5255,0,0,5,0,9.748205747154753,332.4286796740245,0.0
2025-06-23,59150546.425,3043198.987,2464606.1010416667,0,0,0,0,12.138818060897805,333.27168556542506,0.0
2025-06-24,60249104.997,3041478.242,2510379.374875,0,0,0,0,12.479581513590977,334.1498161981266,0.0
2025-06-25,58785872.258,3007436.3510000003,2449411.3440833334,0,0,0,0,11.884181968643336,333.05287950465765,0.0
2025-06-26,57180242.144,2808337.45,2382510.0893333335,0,0,0,0,11.160450613094564,330.9451695437687,0.0
2025-06-27,60337941.11,3242600.531,2514080.879583333,0,0,0,0,12.781900108928388,332.4345181727637,0.0
2025-06-28,52849466.12,2637325.269,2202061.0883333334,0,0,0,0,9.576747700901034,331.0473805431653,0.0
2025-06-29,50385528.384,2721407.508,2099397.0160000003,0,0,5,0,8.923706776651136,328.5372754776024,0.0
2025-06-30,55113158.665,2770645.043,2296381.6110416665,0,0,0,0,10.420504284041765,330.70380673974506,0.0
2025-07-01,56450798.196,2754601.641,2352116.5915,0,0,0,0,10.827083090605651,331.8905306503626,0.0
2025-07-02,58812690.460999995,2923039.191,2450528.769208333,0,0,0,0,11.825169335105247,332.67742819868477,0.0
2025-07-03,61301132.847,3172203.958,2554213.868625,0,0,0,0,12.985441102257072,332.08849481646797,0.0
2025-07-04,56644639.438,2958633.3279999997,2360193.3099166667,0,0,0,0,11.097354119131694,331.5420697886159,0.0
2025-07-05,51557424.141,2630913.381,2148226.0058750003,0,0,0,0,9.152364660498984,331.12810184207603,0.0
2025-07-06,47406036.067,2516253.782,1975251.5027916667,0,0,5,0,7.784455576071673,325.7712060090989,0.0
2025-07-07,54419866.435,2665687.748,2267494.434791667,0,0,0,0,10.17215793171079,327.3169231680034,0.0
2025-07-08,56556860.367,2961171.875,2356535.848625,0,0,0,0,11.023399120228898,328.34453346920554,0.0
2025-07-09,55189898.962,2710646.942,2299579.1234166664,0,0,0,0,10.391151782074656,328.26251332885164,0.0
2025-07-10,55446431.833,2784842.401,2310267.9930416667,0,0,0,0,10.520833425953635,326.28314241158904,0.0
2025-07-11,52397711.438,2566047.2,2183237.976583333,0,0,0,0,9.34548979598965,322.9322556093832,0.0
2025-07-12,49941110.866,2792575.596,2080879.6194166664,0,0,3,0,8.794482579302475,319.76947547967274,0.0
2025-07-13,48486890.598,2723016.751,2020287.1082499998,0,0,7,0,8.326934785152677,316.3486100606708,0.0
2025-07-14,49982217.51,2506320.954,2082592.39625,0,0,3,0,8.5467967915523,316.02819766931214,0.0
2025-07-15,51134870.99,2589804.785,2130619.6245833333,0,0,1,0,9.00583683966538,316.67859400759073,0.0
2025-07-16,50167871.585,2456990.546,2090327.9827083333,0,0,1,0,8.589122516616861,314.02575460578703,0.0
2025-07-17,50367214.588,2551564.481,2098633.941166667,0,0,1,0,8.68885974265417,310.8520828062011,0.0
2025-07-18,49259498.978,2398013.92,2052479.1240833334,0,0,2,0,8.266063624879981,307.33314050757906,0.0
2025-07-19,47796423.725,2776198.0300000003,1991517.6552083334,0,0,7,0,8.08185600634475,302.91107073650494,0.0
2025-07-20,47287497.695,2609372.762,1970312.4039583334,0,0,6,0,7.875935505777137,299.7845168933279,0.0
2025-07-21,49726893.804000005,2410202.1010000003,2071953.9085000001,0,0,4,0,8.485850552839585,298.90073565831705,0.0
2025-07-22,52636782.377,2862223.925,2193199.2657083333,0,0,1,0,9.657801795533093,298.81033170669537,0.0
2025-07-23,50564606.174,2576596.664,2106858.5905833333,0,0,2,0,8.782205279467432,295.453718925265,0.0
2025-07-24,49980507.323,2450055.824,2082521.1384583332,0,0,2,0,8.532467643705711,291.50660505537974,0.0
2025-07-25,49449617.459,2426563.677,2060400.7274583334,0,0,0,0,8.37504940361471,287.9974724903511,0.0
2025-07-26,45358474.566,2215420.927,1889936.44025,0,0,7,0,7.019617301493467,283.85663917875,0.0
2025-07-27,46226619.383,2615689.864,1926109.1409583334,0,0,8,0,7.5019140229280445,278.57665309274967,0.0
2025-07-28,52085339.023,2746445.097,2170222.4592916667,0,0,5,0,9.45454224679654,278.4544476386452,0.0
2025-07-29,54124872.584,2869522.892,2255203.024333333,0,0,2,0,10.274051429521677,279.8047922915157,0.0
2025-07-30,52884845.12,2814311.034,2203535.2133333334,0,0,0,0,9.681408802088733,279.06569680956267,0.0
2025-07-31,51816609.933,2653600.2350000003,2159025.413875,0,0,2,0,9.267791997482401,277.5064057164394,0.0
2025-08-01,51945201.746,2648904.466,2164383.4060833333,0,0,0,0,9.300346058213819,274.981582439548,0.0
2025-08-02,49535065.631,2829151.5979999998,2063961.0679583333,0,0,5,0,8.681460358343038,270.677601695634,0.0
2025-08-03,50850739.574,2835278.45,2118780.8155833334,0,0,7,0,9.155253521934654,268.73550109843694,0.0
2025-08-04,58377180.828999996,3091595.671,2432382.5345416665,0,0,0,0,11.927130664417627,271.51026710235556,0.0
2025-08-05,63095822.655999996,3451872.488,2628992.6106666666,0,0,0,3,13.817366160237526,277.5431776865214,0.0
2025-08-06,60232523.797,3130793.423,2509688.4915416664,0,0,0,0,12.513233463715014,279.88425321852566,0.0
2025-08-07,58748995.432000004,3160431.751,2447874.8096666667,0,0,0,0,12.046285070875689,280.90713916917247,0.0
2025-08-08,55555547.983,2900761.096,2314814.499291667,0,0,0,0,10.672480776786632,281.1884681638844,0.0
2025-08-09,50328672.975,2762470.636,2097028.0406250001,0,0,3,0,8.86159842623587,279.5292331641666,0.0
2025-08-10,52627962.554,3174943.8959999997,2192831.7730833334,0,0,5,0,9.991829840677859,280.17557320885487,0.0
2025-08-11,57306972.188,3100399.728,2387790.507833333,0,0,0,0,11.45684445368949,282.8379350832419,0.0
2025-08-12,59074321.42,3127181.877,2461430.0591666666,0,0,0,0,12.057790400307058,286.5687906983963,0.0
2025-08-13,58656987.789,3018183.588,2444041.157875,0,0,0,0,11.810302262245218,289.8322961690892,0.0
2025-08-14,60391519.078,3116710.52,2516313.2949166666,0,0,0,0,12.55365888586901,293.3801182152928,0.0
2025-08-15,59553053.689,3247546.246,2481377.2370416666,0,0,0,0,12.307050912604218,297.0980466112802,0.0
2025-08-16,51213952.597,2720754.34,2133914.6915416666,0,0,1,0,9.12311607468879,297.5323029433148,0.0
2025-08-17,50578780.877,2756495.484,2107449.2032083333,0,0,5,0,8.97347807295365,298.23971739138847,0.0
2025-08-18,57561977.114,2966702.1459999997,2398415.7130833333,0,0,0,0,11.41186679941922,301.5697281844629,0.0
2025-08-19,59218364.479,3058047.562,2467431.8532916666,0,0,0,0,12.008254794363426,305.7020474730492,0.0
2025-08-20,59066405.643,2992307.624,2461100.235125,0,0,0,0,11.884349344495055,309.10054626470463,0.0
2025-08-21,59283837.626,2881700.146,2470159.9010833334,0,0,0,0,12.017005927726464,311.459750396898,0.0
2025-08-22,58454082.706,3045241.675,2435586.779416667,0,0,0,0,11.748856615301882,314.42640173273253,0.0
2025-08-23,53418842.477,3009329.131,2225785.1032083333,0,0,0,0,9.98893951365923,315.882873602686,0.0
2025-08-24,53527102.204,3135870.472,2230295.925166667,0,0,3,0,10.236249429152657,317.744073628224,0.0
2025-08-25,58411111.673,3339395.724,2433796.3197083334,0,0,0,2,11.974167408498625,322.6986237352291,0.0
2025-08-26,58382894.722,2994067.508,2432620.6134166666,0,0,0,0,11.669398761190841,326.8661084734919,0.0
2025-08-27,60091279.117,3098170.693,2503803.2965416666,0,0,0,0,12.416396458102197,329.82796268479757,0.0
2025-08-28,58706489.162,2781948.05,2446103.715083333,0,0,0,0,11.679085885930933,331.23299714120685,0.0
2025-08-29,57396534.307,2760264.733,2391522.2627916667,0,0,0,0,11.20603753137289,332.757625870491,0.0
2025-08-30,52934388.22,2910801.57,2205599.509166667,0,0,0,0,9.834462120773894,333.32429599378247,0.0
2025-08-31,54075384.925,3160885.646,2253141.0385416667,0,0,0,0,10.410969304996563,334.43491924056525,0.0
2025-09-01,58268490.187,2977106.316,2427853.757791667,0,0,0,0,11.676904074662968,337.4303629568851,0.0
2025-09-02,57932942.674,2787432.476,2413872.611416667,0,0,0,0,11.453534480244844,339.72864391519533,0.0
2025-09-03,62416127.166,3194107.395,2600671.96525,0,0,0,0,13.39959419452919,341.2011074453069,0.0
2025-09-04,62282149.378,3287416.287,2595089.5574166668,0,0,0,2,13.395402428371442,340.7791437134408,0.0
2025-09-05,56456630.788,2802849.16,2352359.6161666666,0,0,0,0,10.89241078631866,339.15832103604447,0.0
2025-09-06,52060564.712,2877026.407,2169190.1963333334,0,0,1,0,9.490346954188565,336.60238291935735,0.0
2025-09-07,54769085.691,3188182.282,2282045.237125,0,0,4,0,10.719628089971016,336.6495302325417,0.0
2025-09-08,58484909.729,3114487.729,2436871.2387083336,0,0,0,0,11.77406847342615,339.562000279732,0.0
2025-09-09,58753640.036,2884538.058,2448068.3348333333,0,0,0,0,11.802371089252187,341.37254152830633,0.0
2025-09-10,60292499.863,2881376.759,2512187.4942916664,0,0,0,0,12.42047978888864,342.33617686350544,0.0
2025-09-11,64437265.646,3560867.521,2684886.0685833334,0,0,0,4,14.420509167062344,344.6988956302607,0.0
2025-09-12,63311561.532,3460116.855,2637981.7305,0,0,0,2,13.903205278508283,346.79179864652383,0.0
2025-09-13,55037620.231,3051051.086,2293234.1762916665,0,0,0,0,10.535788057733463,344.7739278183883,0.0
2025-09-14,51428168.918,2868135.989,2142840.3715833332,0,0,2,0,9.21491228601662,341.68178919180065,0.0
2025-09-15,67878351.365,3619824.277,2828264.6402083333,1,0,0,4,15.953212552909212,348.5118856700211,1.0
2025-09-16,66621094.093,3309483.8680000002,2775878.920541667,0,0,0,1,15.02511173197963,354.5635193290471,1.0
2025-09-17,64880483.872,3114120.536,2703353.4946666667,0,0,0,0,14.391454466121996,357.5431069957499,1.0
2025-09-18,66376739.815,3549956.685,2765697.4922916666,0,0,0,3,15.108306876675929,360.64315907806235,1.0
2025-09-19,60886665.587,3159938.413,2536944.3994583334,0,0,0,0,12.741469633616289,361.5002793671836,1.0
2025-09-20,51981044.089,2737924.174,2165876.8370416667,0,0,0,0,9.352264391403882,358.835537830861,1.0
2025-09-21,55509608.059,2900847.972,2312900.3357916665,0,0,0,0,10.555668781272253,357.64234999683134,1.0
2025-09-22,64553680.89,3333580.7290000003,2689736.70375,0,0,0,2,14.343141949303286,361.9965524324754,1.0
2025-09-23,62333924.753,3009096.721,2597246.8647083333,0,0,0,0,13.239839344522686,365.00014234784544,1.0
2025-09-24,64793491.892,3494599.8370000003,2699728.828833333,0,0,0,3,14.466455092674146,367.492430032021,1.0
2025-09-25,64933330.944,3148486.474,2705555.456,0,0,0,0,14.331036713694072,370.1540679845242,1.0
2025-09-26,66212587.315,3760087.209,2758857.8047916666,4,0,0,7,15.548942561934885,373.2866140883569,5.0
2025-09-27,56065983.094,3158436.304,2336082.6289166664,0,0,0,0,10.931061287354495,372.53858948978046,5.0
2025-09-28,53122538.921000004,3004369.622,2213439.1217083335,0,0,0,0,9.869156552539824,371.2017085109474,5.0
2025-09-29,61245911.732,2982079.975,2551912.9888333334,0,0,0,0,12.852293803642318,374.2195401938158,5.0
2025-09-30,61406101.758,2906411.935,2558587.57325,0,0,0,0,12.773186605967052,376.5817574947863,5.0
2025-10-01,64248754.627,3143365.622,2677031.4427916664,0,0,0,0,13.961813152954074,378.86666657307745,5.0
2025-10-02,65932449.565,3557126.572,2747185.3985416666,0,0,0,3,14.883430939191625,382.2965630320242,5.0
2025-10-03,70198151.801,3541163.03,2924922.991708333,0,0,0,3,16.722609530662677,385.6195783681577,5.0
2025-10-04,67608108.147,3298838.56,2817004.506125,0,0,0,1,15.438943393413275,387.6631193331995,5.0
2025-10-05,65071079.358,3281684.886,2711294.9732500003,0,0,0,1,14.42907039758203,391.1997789444629,5.0
2025-10-06,63525655.127,3053163.739,2646902.2969583333,0,0,0,0,13.697207197089254,395.40663918736357,5.0
2025-10-07,61045956.989,2945172.529,2543581.5412083333,0,0,0,0,12.671920022075486,397.3589311194681,5.0
2025-10-08,60914502.359,2829064.0579999997,2538104.264958333,0,0,0,0,12.5528876307433,398.13775027678525,5.0
2025-10-09,64573152.108,3118989.655,2690548.0045000003,0,0,0,0,14.134242671024106,400.4696218585571,5.0
2025-10-10,65003098.71,2998822.314,2708462.44625,0,0,0,0,14.192662173894028,402.2418042435625,5.0
2025-10-11,55278621.932,2619003.161,2303275.913833333,0,0,0,0,10.308137706881416,398.1294327833816,5.0
2025-10-12,52604870.257,2437703.385,2191869.5940416665,0,0,0,0,9.30655085959987,393.5327783644732,5.0
2025-10-13,59432365.771,2818453.43,2476348.5737916664,0,0,0,0,12.024648140440497,395.02163844718024,5.0
2025-10-14,60689477.519,2862216.524,2528728.2299583335,0,0,0,0,12.44643352493153,398.25315968609516,5.0
2025-10-15,61490982.525,2884060.32,2562124.271875,0,0,0,0,12.76288582935845,395.06283296254435,4.0
2025-10-16,62250589.18,2920199.745,2593774.549166667,0,0,0,0,13.074450536400228,393.11217176696493,4.0
2025-10-17,61968543.671,2948736.987,2582022.652958333,0,0,0,0,13.035323884589836,391.75604118543276,4.0
2025-10-18,56586041.385,2604571.063,2357751.7243749998,0,0,0,0,10.781270031566956,387.42900434032384,4.0
2025-10-19,59530114.201,3037773.804,2480421.4250416667,0,0,0,0,12.105730115803183,386.7932648225107,4.0
2025-10-20,68071407.743,3183892.193,2836308.6559583335,0,0,0,0,15.61993147043875,393.0609319015456,4.0
2025-10-21,68351401.75400001,3304720.008,2847975.0730833337,0,0,0,1,15.791125853718789,398.2963889739921,4.0
2025-10-22,65338274.076,3053638.644,2722428.0864999997,0,0,0,0,14.458786410179673,398.41203343486853,4.0
2025-10-23,68550041.481,3318735.805,2856251.7283750004,0,0,0,2,15.877270962860871,401.0494650532067,4.0
2025-10-24,74880711.314,3666104.9050000003,3120029.638083333,1,0,0,7,18.952529409057348,405.5355393695899,5.0
2025-10-25,70227776.725,3225209.722,2926157.3635416664,0,0,0,0,16.612924277192242,407.8174269330881,5.0
2025-10-26,68853420.537,3337451.469,2868892.522375,0,0,0,1,15.869461296777072,408.13794566793024,1.0
2025-10-27,70121497.844,3194780.498,2921729.0768333334,0,0,0,0,16.451872006264708,413.6587563868405,1.0
2025-10-28,71374003.45199999,3216274.568,2973916.8104999997,0,0,0,0,17.08645878199563,420.87605861629623,1.0
2025-10-29,68798805.277,3262321.755,2866616.8865416665,0,0,0,0,15.979727308042413,424.00349212069636,1.0
2025-10-30,69539632.838,3315031.132,2897484.7015833333,0,0,0,3,16.313764644659766,427.5440701593891,1.0
2025-10-31,65704336.82,3129513.457,2737680.700833333,0,0,0,0,14.569903804844381,428.1521608112794,1.0
2025-11-01,68573233.082,3395872.935,2857218.0450833333,0,0,0,1,16.02974513968699,429.29847501177477,1.0
2025-11-02,59639674.826,2834493.4790000003,2484986.451083333,0,0,0,0,12.034652237940252,424.6105177190523,1.0
2025-11-03,69618624.463,3297409.747,2900776.019291667,0,0,0,1,16.371993323677696,425.5435676493168,1.0
2025-11-04,75522366.862,3520805.412,3146765.285916667,0,0,0,8,19.173347170181184,430.2878444219159,1.0
2025-11-05,67774558.807,3237268.345,2823939.9502916667,0,0,0,0,15.545304880613083,432.13594210543977,1.0
2025-11-06,65285390.727,3090439.766,2720224.6136249998,0,0,0,0,14.416330776403136,433.8803528597674,1.0
2025-11-07,64395014.654,3053790.269,2683125.6105833333,0,0,0,0,14.035737530991662,435.3632027600157,1.0
2025-11-08,57932315.751,2769246.823,2413846.489625,0,0,0,0,11.305389117006762,432.5343492059984,1.0
2025-11-09,57599459.4,2878542.805,2399977.475,0,0,0,0,11.198844095970173,429.5405311280746,1.0
2025-11-10,66269991.58,3238595.888,2761249.6491666664,0,0,0,0,14.909645130892299,434.1420385520854,1.0
2025-11-11,68673741.112,3241207.402,2861405.879666667,0,0,0,0,15.848121364826504,440.683609057312,1.0
2025-11-12,76885168.179,3748026.94,3203548.6741250004,3,0,0,12,19.92453578608781,448.58349670295934,4.0
2025-11-13,74881996.66,3857278.1769999997,3120083.1941666664,2,0,0,6,19.100489740321244,455.2375529183491,6.0
2025-11-14,66784187.265,3119274.991,2782674.469375,0,0,0,0,14.973969653506577,457.44863674249723,6.0
2025-11-15,63475377.791999996,2928692.101,2644807.408,0,0,0,0,13.451179945754896,457.82536615185194,6.0
2025-11-16,61710854.411,3007416.887,2571285.6004583333,0,0,0,0,12.739365302429482,457.52940756969156,6.0
2025-11-17,73948953.849,3412259.597,3081206.4103750004,0,0,0,7,18.34537101319034,465.0935085513149,6.0
2025-11-18,73392970.403,3417020.876,3058040.4334583334,0,0,0,5,18.063085900719702,471.0508643362314,6.0
2025-11-19,74912461.243,3514655.569,3121352.5517916665,0,0,0,9,18.81180494190927,474.242737807702,6.0
2025-11-20,76709593.874,3579547.401,3196233.078083333,1,0,0,12,19.683004602818286,478.13461655680146,7.0
2025-11-21,75142149.088,3540504.852,3130922.878666667,0,0,0,8,18.957590974382427,482.63342112100423,7.0
2025-11-22,74212600.615,3468782.113,3092191.6922916663,0,0,0,6,18.43156714747909,485.18771730562247,7.0
2025-11-23,70754426.616,3311813.625,2948101.1089999997,0,0,0,1,16.79899228651909,483.0341801830842,6.0
2025-11-24,76968412.676,3586477.512,3207017.194833333,1,0,0,12,19.923955407292848,486.3452113131848,7.0
2025-11-25,73962068.93,3407547.062,3081752.872083334,0,0,0,8,18.29075355549565,488.7665035719034,7.0
2025-11-26,75435351.959,3489981.312,3143139.6649583336,0,0,0,9,19.091277359441563,491.4059089250802,7.0
2025-11-27,79847858.557,3693866.3310000002,3326994.1065416667,5,0,0,14,21.37198461388843,495.691434756973,12.0
2025-11-28,74471558.988,3348166.115,3102981.6245000004,0,0,0,6,18.544206689106787,498.2559141380374,12.0
2025-11-29,63343530.633,2945828.79,2639313.776375,0,0,0,0,13.591655289408099,495.53380478278575,12.0
2025-11-30,64903339.553,3108428.289,2704305.8147083335,0,0,0,0,14.16013376019999,495.12403473814135,12.0
2025-12-01,73906044.178,3480541.627,3079418.507416667,0,0,0,10,18.392555151076156,497.48684474953046,12.0
2025-12-02,74720708.284,3362639.374,3113362.8451666664,0,0,0,6,18.690755124376267,504.1429476359665,12.0
2025-12-03,71242052.451,3305184.582,2968418.852125,0,0,0,3,17.032644832678304,504.8035991449671,12.0
2025-12-04,72370622.728,3392788.567,3015442.6136666667,0,0,0,7,17.574922299438196,503.20517427422413,12.0
2025-12-05,70626307.774,3334828.221,2942762.8239166667,0,0,0,4,16.748425220918907,504.40829461452995,12.0
2025-12-06,65914157.372,3021298.806,2746423.2238333332,0,0,0,0,14.463335809410289,504.45529964753706,12.0
2025-12-07,63865002.125,2988111.932,2661041.7552083335,0,0,0,0,13.66976055096123,504.0893226675067,12.0
2025-12-08,78760431.686,3762253.398,3281684.6535833334,2,0,0,16,20.950465928512834,513.7343994790127,14.0
2025-12-09,71937174.26099999,3346274.408,2997382.2608749997,0,0,0,1,17.323680742581296,519.8592361256239,14.0
2025-12-10,76155035.765,3463410.4669999997,3173126.4902083334,0,0,0,6,19.400200964167713,524.3497919588993,14.0
2025-12-11,76921852.59,4449857.488,3205077.19125,3,2,0,10,22.307910386348652,530.8095809804214,17.0
2025-12-12,67880069.771,3187313.48,2828336.2404583334,0,0,0,0,15.621039810034311,526.506085004368,14.0
2025-12-13,61623416.328999996,2876128.335,2567642.3470416665,0,0,0,0,12.660615092194227,520.066210356241,12.0
2025-12-14,70568858.259,3154874.046,2940369.0941250003,0,0,0,0,16.60033930621396,521.6925800089483,12.0
2025-12-15,72842991.976,3368363.01,3035124.6656666663,0,0,0,4,17.793534615235576,526.034934678429,12.0
2025-12-16,68907736.209,3226199.387,2871155.675375,0,0,0,0,16.069732975737047,529.3653023517365,12.0
2025-12-17,69202403.908,3279047.285,2883433.496166667,0,0,0,1,16.140882727395624,527.1608140659418,12.0
2025-12-18,75960334.376,3431706.256,3165013.9323333334,0,0,0,9,19.349653251941177,528.4473814171633,12.0
2025-12-19,75992477.283,3868834.526,3166353.2201250005,5,0,0,7,19.938515644938,529.5740921201921,17.0
2025-12-20,59330448.994,2817625.436,2472102.041416667,0,0,0,0,11.876488136232929,521.7675756536067,16.0
2025-12-21,61368799.775,3001341.555,2557033.323958333,0,0,0,0,12.645986821270288,515.4559715004946,16.0
2025-12-22,68211191.194,3148730.783,2842132.9664166667,0,0,0,0,15.5986276770782,512.6230320300937,16.0
2025-12-23,68862013.449,3082778.11,2869250.560375,0,0,0,0,15.822609451885144,511.6466491954597,16.0
2025-12-24,68007728.287,3158214.166,2833655.3452916667,0,0,0,0,15.524943874884007,507.24763766305085,15.0
2025-12-25,66030292.414,3039475.736,2751262.1839166665,0,0,0,0,14.55620626312735,503.51309037068256,15.0
2025-12-26,61878711.014,2865955.19,2578279.6255833334,0,0,0,0,12.803090995879057,497.22490400712,15.0
2025-12-27,64056016.889,3193169.59,2669000.7037083334,0,0,0,0,13.888950722487001,489.74187011571865,10.0
2025-12-28,64663596.774000004,3170625.34,2694316.53225,0,0,0,0,14.071653451048888,485.2693168776607,10.0
2025-12-29,68558568.32699999,3066484.014,2856607.0136249997,0,0,0,0,15.74228473163518,487.4199463198878,10.0
2025-12-30,69627091.36,3170201.298,2901128.8066666666,0,0,0,0,16.183520409877755,489.4433329695656,10.0
2025-12-31,63479760.79,2872311.541,2644990.0329166665,0,0,0,0,13.50521083694577,484.5559886554352,10.0
2026-01-01,80456034.238,3799688.392,3352334.759916667,6,0,0,15,22.094672574168605,487.95990610522756,16.0
2026-01-02,75310269.344,3415036.33,3137927.8893333334,0,0,0,6,19.005318862155956,489.9325801347052,16.0
2026-01-03,70135439.56,3324195.211,2922309.981666667,0,0,0,1,16.45253299618924,488.8101908314562,16.0
2026-01-04,71190962.21,3361101.179,2966290.092083333,0,0,0,1,16.942973804432555,489.00473941496983,16.0
2026-01-05,81569318.98,3725943.32,3398721.624166667,8,0,0,15,22.384151687149433,496.925555292709,24.0
2026-01-06,83272806.676,3754062.4790000003,3469700.2781666666,12,0,0,20,23.36762595629354,506.62342069804134,36.0
2026-01-07,84745006.309,3878679.838,3531041.9295416665,11,0,0,21,24.597902265404787,510.2708570349333,45.0
2026-01-08,81327554.243,3682449.461,3388648.0934583335,6,0,0,16,22.069285350832622,515.0164616431846,51.0
2026-01-09,88615199.448,4138436.71,3692299.977,19,3,0,23,28.596499790225693,524.2127604692427,70.0
2026-01-10,77829955.56,3659080.4880000004,3242914.815,1,0,0,13,20.231238929966743,522.1360890128607,68.0
2026-01-11,79549383.92,3649975.521,3314557.6633333336,2,0,0,14,21.014243060599654,527.529292263426,70.0
2026-01-12,85996220.831,3906576.4930000002,3583175.8679583333,15,0,0,21,25.76284568783961,540.6315228590714,85.0
2026-01-13,80033302.512,3650199.606,3334720.9379999996,4,0,0,14,21.418993477352046,545.4501770302095,89.0
2026-01-14,78410425.049,3603796.861,3267101.0437083333,3,0,0,13,20.69532401134672,548.3519664263206,92.0
2026-01-15,79217925.713,3834834.8419999997,3300746.9047083333,6,0,0,12,21.340083965591205,553.6223174161748,98.0
2026-01-16,75248195.28,3684591.401,3135341.47,3,0,0,8,19.12065476981123,556.6020894585904,101.0
2026-01-17,62922850.335,2988737.7909999997,2621785.430625,0,0,0,0,13.21616972168365,550.4686059283329,101.0
2026-01-18,64388261.877,3096014.346,2682844.244875,0,0,0,0,13.906674455701022,544.4367647390959,96.0
2026-01-19,73249173.017,3444452.2939999998,3052048.8757083337,0,0,0,5,18.061162954675417,550.6214395575383,96.0
2026-01-20,75365264.835,3458904.372,3140219.3681249996,0,0,0,7,19.00053646036137,556.9759891966295,96.0
2026-01-21,80755106.592,3975901.685,3364796.1079999995,3,1,0,14,22.270513038860894,563.6478745584121,99.0
2026-01-22,86080592.62200001,3997287.833,3586691.35925,12,3,0,21,26.33109809222087,574.1563631987478,111.0
2026-01-23,82482537.623,3731755.871,3436772.400958333,4,0,0,21,22.705527443780444,581.3369467676443,115.0
2026-01-24,61057303.429,2959490.334,2544054.3095416664,0,0,0,0,12.523866762240475,579.3046072667574,115.0
2026-01-25,68946962.656,3367728.6459999997,2872790.1106666666,0,0,0,1,16.00558512408673,582.507101394965,115.0
2026-01-26,80348462.172,3856262.322,3347852.5905000004,8,0,0,14,22.233721735897827,590.8518724083759,123.0
2026-01-27,79966363.574,3750358.009,3331931.8155833334,3,0,0,14,21.43252027216299,598.21273922949,126.0
2026-01-28,81237071.946,3718747.077,3384877.9977499996,8,0,0,14,22.069311597455993,604.5397660953109,134.0
2026-01-29,83828142.187,3860106.936,3492839.257791667,12,0,0,19,24.033956031565534,612.3902017169986,146.0
2026-01-30,86553296.28299999,3970155.8789999997,3606387.3451249995,14,1,0,23,26.327579228712377,625.2125701087652,160.0
2026-01-31,82605197.05,3845382.82,3441883.2104166667,6,0,0,21,23.080236118403405,626.1981336530001,160.0
2026-02-01,84246857.83,4024126.156,3510285.7429166664,10,3,0,18,25.066930578006534,632.2597453688506,170.0
