timestamp,scenario,actual_price,forecast_price,baseline_load,inflexible_load,shifted_out,shifted_in,shifted_total_load,target_hour_idx,wait_hours,shift_score,timeslot_shiftability,flex_short_flex_load,shift_out_short_flex,flex_day_flex_load,shift_out_day_flex,flex_multi_day_flex_load,shift_out_multi_day_flex,target_timestamp
2025-12-19 00:00:00,conservative,73.516608,151.00516193542185,3605.324047,2956.3657185399998,0.9642023931382457,0.0,3604.3598446068618,5,5.0,14.995543488328469,0.6,216.31944282,0.11998715920058187,288.42592376,0.6171603311078789,144.21296188,0.22705490282978494,2025-12-19 05:00:00
2025-12-19 01:00:00,conservative,43.762554,90.25898740424682,3868.834526,3172.44431132,0.5725490545873646,0.0,3868.2619769454127,4,3.0,6.9751954193731,0.6,232.13007156,0.10485046631763313,309.50676208,0.3543593127415441,154.75338104,0.11333927552818734,2025-12-19 04:00:00
2025-12-19 02:00:00,conservative,32.350296,63.71987078578155,3809.755944,3123.9998740799997,0.0,0.0,3809.755944,-1,0.0,0.0,0.6,228.58535664,0.0,304.78047552,0.0,152.39023776,0.0,
2025-12-19 03:00:00,conservative,26.261268,43.938011909658236,3814.2640050000005,3127.6964841000004,0.0,0.0,3814.2640050000005,-1,0.0,0.0,0.6,228.8558403,0.0,305.14112040000003,0.0,152.57056020000002,0.0,
2025-12-19 04:00:00,conservative,30.127614,36.35603658441386,3628.1016170000003,2975.04332594,0.0,0.5725490545873646,3628.6741660545877,-1,0.0,0.0,0.6,217.68609702,0.0,290.24812936,0.0,145.12406468,0.0,
2025-12-19 05:00:00,conservative,68.60429400000001,56.94396943596073,3331.6494279999997,2731.9525309599994,0.0,0.9642023931382457,3332.613630393138,-1,0.0,0.0,0.6,199.89896567999998,0.0,266.53195424,0.0,133.26597712,0.0,
2025-12-19 06:00:00,conservative,233.77384625000002,136.7595555225083,3006.963525,2465.7100904999998,0.5152490112310527,0.0,3006.448275988769,24,18.0,38.97315647192911,0.3,180.4178115,0.0,240.557082,0.26924355890076856,120.278541,0.24600545233028412,2025-12-20 00:00:00
2025-12-19 07:00:00,conservative,377.837266,237.48082946910657,3138.483303,2573.55630846,2.848808713619443,0.0,3135.6344942863807,24,17.0,142.30053323147732,0.3,188.30899818,0.5950633392724725,251.07866424,1.3206858078414263,125.53933212,0.9330595665055442,2025-12-20 00:00:00
2025-12-19 08:00:00,conservative,445.7317975,320.9288632674283,3281.613261,2690.9228740199997,4.089818391807899,1.9157491471138988,3279.4391917553057,24,16.0,194.47674336056946,0.3,196.89679565999998,0.8583373149296569,262.52906088,1.9040544465487113,131.26453044,1.327426630329531,2025-12-20 00:00:00
2025-12-19 09:00:00,conservative,464.52186,367.18360012458203,3215.1992120000004,2636.4633538400003,6.580099248346707,2.7623917614783684,3211.381504513132,24,15.0,212.3254548482407,0.5,192.91195272000002,1.000329436598867,257.21593696,3.217545419746487,128.60796848,2.362224392001353,2025-12-20 00:00:00
2025-12-19 10:00:00,conservative,469.0792975,408.49303037982565,3202.467313,2626.02319666,7.4078196207723135,1.000329436598867,3196.0598228158265,24,14.0,220.05915072316623,0.5,192.14803878,1.4108682019653007,256.19738504000003,3.5604267622038384,128.09869252000001,2.436524656603174,2025-12-20 00:00:00
2025-12-19 11:00:00,conservative,472.62811375,389.6960102086607,3161.184896,2592.17161472,7.921043592796659,1.4108682019653007,3154.674720609169,24,13.0,227.24096085021196,0.5,189.67109376000002,1.5495817731899701,252.89479168000003,3.8898525642814232,126.44739584000001,2.4816092553252656,2025-12-20 00:00:00
2025-12-19 12:00:00,conservative,462.5233105,384.2771623725362,3058.465123,2507.9414008599997,7.36348660940069,1.5495817731899701,3052.651218163789,24,12.0,223.88281300130797,0.5,183.50790737999998,1.0220366686978197,244.67720984,3.9750612635971345,122.33860492,2.3663886771057356,2025-12-20 00:00:00
2025-12-19 13:00:00,conservative,458.731676,402.3397800389192,3001.023889,2460.83958898,7.69208471170826,1.0220366686978197,2994.3538409569896,24,11.0,225.3626878716409,0.5,180.06143334,1.1470425684117578,240.08191112,4.208138110212409,120.04095556,2.3369040330840933,2025-12-20 00:00:00
2025-12-19 14:00:00,conservative,469.84508800000003,389.8801509203025,2936.925435,2408.2788567,8.181616825785488,1.1470425684117578,2929.8908607426265,24,10.0,239.01420833470544,0.5,176.2155261,1.081789983176458,234.95403480000002,4.678146994734568,117.47701740000001,2.421679847874461,2025-12-20 00:00:00
2025-12-19 15:00:00,conservative,549.955034,403.49726842701034,3037.017339,2490.3542179799997,12.531278606148945,1.081789983176458,3025.5678503770273,24,9.0,310.7560671600662,0.5,182.22104034,2.598785445594522,242.96138712,6.708363402905414,121.48069356,3.224129757649007,2025-12-20 00:00:00
2025-12-19 16:00:00,conservative,602.70170425,395.2710280154181,3000.074526,2460.06111132,4.152981248083001,2.598785445594522,2998.520330197511,24,8.0,361.98150358033047,0.15,180.00447155999998,0.5814411725461764,240.00596208,2.4679303511419888,120.00298104,1.103609724394836,2025-12-20 00:00:00
2025-12-19 17:00:00,conservative,607.74475825,486.1396652927368,3075.6760830000003,2522.0543880600003,4.639887633157849,0.5814411725461764,3071.6176365393885,24,7.0,373.67823554401394,0.15,184.54056498,0.6822052250218366,246.05408664000004,2.7921456976609735,123.02704332000002,1.165536710475039,2025-12-20 00:00:00
2025-12-19 18:00:00,conservative,550.459351,478.32616386432437,3073.051817,2519.9024899399997,4.445937134170769,0.0,3068.605879865829,24,6.0,330.41943822514645,0.15,184.38310902,0.7589833147383126,245.84414536,2.6495336698894736,122.92207268,1.0374201495429831,2025-12-20 00:00:00
2025-12-19 19:00:00,conservative,389.6043945,464.7393195681597,2872.7645380000004,2355.66692116,2.521465068228955,0.0,2870.2430729317716,24,5.0,191.5467701304357,0.15,172.36587228000002,0.3905341039391223,229.82116304000004,1.5584987925672509,114.91058152000002,0.572432171722582,2025-12-20 00:00:00
2025-12-19 20:00:00,conservative,410.635826,401.8920207783786,2767.861198,2269.64618236,3.0208810165212614,0.0,2764.8403169834787,24,4.0,214.8307297704283,0.15,166.07167188,0.6036639541848164,221.42889584,1.8001157630444369,110.71444792,0.6171012992920079,2025-12-20 00:00:00
2025-12-19 21:00:00,conservative,387.28832650000004,279.3788107330788,2808.5492059999997,2303.0103489199996,7.762984611444692,5.227532295545061,2806.0137536841003,24,3.0,197.18275141374085,0.4,168.51295235999999,1.4310262139086494,224.68393647999997,4.79653104365426,112.34196823999999,1.5354273538817833,2025-12-20 00:00:00
2025-12-19 22:00:00,conservative,379.98522825,370.34551615722745,2746.8584539999997,2252.4239322799995,8.247217031047954,0.0,2738.6112369689517,24,2.0,194.1493675507692,0.4,164.81150723999997,1.8203012274506067,219.74867632,4.947874284579158,109.87433816,1.4790415190181898,2025-12-20 00:00:00
2025-12-19 23:00:00,conservative,430.752032,239.91084444535292,2550.3685979999996,2091.3022503599996,10.800926928543912,0.0,2539.5676710714556,24,1.0,247.8329986244163,0.4,153.02211587999997,2.8331728609405404,204.02948783999997,6.225200304062463,102.01474391999999,1.742553763540908,2025-12-20 00:00:00
2025-12-20 00:00:00,conservative,503.57756725,177.91247470052133,2608.9155180000002,2139.31072476,18.1208719070927,90.42603754849766,2681.2206836414052,26,2.0,287.9939188910503,0.6,156.53493108,4.70690048421587,208.71324144000002,10.323436255160244,104.35662072000001,3.090535167716586,2025-12-20 02:00:00
2025-12-20 01:00:00,conservative,502.86777725,229.26728106550257,2554.5576060000003,2094.73723692,19.056001674803756,15.030336739376114,2550.531941064573,26,1.0,293.11604675587995,0.6,153.27345636,5.0115381085364765,204.36460848000002,10.966769587799458,102.18230424000001,3.0776939784678214,2025-12-20 02:00:00
2025-12-20 02:00:00,conservative,558.71500825,203.83039356630607,2435.881391,1997.4227406199998,19.567392179308495,22.14653684252034,2438.4605356632114,27,1.0,316.9821311301279,0.6,146.15288346,5.153851239522887,194.87051128,11.251267765784108,97.43525564,3.1622731740014984,2025-12-20 03:00:00
2025-12-20 03:00:00,conservative,589.496345,235.32941330650664,2253.918224,1848.2129436799999,16.8592774988253,19.567392179308495,2256.6263386804835,28,1.0,293.95907332119094,0.6,135.23509343999999,4.434051795967243,180.31345792,9.702261371419908,90.15672896,2.72296433143815,2025-12-20 04:00:00
2025-12-20 04:00:00,conservative,612.89989025,289.59890448469764,2155.078793,1767.16461026,13.983431417400354,16.8592774988253,2157.954639081425,29,1.0,253.34558031911743,0.6,129.30472758,3.6690534926669125,172.40630344000002,8.058101184634555,86.20315172000001,2.256276740098887,2025-12-20 05:00:00
2025-12-20 05:00:00,conservative,621.06216875,354.4363897185803,2090.941551,1714.5720718199998,11.117242920774968,13.983431417400354,2093.8077394966253,30,1.0,206.27284931796333,0.6,125.45649305999999,2.910217554737635,167.27532408,6.414963964154997,83.63766204,1.792061401882335,2025-12-20 06:00:00
2025-12-20 06:00:00,conservative,638.4513832499999,410.6223314646767,2160.6608969999997,1771.7419355399998,3.1336202865728287,11.117242920774968,2168.644519634202,31,1.0,111.52358186265478,0.3,129.63965381999998,0.8175919602553474,172.85287175999997,1.811602687383017,86.42643587999999,0.5044256389344643,2025-12-20 07:00:00
2025-12-20 07:00:00,conservative,723.10010475,524.6748755891359,2308.4748080000004,1892.94934256,4.070112346606222,3.1336202865728287,2307.538315939967,36,5.0,184.10034770270704,0.3,138.50848848,0.7765132743789428,184.67798464000003,2.40875839299981,92.33899232000002,0.8848406792274689,2025-12-20 12:00:00
2025-12-20 08:00:00,conservative,779.7131045,622.0095863829738,2487.288853,2039.57685946,5.954062443977977,0.7765132743789428,2482.111303830401,36,4.0,240.0798069129009,0.3,149.23733117999998,1.1124731862905153,198.98310824,3.6057051410295564,99.49155412,1.2358841166579055,2025-12-20 12:00:00
2025-12-20 09:00:00,conservative,818.3205435,645.1036969182778,2550.4762889999997,2091.3905569799995,13.102434628044524,1.1124731862905153,2538.4863275582456,36,3.0,281.2888575086236,0.5,153.02857733999997,2.9580841627141274,204.03810312,7.6828832171509,102.01905156,2.4614672481794964,2025-12-20 12:00:00
2025-12-20 10:00:00,conservative,798.633926,607.8871478773686,2623.4177179999997,2151.2025287599995,13.475707192000845,2.9580841627141274,2612.900094970713,36,2.0,268.05657517826165,0.5,157.40506307999996,2.989336153235345,209.87341743999997,8.06924879162622,104.93670871999998,2.41712224713928,2025-12-20 12:00:00
2025-12-20 11:00:00,conservative,777.02348375,596.6675265179293,2620.61685,2148.905817,14.113227124522819,0.0,2606.503622875477,36,1.0,252.2891503768231,0.5,157.237011,3.702898816891377,209.649348,8.133162689018043,104.824674,2.277165618613398,2025-12-20 12:00:00
2025-12-20 12:00:00,conservative,770.2620420000001,519.6377544613533,2542.565407,2084.90363374,11.724471784389973,45.8684731117688,2576.7094083273787,38,2.0,239.760116583204,0.5,152.55392442,2.5953863497319594,203.40523256,7.026225349481411,101.70261628,2.1028600851766024,2025-12-20 14:00:00
2025-12-20 13:00:00,conservative,785.67139,598.127747011452,2513.085286,2060.72993452,13.916559025111038,0.0,2499.168726974889,38,1.0,259.70781468927794,0.5,150.78511716,3.6527781949180547,201.04682288,8.017968692723601,100.52341144,2.245812137469382,2025-12-20 14:00:00
2025-12-20 14:00:00,conservative,838.492772,520.7171294385782,2514.783413,2062.12239866,10.695765506837947,25.64103080950101,2529.728678302663,47,9.0,223.59157873800686,0.5,150.88700478,2.7297737960869637,201.18267304000003,6.022726791562013,100.59133652000001,1.9432649191889706,2025-12-20 23:00:00
2025-12-20 15:00:00,conservative,849.43808225,641.7433421224382,2570.778849,2108.0386561799996,7.420158729416221,8.752500587648976,2572.111190858233,47,8.0,237.43540639505824,0.5,154.24673094,0.6432405313147986,205.66230792,4.670755091930999,102.83115396,2.1061631061704227,2025-12-20 23:00:00
2025-12-20 16:00:00,conservative,855.69522325,804.3878570857314,2708.803738,2221.21906516,2.581073813144889,0.6432405313147986,2706.86590471817,47,7.0,247.67161683243734,0.15,162.52822428,0.23886136661640123,216.70429904000002,1.6485984920781676,108.35214952000001,0.6936139544503203,2025-12-20 23:00:00
2025-12-20 17:00:00,conservative,876.8387045,847.8556961888273,2817.6254360000003,2310.45285752,3.161551798126183,0.0,2814.463884201874,47,6.0,271.4275010030167,0.15,169.05752616,0.36505865171095275,225.41003488,2.008238345655289,112.70501744,0.7882548007599416,2025-12-20 23:00:00
2025-12-20 18:00:00,conservative,845.85189325,901.5491151746544,2750.9773990000003,2255.80146718,3.0599445399498015,0.0,2747.9174544600505,47,5.0,248.87267395877367,0.15,165.05864394000002,0.4232241501089375,220.07819192000002,1.9289969065711152,110.03909596000001,0.7077234832697489,2025-12-20 23:00:00
2025-12-20 19:00:00,conservative,777.82662075,828.1939707925707,2599.1350589999997,2131.2907483799995,2.4022141406431086,0.0,2596.7328448593566,47,4.0,191.10499445662748,0.15,155.94810353999998,0.3783345822810438,207.93080471999997,1.5071437615115666,103.96540235999998,0.5167357968504981,2025-12-20 23:00:00
2025-12-20 20:00:00,conservative,720.09294675,782.1575421579253,2489.021841,2040.99790962,1.8476530482335263,0.0,2487.1741879517667,47,3.0,140.59404486374208,0.15,149.34131046000002,0.33949855604031165,199.12174728000002,1.1425581987324298,99.56087364000001,0.3655962934607849,2025-12-20 23:00:00
2025-12-20 21:00:00,conservative,694.89631375,692.466404855761,2389.025949,1959.0012781799999,4.43160170266068,0.0,2384.594347297339,47,2.0,119.22557408117456,0.4,143.34155693999998,0.9746887172565513,191.12207592,2.6622612966539845,95.56103796,0.7946516887501454,2025-12-20 23:00:00
2025-12-20 22:00:00,conservative,689.18084975,618.482259907575,2313.2725809999997,1896.8835164199998,4.652662065507401,1.4054787507173352,2310.02539768521,47,1.0,116.03180021294101,0.4,138.79635485999998,1.214063295558898,185.06180647999997,2.6896135816832425,92.53090323999999,0.7489851882652608,2025-12-20 23:00:00
2025-12-20 23:00:00,conservative,677.43238725,570.8050516870408,2271.145538,1862.33934116,3.447815256060009,29.45140547483865,2297.149128218779,75,28.0,109.45817367884588,0.4,136.26873228,0.8557919628215834,181.69164304000003,1.8980766201055617,90.84582152000002,0.6939466731328641,2025-12-22 03:00:00
2025-12-21 00:00:00,conservative,714.99383075,592.5471293713829,2311.7398700000003,1895.6266934000002,5.852029170689747,2.753868582927145,2308.641709412238,75,27.0,133.55824102030928,0.6,138.7043922,1.221692851877543,184.93918960000002,3.339449526671642,92.46959480000001,1.2908867921405611,2025-12-22 03:00:00
2025-12-21 01:00:00,conservative,672.744204,670.1287550518882,2338.690154,1917.7259262799998,4.341669229898837,0.0,2334.348484770101,75,26.0,111.13802521358976,0.6,140.32140923999998,1.0106876544034256,187.09521232,2.242756665919295,93.54760616,1.0882249095761174,2025-12-22 03:00:00
2025-12-21 02:00:00,conservative,646.14673575,607.8771420838369,2347.258344,1924.7518420799997,3.079159460144446,7.8145866988719055,2351.9937712387273,75,25.0,97.2509822864733,0.6,140.83550064,0.4848998219263121,187.78066751999998,1.6378197267356351,93.89033375999999,0.9564399114824991,2025-12-22 03:00:00
2025-12-21 03:00:00,conservative,638.0031407500001,625.0074017165905,2316.554998,1899.5750983599999,2.9807068789982587,0.0,2313.574291121002,75,24.0,94.17646111198289,0.6,138.99329988,0.5527879817968119,185.32439984,1.5136945065033354,92.66219992,0.9142243906981117,2025-12-22 03:00:00
2025-12-21 04:00:00,conservative,639.7401835,616.2148106506679,2260.632344,1853.71852208,3.3486449262161955,0.0,2257.2836990737837,75,23.0,97.17551850504391,0.6,135.63794064,0.7541789712923369,180.85058752,1.6740349772203702,90.42529376,0.9204309777034886,2025-12-22 03:00:00
2025-12-21 05:00:00,conservative,610.0981899999999,589.6803558223708,2215.1501180000005,1816.4230967600004,1.4287476035467428,6.617415985474801,2220.338786381929,75,22.0,80.04807078913086,0.6,132.90900708000004,0.06947942122889002,177.21200944000003,0.6157459918001049,88.60600472000002,0.7435221905177478,2025-12-22 03:00:00
2025-12-21 06:00:00,conservative,611.984659,605.3938292017048,2227.517045,1826.5639769,0.7310102156981411,0.06947942122889002,2226.855514205531,75,21.0,82.90464754275762,0.3,133.6510227,0.0,178.2013636,0.34387885940280694,89.1006818,0.3871313562953342,2025-12-22 03:00:00
2025-12-21 07:00:00,conservative,663.0316365,679.4767813610157,2309.589622,1893.8634900399998,1.1219605263405819,0.0,2308.4676614736595,75,20.0,118.79724482534748,0.3,138.57537732,0.0,184.76716976,0.5478437789750201,92.38358488,0.5741167473655617,2025-12-22 03:00:00
2025-12-21 08:00:00,conservative,720.279723,702.1031778998155,2478.314879,2032.21820078,1.7246051133508007,0.0,2476.5902738866494,75,19.0,160.34686547090692,0.3,148.69889274,0.04484940735157546,198.26519032000002,0.8506697389697151,99.13259516000001,0.82908596702951,2025-12-22 03:00:00
2025-12-21 09:00:00,conservative,758.45754425,714.8512410723114,2574.160003,2110.81120246,4.018207206364834,0.04484940735157546,2570.1866452009867,75,18.0,190.22184908960568,0.5,154.44960018,0.44726950143264593,205.93280024,1.8727754150652793,102.96640012,1.6981622898669086,2025-12-22 03:00:00
2025-12-21 10:00:00,conservative,766.4143775,756.7408367990909,2661.5813420000004,2182.49670044,4.763400419424744,0.0,2656.8179415805757,75,17.0,199.72802311410382,0.5,159.69488052000003,0.7416913711053134,212.92650736000004,2.179848869523565,106.46325368000002,1.841860178795865,2025-12-22 03:00:00
2025-12-21 11:00:00,conservative,756.83255625,716.2367023698449,2688.746705,2204.7722980999997,4.810822656716216,1.1889608725379592,2685.124843215822,75,16.0,196.8049665478039,0.5,161.3248023,0.6500796894882017,215.0997364,2.3267800782586923,107.5498682,1.8339628889693216,2025-12-22 03:00:00
2025-12-21 12:00:00,conservative,735.782441,713.301991756797,2689.302066,2205.2276941200003,4.394949753089376,0.6500796894882017,2685.5571959363992,75,15.0,185.18638167134023,0.5,161.35812396,0.31839286591193106,215.14416528,2.3485765450041387,107.57208264,1.7279803421733062,2025-12-22 03:00:00
2025-12-21 13:00:00,conservative,708.7740695,714.4722716423008,2717.414285,2228.2797137,4.10787282239682,0.31839286591193106,2713.6248050435147,75,14.0,168.5149066729114,0.5,163.04485709999997,0.20039100860537756,217.3931428,2.3162602166637187,108.6965714,1.5912215971277244,2025-12-22 03:00:00
2025-12-21 14:00:00,conservative,738.8456462500001,718.4799330583174,2682.1104339999997,2199.33055588,5.248999236474656,0.0,2676.8614347635253,75,13.0,195.1058705428891,0.5,160.92662603999997,0.5988011697722452,214.56883471999998,2.8362518948882918,107.28441735999999,1.8139461718141199,2025-12-22 03:00:00
2025-12-21 15:00:00,conservative,753.61993675,732.2286324350763,2789.314698,2287.23805236,6.515404147267012,0.0,2782.799293852733,75,12.0,210.66913910973307,0.5,167.35888188,1.068890754943947,223.14517584,3.4128172489506037,111.57258792,2.0336961433724614,2025-12-22 03:00:00
2025-12-21 16:00:00,conservative,728.55406425,684.5894007490825,2816.701361,2309.6951160199997,1.6658182034785691,1.8680829333215698,2816.903625729843,75,11.0,194.80910415345195,0.15,169.00208166,0.06973695434028519,225.33610887999998,1.0254423629296956,112.66805443999999,0.5706388862085883,2025-12-22 03:00:00
2025-12-21 17:00:00,conservative,725.21069875,809.2936521734115,3001.341555,2461.1000750999997,1.8854127269021572,0.0,2999.4561422730976,75,10.0,196.00719295313357,0.15,180.0804933,0.0952657133112825,240.1073244,1.178434248310178,120.0536622,0.6117127652806968,2025-12-22 03:00:00
2025-12-21 18:00:00,conservative,678.347606,811.5558711291543,2931.663684,2403.96422088,1.618886948824433,0.0,2930.0447970511755,75,9.0,160.82345551699126,0.15,175.89982104,0.1132292335432101,234.53309472,1.0138454716704675,117.26654736,0.4918122436107555,2025-12-22 03:00:00
2025-12-21 19:00:00,conservative,635.05199825,784.7149320228514,2855.2801,2341.3296819999996,1.304724389169415,0.0,2853.9753756108307,75,8.0,127.17822159248793,0.15,171.31680599999999,0.08680744489645321,228.422408,0.838197147779932,114.211204,0.37971979649302967,2025-12-22 03:00:00
2025-12-21 20:00:00,conservative,610.0608414999999,721.6799677532525,2664.939101,2185.25006282,1.0956773572662892,0.0,2663.843423642734,75,7.0,108.02112415812087,0.15,159.89634605999998,0.08138355725697212,213.19512808,0.7129275056665922,106.59756404,0.3013662943427248,2025-12-22 03:00:00
2025-12-21 21:00:00,conservative,581.46482925,693.3915996508395,2521.725336,2067.81477552,2.3533650579023133,0.0,2519.3719709420975,75,6.0,84.84090794417233,0.4,151.30352016,0.23922326731651478,201.73802688,1.5161925028914038,100.86901344,0.5979492876943948,2025-12-22 03:00:00
2025-12-21 22:00:00,conservative,569.21205025,661.9827315418479,2498.109187,2048.44953334,2.2391231978112907,0.16500266765156768,2496.0350664698403,75,5.0,75.46803505960598,0.4,149.88655122,0.27890949614361593,199.84873496,1.4331029481416486,99.92436748,0.5271107535260261,2025-12-22 03:00:00
2025-12-21 23:00:00,conservative,529.74542675,657.2920610150979,2470.962544,2026.1892860799999,1.2944420659103804,0.0,2469.6681019340895,75,4.0,40.56030520745931,0.4,148.25775264,0.19619297569004418,197.67700352,0.8177424660507104,98.83850176,0.2805066241696258,2025-12-22 03:00:00
2025-12-22 00:00:00,conservative,524.641554,574.4908790281564,2615.876197,2145.01848154,2.0291944474992114,0.20003667843966333,2614.0470392309403,75,3.0,36.57303138466714,0.6,156.95257182,0.3716868555493591,209.27009576,1.2558285076128868,104.63504788,0.40167908433696536,2025-12-22 03:00:00
2025-12-22 01:00:00,conservative,514.16403775,569.7277802005015,2620.5707479999996,2148.8680133599996,1.6721345024064806,0.0,2618.898613497593,75,2.0,27.24516866593115,0.6,157.23424487999998,0.36701847779797736,209.64565983999998,1.005301673043848,104.82282991999999,0.2998143515646551,2025-12-22 03:00:00
2025-12-22 02:00:00,conservative,506.39463175000003,527.9456330519878,2674.4810669999997,2193.0744749399996,1.4088386177031245,0.08138355725697212,2673.1536119395537,75,1.0,20.17999612865639,0.6,160.46886401999998,0.3670852956491094,213.95848535999997,0.8150986037481721,106.97924267999998,0.22665471830584288,2025-12-22 03:00:00
2025-12-22 03:00:00,conservative,495.07666574999996,485.80697265781004,2682.2609850000003,2199.4540077,0.13181982067150844,58.711482777088904,2740.840647956418,99,24.0,6.807540094459023,0.6,160.9356591,0.0,214.58087880000002,0.05513041103980937,107.29043940000001,0.07668940963169907,2025-12-23 03:00:00
2025-12-22 04:00:00,conservative,489.1935645,539.3617318116845,2745.493765,2251.3048873,0.0659848656402661,0.0,2745.42778013436,99,23.0,3.2311559226666224,0.6,164.7296259,0.0,219.6395012,0.028726267469015434,109.8197506,0.03725859817125066,2025-12-23 03:00:00
2025-12-22 05:00:00,conservative,510.95167775,559.9885614749469,2538.6100239999996,2081.6602196799995,0.3371503254685014,0.0,2538.272873674531,99,22.0,17.30944698919156,0.6,152.31660143999997,0.0,203.08880191999998,0.15260830653693158,101.54440095999999,0.1845420189315698,2025-12-23 03:00:00
2025-12-22 06:00:00,conservative,540.1430675,697.4708934523667,2464.900996,2021.2188167199997,0.3597344956952617,0.0,2464.5412615043047,99,21.0,36.839230814714696,0.3,147.89405975999998,0.0,197.19207968,0.16910989494251563,98.59603984,0.19062460075274607,2025-12-23 03:00:00
2025-12-22 07:00:00,conservative,618.715103,851.0215065217961,2711.831568,2223.70188576,1.0191533866634703,0.0,2710.8124146133364,99,20.0,90.25184309620076,0.3,162.70989408,0.0,216.94652544000002,0.5062487816746222,108.47326272000001,0.5129046049888482,2025-12-23 03:00:00
2025-12-22 08:00:00,conservative,632.4983432500001,911.6999927124962,2892.469316,2371.82483912,1.2695647118589228,0.0,2891.199751288141,99,19.0,101.50087736750602,0.3,173.54815896,0.0,231.39754528000003,0.6546454842211704,115.69877264000002,0.6149192276377523,2025-12-23 03:00:00
2025-12-22 09:00:00,conservative,675.30490575,854.9830048449282,2982.545728,2445.68749696,2.989982656075801,0.0,2979.555745343924,99,18.0,133.41645636095097,0.5,178.95274368,0.0,238.60365824000002,1.6035526841089986,119.30182912000001,1.3864299719668023,2025-12-23 03:00:00
2025-12-22 10:00:00,conservative,664.24837675,858.733358184103,2983.742691,2446.66900662,2.9834088441231374,0.0,2980.759282155877,99,17.0,128.24193834609923,0.5,179.02456146,0.0,238.69941528,1.6497583768422146,119.34970764,1.3336504672809228,2025-12-23 03:00:00
2025-12-22 11:00:00,conservative,634.3473245,833.7501993109064,3005.055731,2464.14569942,2.648181163926787,0.0,3002.407549836073,99,16.0,109.11997704949142,0.5,180.30334385999998,0.0,240.40445848,1.5039654619503098,120.20222924,1.144215701976477,2025-12-23 03:00:00
2025-12-22 12:00:00,conservative,644.86217375,832.2535941136323,2981.016335,2444.4333946999996,2.990312329284322,0.0,2978.0260226707155,99,15.0,119.11393872170149,0.5,178.86098009999998,0.0,238.4813068,1.7520107979038873,119.2406534,1.2383015313804349,2025-12-23 03:00:00
2025-12-22 13:00:00,conservative,661.07339225,745.1625987033019,3009.544183,2467.82623006,3.5414939310295432,0.0,3006.0026890689705,99,14.0,133.77237527123097,0.5,180.57265098,0.0,240.76353464,2.1388155129256536,120.38176732,1.4026784181038898,2025-12-23 03:00:00
2025-12-22 14:00:00,conservative,687.23916125,740.8309997216986,3008.732987,2467.16104934,4.337587009699734,0.0,3004.3953999903,99,13.0,156.64991419149175,0.5,180.52397921999997,0.0,240.69863895999998,2.6982286560745083,120.34931947999999,1.6393583536252263,2025-12-23 03:00:00
2025-12-22 15:00:00,conservative,709.707,752.5556862500869,3056.241657,2506.1181587399997,5.223175531445593,0.0,3051.0184814685545,99,12.0,177.48828031193688,0.5,183.37449942,0.0,244.49933256,3.3397286259886885,122.24966628,1.8834469054569047,2025-12-23 03:00:00
2025-12-22 16:00:00,conservative,747.1160405,787.4664683929508,3057.073124,2506.79996168,2.040620779077837,0.0,3055.032503220922,99,11.0,211.0952396282722,0.15,183.42438744,0.08854249855986883,244.56584992,1.2820802224148733,122.28292496,0.6699980581030948,2025-12-23 03:00:00
2025-12-22 17:00:00,conservative,795.712288,836.1490883101154,3148.730783,2581.9592420599997,2.783567696373302,0.0,3145.9472153036268,99,10.0,255.1468886544713,0.15,188.92384697999998,0.23983858763042123,251.89846264,1.7139118314854276,125.94923132,0.8298172772574529,2025-12-23 03:00:00
2025-12-22 18:00:00,conservative,753.78353625,891.110457370579,3101.5345580000003,2543.25833756,2.5720635339915736,0.0,3098.9624944660086,99,9.0,225.2793603705159,0.15,186.09207348,0.2536183381539872,248.12276464000004,1.5941547055282725,124.06138232000002,0.7242904903093137,2025-12-23 03:00:00
2025-12-22 19:00:00,conservative,700.6675665,827.0151632421251,2969.7715329999996,2435.2126570599994,2.125972717690856,0.0,2967.645560282309,99,8.0,184.5678616129911,0.15,178.18629197999996,0.2209688155163738,237.58172263999998,1.3344251654926416,118.79086131999999,0.5705787366818406,2025-12-23 03:00:00
2025-12-22 20:00:00,conservative,634.68349025,745.3838063318905,2782.297354,2281.48383028,1.4684668063122,0.0,2780.8288871936875,99,7.0,130.93257965032606,0.15,166.93784123999998,0.14858691939065044,222.58378832,0.93903662856129,111.29189416,0.38084325836025945,2025-12-23 03:00:00
2025-12-22 21:00:00,conservative,584.3503392499999,720.833966539933,2917.848486,2392.63575852,2.956462690244482,0.0,2914.8920233097556,99,6.0,88.9360929461519,0.4,175.07090915999999,0.3635920249274451,233.42787887999998,1.8677281260775256,116.71393943999999,0.7251425392395118,2025-12-23 03:00:00
2025-12-22 22:00:00,conservative,558.61409825,669.2375572143776,2689.680722,2205.53819204,2.21400281947927,0.08854249855986883,2687.5552616790806,99,5.0,67.44560734401712,0.4,161.38084332,0.32734291871888993,215.17445776,1.3793087384245661,107.58722888,0.5073511623358142,2025-12-23 03:00:00
2025-12-22 23:00:00,conservative,521.20508725,590.8334666757919,2570.880656,2108.1221379199997,1.1534975344339617,0.7144257413007823,2570.4415842068665,99,4.0,34.275229435027235,0.4,154.25283936,0.18778980922372523,205.67045248,0.7190526039255454,102.83522624,0.24665512128469122,2025-12-23 03:00:00
2025-12-23 00:00:00,conservative,519.44035525,555.8647532624238,2693.239995,2208.4567958999996,1.9290123234608199,0.14858691939065044,2691.4595695959297,99,3.0,33.305672990458106,0.6,161.5943997,0.3748456383891631,215.4591996,1.1775325856948486,107.7295998,0.3766340993768081,2025-12-23 03:00:00
2025-12-23 01:00:00,conservative,485.80576875,534.5293883447027,2798.5822740000003,2294.8374646800003,0.17058084926133665,0.0,2798.411693150739,205,108.0,6.90183633929526,0.6,167.91493644000002,0.02392208531023201,223.88658192000003,0.06553525144589142,111.94329096000001,0.08112351250521321,2025-12-27 13:00:00
2025-12-23 02:00:00,conservative,463.189751,491.2600164303508,2889.365071,2369.27935822,0.053157094755149153,25.831861452509315,2915.1437753577543,205,107.0,4.380378663840358,0.6,173.36190426000002,0.0,231.14920568000002,0.0,115.57460284000001,0.053157094755149153,2025-12-27 13:00:00
2025-12-23 03:00:00,conservative,441.19001575,484.07517446144294,2890.1941039999997,2369.9591652799995,0.022192213265561825,20.447256697642665,2910.619168484377,205,106.0,1.8282041337961423,0.6,173.41164623999998,0.0,231.21552831999998,0.0,115.60776415999999,0.022192213265561825,2025-12-27 13:00:00
2025-12-23 04:00:00,conservative,434.1119995,500.5988328613412,2803.607838,2298.9584271599997,0.01175616506248252,0.0,2803.596081834937,205,105.0,0.9983877180497186,0.6,168.21647027999998,0.0,224.28862704,0.0,112.14431352,0.01175616506248252,2025-12-27 13:00:00
2025-12-23 05:00:00,conservative,437.45490675,525.4362255151339,2635.3495639999996,2160.98664248,0.01589637729784289,0.0,2635.333667622702,205,104.0,1.4361865999232568,0.6,158.12097383999998,0.0,210.82796512,0.0,105.41398256,0.01589637729784289,2025-12-27 13:00:00
2025-12-23 06:00:00,conservative,506.83438524999997,607.3968639943186,2649.318509,2172.44117738,0.06937148560026447,0.0,2649.2491375144,205,103.0,10.307889457827534,0.3,158.95911054,0.0,211.94548072,0.01202438775536715,105.97274036,0.057347097844897325,2025-12-27 13:00:00
2025-12-23 07:00:00,conservative,578.10010825,791.0437101338085,2903.968935,2381.2545266999996,0.5957777382261698,0.0,2903.3731572617735,124,21.0,49.49142673726614,0.3,174.2381361,0.0,232.3175148,0.2941509756808652,116.1587574,0.3016267625453046,2025-12-24 04:00:00
2025-12-23 08:00:00,conservative,620.6802407499999,795.967583871165,2838.78196,2327.8012071999997,0.9787090654302575,0.0,2837.8032509345694,124,20.0,79.03353625479855,0.3,170.32691759999997,0.0,227.1025568,0.5083048498744027,113.5512784,0.4704042155558547,2025-12-24 04:00:00
2025-12-23 09:00:00,conservative,638.44064325,785.7683260475537,2959.124487,2426.48207934,2.07847929667709,0.0,2957.046007703323,124,19.0,92.77577347602734,0.5,177.54746921999998,0.0,236.72995896,1.1197117431968084,118.36497948,0.9587675534802818,2025-12-24 04:00:00
2025-12-23 10:00:00,conservative,626.28289075,780.2275041772127,3057.4482419999995,2507.1075584399996,2.0673640464599075,0.0,3055.3808779535398,124,18.0,86.16779232478095,0.5,183.44689451999997,0.0,244.59585935999996,1.147019861957819,122.29792967999998,0.9203441845020883,2025-12-24 04:00:00
2025-12-23 11:00:00,conservative,611.56660025,805.6614354192294,3063.176513,2511.80474066,1.9286187968976263,0.0,3061.247894203102,124,17.0,77.43387835783538,0.5,183.79059077999997,0.0,245.05412103999998,1.0997091005956,122.52706051999999,0.8289096963020265,2025-12-24 04:00:00
2025-12-23 12:00:00,conservative,601.2390525,752.531524532752,3064.391483,2512.8010160599997,1.8484600716838129,0.0,3062.543022928316,124,16.0,71.4988076101374,0.5,183.86348898,0.0,245.15131864,1.0826077968320504,122.57565932,0.7658522748517623,2025-12-24 04:00:00
2025-12-23 13:00:00,conservative,591.7332155,708.6258751115477,2998.237977,2458.5551411399997,1.7304076594087985,0.0,2996.507569340591,124,15.0,65.90108208174699,0.5,179.89427861999997,0.0,239.85903815999998,1.039618186992096,119.92951907999999,0.6907894724167025,2025-12-24 04:00:00
2025-12-23 14:00:00,conservative,591.751878,686.7030677815403,2968.263818,2433.9763307599997,1.8241566122041428,0.0,2966.4396613877957,124,14.0,67.24647706308643,0.5,178.09582908,0.0,237.46110543999998,1.1263432584903557,118.73055271999999,0.6978133537137873,2025-12-24 04:00:00
2025-12-23 15:00:00,conservative,611.26779975,729.1501453911108,2978.29703,2442.2035646,2.3980756817408473,0.0,2975.8989543182593,124,13.0,83.65272842559506,0.5,178.6978218,0.0,238.26376240000002,1.5276302936355615,119.13188120000001,0.8704453881052859,2025-12-24 04:00:00
2025-12-23 16:00:00,conservative,625.1623475,772.3842696237035,3037.319358,2490.60187356,0.8869475948104649,0.0,3036.43241040519,124,12.0,96.27246401375598,0.15,182.23916148,0.0,242.98554864000002,0.5806410509779493,121.49277432000001,0.30630654383251565,2025-12-24 04:00:00
2025-12-23 17:00:00,conservative,616.048709,849.7785140798892,3082.7781099999997,2527.8780501999995,0.9061737319055382,0.0,3081.871936268094,124,11.0,90.90343058042691,0.15,184.96668659999997,0.018295053582556182,246.6222488,0.5942507871082383,123.3111244,0.29362789121474364,2025-12-24 04:00:00
2025-12-23 18:00:00,conservative,627.08593875,878.5758132260248,3019.1373160000003,2475.69259912,1.0648178171132883,0.0,3018.072498182887,124,10.0,101.77632111629286,0.15,181.14823896000001,0.04091501246413716,241.53098528000004,0.7021125021728462,120.76549264000002,0.32179030247630486,2025-12-24 04:00:00
2025-12-23 19:00:00,conservative,616.03005975,768.0707492917766,2956.492839,2424.32412798,1.07436560137849,0.0,2955.4184733986217,124,9.0,94.59769279616793,0.15,177.38957034,0.09947109993683556,236.51942712000002,0.6819020574682463,118.25971356000001,0.2929924439734082,2025-12-24 04:00:00
2025-12-23 20:00:00,conservative,582.71294175,657.1046229396786,2690.915739,2206.5509059799997,0.7375114539042122,0.0,2690.178227546096,124,8.0,68.1177177841356,0.15,161.45494434,0.07720549991109839,215.27325912,0.46806955035653436,107.63662956,0.1922364036365795,2025-12-24 04:00:00
2025-12-23 21:00:00,conservative,522.39108775,667.6228154321107,2684.272823,2201.10371486,0.4792835989856823,0.0,2683.793539401014,124,7.0,17.052486413515105,0.4,161.05636937999998,0.04828682333018135,214.74182584,0.3028404138054831,107.37091292,0.1281563618500178,2025-12-24 04:00:00
2025-12-23 22:00:00,conservative,536.62182625,633.6466653668607,2602.231912,2133.83016784,0.903001884618451,0.0,2601.328910115382,124,6.0,30.01850229508385,0.4,156.13391472,0.13010779645251885,208.17855296000002,0.5542220811086153,104.08927648000001,0.21867200705731682,2025-12-24 04:00:00
2025-12-23 23:00:00,conservative,478.78378425,600.0921230563299,2597.5175520000003,2129.96439264,0.06879515655639243,0.05921006604669334,2597.5079669094903,205,86.0,9.459131389898387,0.4,155.85105312000002,0.0,207.80140416000003,0.0,103.90070208000002,0.06879515655639243,2025-12-27 13:00:00
2025-12-24 00:00:00,conservative,450.0608765,622.0893484757288,2834.951649,2324.66035218,0.05242556407227431,0.0,2834.899223435928,205,85.0,4.403016510651883,0.6,170.09709894,0.0,226.79613192000002,0.0,113.39806596000001,0.05242556407227431,2025-12-27 13:00:00
2025-12-24 01:00:00,conservative,417.30404899999996,525.5610136787813,2946.543197,2416.16542154,0.07730586342294354,0.17667659984793394,2946.6425677364246,241,120.0,6.246757650885356,0.6,176.79259181999998,0.0,235.72345576,0.0,117.86172788,0.07730586342294354,2025-12-29 01:00:00
2025-12-24 02:00:00,conservative,429.125637,508.9543526734501,2905.709489,2382.6817809799995,0.1442896679000769,12.150466635122074,2917.715665967222,242,120.0,11.823586852311747,0.6,174.34256933999998,0.0,232.45675912,0.0,116.22837956,0.1442896679000769,2025-12-29 02:00:00
2025-12-24 03:00:00,conservative,422.88802775,518.9425792153032,2886.3410010000002,2366.79962082,0.14393659607365056,0.0,2886.1970644039266,243,120.0,11.873805342929371,0.6,173.18046006,0.0,230.90728008000002,0.0,115.45364004000001,0.14393659607365056,2025-12-29 03:00:00
2025-12-24 04:00:00,conservative,417.19199275,502.7760594231647,2752.717294,2257.22818108,0.13395172738240185,9.127821738183446,2761.711164010801,243,119.0,11.58650079330427,0.6,165.16303764,0.0,220.21738352,0.0,110.10869176,0.13395172738240185,2025-12-29 03:00:00
2025-12-24 05:00:00,conservative,417.21067174999996,543.7575156847494,2675.528764,2193.93358648,0.13284536393125124,0.0,2675.395918636069,243,118.0,11.822327310899166,0.6,160.53172584,0.0,214.04230112000002,0.0,107.02115056000001,0.13284536393125124,2025-12-29 03:00:00
2025-12-24 06:00:00,conservative,427.40748775,602.1359769384649,2650.0597449999996,2173.0489908999994,0.07258494680375986,0.0,2649.987160053196,243,117.0,13.043389367565146,0.3,159.00358469999998,0.0,212.00477959999998,0.0,106.00238979999999,0.07258494680375986,2025-12-29 03:00:00
2025-12-24 07:00:00,conservative,503.8276445,856.0153639627745,2680.968597,2198.3942495399997,0.11718726832574665,0.0,2680.8514097316743,243,116.0,20.816966127550558,0.3,160.85811582,0.0,214.47748776,0.0,107.23874388,0.11718726832574665,2025-12-29 03:00:00
2025-12-24 08:00:00,conservative,605.0862,910.4671766174197,2787.7790069999996,2285.9787857399997,0.678415462930586,0.0,2787.1005915370692,148,20.0,59.421671989780954,0.3,167.26674041999996,0.0,223.02232055999997,0.3308541738988978,111.51116027999998,0.34756128903168815,2025-12-25 04:00:00
2025-12-24 09:00:00,conservative,616.0673885,927.0867428223626,2749.441925,2254.5423785,1.323597165248989,0.0,2748.118327834751,148,19.0,68.13168043304141,0.5,164.96651549999999,0.0,219.955354,0.6687384201524679,109.977677,0.6548587450965213,2025-12-25 04:00:00
2025-12-24 10:00:00,conservative,567.903287,950.4476555681437,2928.101401,2401.0431488199997,0.770420954578162,0.0,2927.3309800454217,148,18.0,35.905078293031295,0.5,175.68608405999998,0.0,234.24811208,0.40257398606737194,117.12405604,0.36784696851079,2025-12-25 04:00:00
2025-12-24 11:00:00,conservative,517.59148425,853.6584310750787,3067.307652,2515.1922746399996,0.26811733750955474,0.0,3067.0395346624905,243,112.0,24.016027988503883,0.5,184.03845912,0.0,245.38461216,0.010329369386310698,122.69230608,0.25778796812324406,2025-12-29 03:00:00
2025-12-24 12:00:00,conservative,511.970155,851.9411867602122,3080.5869199999997,2526.0812743999995,0.2575528374160932,0.0,3080.329367162584,243,111.0,23.89065637573756,0.5,184.83521519999996,0.0,246.44695359999997,0.0,123.22347679999999,0.2575528374160932,2025-12-29 03:00:00
2025-12-24 13:00:00,conservative,508.04831875,761.0419635913024,2973.1749870000003,2438.00348934,0.24907266765710243,0.0,2972.9259143323434,243,110.0,23.93872780556633,0.5,178.39049922,0.0,237.85399896000004,0.0,118.92699948000002,0.24907266765710243,2025-12-29 03:00:00
2025-12-24 14:00:00,conservative,550.98327475,744.9601519375852,3037.301767,2490.58744894,0.722938502255461,0.0,3036.5788284977443,205,71.0,30.220120685347393,0.5,182.23810601999998,0.0,242.98414136,0.4017566659178071,121.49207068,0.32118183633765385,2025-12-27 13:00:00
2025-12-24 15:00:00,conservative,620.41878375,829.2671489999378,2934.849022,2406.57619804,2.100250309335401,0.0,2932.7487716906644,148,13.0,80.17340538903694,0.5,176.09094131999998,0.0,234.78792176,1.2780596650518372,117.39396088,0.8221906442835638,2025-12-25 04:00:00
2025-12-24 16:00:00,conservative,656.630578,894.8580818569725,3049.381091,2500.49249462,0.9394027644822027,0.0,3048.441688235518,148,12.0,110.27822186866346,0.15,182.96286546000002,0.0,243.95048728000003,0.5874002428985833,121.97524364000002,0.3520025215836194,2025-12-25 04:00:00
2025-12-24 17:00:00,conservative,667.6864835,968.9823079146013,3158.214166,2589.73561612,1.163673400723824,0.0,3157.0504925992764,148,11.0,121.37856171842509,0.15,189.49284996,0.042504168262527925,252.65713328,0.7201693603741659,126.32856664,0.4009998720871303,2025-12-25 04:00:00
2025-12-24 18:00:00,conservative,589.4548175,994.9145958958129,2881.992603,2363.23393446,0.5468107970231272,0.0,2881.445792202977,148,10.0,59.7799004969324,0.15,172.91955618,0.01970989871245246,230.55940824,0.3463662096387956,115.27970412,0.18073468867187917,2025-12-25 04:00:00
2025-12-24 19:00:00,conservative,536.1549367499999,897.0047793783046,2684.646473,2201.4101078599997,0.18131942845094404,0.0,2684.465153571549,243,104.0,30.50220598251618,0.15,161.07878838,0.0,214.77171783999998,0.09535781667459771,107.38585891999999,0.08596161177634633,2025-12-29 03:00:00
2025-12-24 20:00:00,conservative,509.15015825,867.5431751332079,2593.207015,2126.4297523,0.07534477888820988,0.0,2593.1316702211116,243,103.0,27.676525191179845,0.15,155.59242089999998,0.0,207.4565612,0.0,103.7282806,0.07534477888820988,2025-12-29 03:00:00
2025-12-24 21:00:00,conservative,507.880217,859.260993239598,2628.88648,2155.6869136,0.20658209643527814,0.0,2628.679897903565,243,102.0,28.070499263697105,0.4,157.7331888,0.0,210.31091840000002,0.0,105.15545920000001,0.20658209643527814,2025-12-29 03:00:00
2025-12-24 22:00:00,conservative,515.4998115,701.3961207739467,2544.013918,2086.09141276,0.21114485892484755,0.0,2543.8027731410752,243,101.0,29.648341816163278,0.4,152.64083508,0.0,203.52111344000002,0.0,101.76055672000001,0.21114485892484755,2025-12-29 03:00:00
2025-12-24 23:00:00,conservative,486.77690199999995,631.5003089521261,2576.024124,2112.3397816799998,0.19009787567889802,0.042504168262527925,2575.8765302925835,243,100.0,26.360054957858985,0.4,154.56144744,0.0,206.08192992,0.0,103.04096496,0.19009787567889802,2025-12-29 03:00:00
2025-12-25 00:00:00,conservative,472.26603825,571.0665667452539,2711.91407,2223.7695373999995,0.2834425519413703,0.01970989871245246,2711.650337346771,243,99.0,24.88905950050189,0.6,162.7148442,0.0,216.9531256,0.0,108.4765628,0.2834425519413703,2025-12-29 03:00:00
2025-12-25 01:00:00,conservative,436.57716525,557.4340141650015,2732.5698780000002,2240.70729996,0.2336975662949799,0.0,2732.336180433705,243,98.0,20.364773559185966,0.6,163.95419268,0.0,218.60559024000003,0.0,109.30279512000001,0.2336975662949799,2025-12-29 03:00:00
2025-12-25 02:00:00,conservative,424.7368965,540.9509474502258,2745.060829,2250.9498797799997,0.21989639326904098,0.7201693603741659,2745.561101967105,243,97.0,19.07467588861846,0.6,164.70364974,0.0,219.60486632,0.0,109.80243316,0.21989639326904098,2025-12-29 03:00:00
2025-12-25 03:00:00,conservative,417.1733155,536.6479445717272,2714.664195,2226.0246399,0.209214144173434,0.0,2714.4549808558263,243,96.0,18.35113626890777,0.6,162.8798517,0.0,217.1731356,0.0,108.5865678,0.209214144173434,2025-12-29 03:00:00
2025-12-25 04:00:00,conservative,407.35000425,516.4394821505063,2707.2682409999998,2219.95995762,0.19615618686982803,7.247631278951863,2714.3197160920818,243,95.0,17.252594712696624,0.6,162.43609446,0.0,216.58145928,0.0,108.29072964,0.19615618686982803,2025-12-29 03:00:00
2025-12-25 05:00:00,conservative,392.96986749999996,530.206032772543,2707.213219,2219.9148395800003,0.17516986761126774,0.0,2707.038049132389,243,94.0,15.406853657350663,0.6,162.43279314,0.0,216.57705752,0.0,108.28852876,0.17516986761126774,2025-12-29 03:00:00
2025-12-25 06:00:00,conservative,367.27239050000003,600.2838818153197,2645.347167,2169.18467694,0.0650922204869592,0.0,2645.282074779513,243,93.0,11.717698908414167,0.3,158.72083002,0.0,211.62777336,0.0,105.81388668,0.0650922204869592,2025-12-29 03:00:00
2025-12-25 07:00:00,conservative,403.5962325,932.5878826251748,2617.773867,2146.57457094,0.0974227743726782,0.0,2617.676444225627,243,92.0,17.723271221148643,0.3,157.06643201999998,0.0,209.42190936,0.0,104.71095468,0.0974227743726782,2025-12-29 03:00:00
2025-12-25 08:00:00,conservative,479.624191,986.9820482648139,2691.687863,2207.18404766,0.17179566199402663,0.0,2691.516067338006,243,91.0,30.399792117405905,0.3,161.50127178,0.0,215.33502904000002,0.0,107.66751452000001,0.17179566199402663,2025-12-29 03:00:00
2025-12-25 09:00:00,conservative,483.37796275,962.3142424411624,2751.4400729999998,2256.1808598599996,0.3045627937284336,0.0,2751.135510206271,243,90.0,31.634402951624914,0.5,165.08640437999998,0.0,220.11520584,0.0,110.05760292,0.3045627937284336,2025-12-29 03:00:00
2025-12-25 10:00:00,conservative,401.6352995,1016.3355217184494,2923.306108,2397.11100856,0.1891502035620026,0.0,2923.1169577964383,243,89.0,18.48852899891338,0.5,175.39836648,0.0,233.86448864000002,0.0,116.93224432000001,0.1891502035620026,2025-12-29 03:00:00
2025-12-25 11:00:00,conservative,375.07874400000003,913.0009732760069,3038.1039929999997,2491.2452742599994,0.15197584392837338,0.0,3037.952017156071,243,88.0,14.293103085208195,0.5,182.28623957999997,0.0,243.04831943999997,0.0,121.52415971999999,0.15197584392837338,2025-12-29 03:00:00
2025-12-25 12:00:00,conservative,362.211315,922.8023302534368,3039.475736,2492.3701035199997,0.13109271496933347,0.0,3039.3446432850305,243,87.0,12.323346627679191,0.5,182.36854416,0.0,243.15805888,0.0,121.57902944,0.13109271496933347,2025-12-29 03:00:00
2025-12-25 13:00:00,conservative,357.56112875,871.3407148850604,3004.030307,2463.30485174,0.12342709847713411,0.0,3003.9068799015226,243,86.0,11.739603804314022,0.5,180.24181842,0.0,240.32242456,0.0,120.16121228,0.12342709847713411,2025-12-29 03:00:00
2025-12-25 14:00:00,conservative,512.063538,884.0575668038695,2755.333043,2259.37309526,0.38753292741065537,0.0,2754.9455100725895,243,85.0,40.20180412897219,0.5,165.31998258,0.0,220.42664344000002,0.0,110.21332172000001,0.38753292741065537,2025-12-29 03:00:00
2025-12-25 15:00:00,conservative,667.947937,933.3527573193486,2729.170201,2237.91956482,2.303937848420563,0.0,2726.8662631515795,205,46.0,96.43720081770127,0.5,163.75021206,0.0,218.33361607999998,1.38494065588105,109.16680803999999,0.918997192539513,2025-12-27 13:00:00
2025-12-25 16:00:00,conservative,689.01390075,1004.9111795493088,2848.965456,2336.1516739199997,0.8835955786826444,0.0,2848.0818604213173,205,45.0,106.95014321659346,0.15,170.93792735999997,0.0,227.91723647999999,0.5645941243740562,113.95861823999999,0.3190014543085882,2025-12-27 13:00:00
2025-12-25 17:00:00,conservative,702.23616025,1046.7995245518969,2933.54962,2405.5106883999997,1.1244733712694854,0.0,2932.42514662873,171,10.0,118.75146370156632,0.15,176.01297719999997,0.06041069223568981,234.68396959999998,0.699591961851684,117.34198479999999,0.36447071718211144,2025-12-26 03:00:00
2025-12-25 18:00:00,conservative,702.60966275,1075.58551032921,2864.0214929999997,2348.4976242599996,1.1930780577220998,0.0,2862.8284149422775,171,9.0,121.46237791061424,0.15,171.84128957999997,0.08014831842548406,229.12171944,0.749034412977803,114.56085972,0.3638953263188128,2025-12-26 03:00:00
2025-12-25 19:00:00,conservative,685.1293949999999,996.7439505791134,2759.473039,2262.76789198,1.1064539833943308,0.0,2758.3665850166058,205,42.0,111.88658871504344,0.15,165.56838234,0.08847721875419512,220.75784312,0.6948231078335212,110.37892156,0.3231536568066145,2025-12-27 13:00:00
2025-12-25 20:00:00,conservative,680.03099075,914.5195229977311,2647.918891,2171.29349062,1.118285169403417,0.0,2646.8006058305964,205,41.0,111.90134911894192,0.15,158.87513345999997,0.10782194373738249,211.83351127999998,0.70033269471288,105.91675563999999,0.31013053095315457,2025-12-27 13:00:00
2025-12-25 21:00:00,conservative,692.48753275,811.9003319417008,2560.745919,2099.81165358,3.464924055530436,0.0,2557.2809949444695,171,6.0,119.99566793568617,0.4,153.64475514,0.432912429529792,204.85967352,2.174779845115577,102.42983676,0.857231780885067,2025-12-26 03:00:00
2025-12-25 22:00:00,conservative,718.27840725,720.2758592950464,2467.4654,2023.321628,4.509129817933748,0.0,2462.9562701820664,171,5.0,145.7562895168621,0.4,148.047924,0.7825030740709468,197.397232,2.725035284044686,98.698616,1.001591459818115,2025-12-26 03:00:00
2025-12-25 23:00:00,conservative,683.2991885,646.8654556441402,2433.7938059999997,1995.7109209199996,3.797974482336979,0.9230620847321207,2430.9188936023947,205,38.0,120.34936846672825,0.4,146.02762835999997,0.6757897789883761,194.70350448,2.3050673567154996,97.35175224,0.8171173466331035,2025-12-27 13:00:00
2025-12-26 00:00:00,conservative,725.35640925,671.5851096706374,2463.7183280000004,2020.2490289600003,8.787606666413453,0.0,2454.930721333587,171,3.0,158.37052778769348,0.6,147.82309968,2.0709453423415516,197.09746624000005,5.088313396147607,98.54873312000002,1.6283479279242952,2025-12-26 03:00:00
2025-12-26 01:00:00,conservative,680.1803837499999,598.9145093789763,2502.2470780000003,2051.8426039600004,7.0654775519420605,3.375946713351297,2498.5575471614097,205,36.0,123.7428341194592,0.6,150.13482468,1.6242907556184747,200.17976624000002,4.14577746621069,100.08988312000001,1.2954093301128953,2025-12-27 13:00:00
2025-12-26 02:00:00,conservative,641.073883,582.6512858663986,2516.821408,2063.79355456,5.649629998059622,1.6242907556184747,2512.7960687575587,205,35.0,106.82289163222315,0.6,151.00928448,1.405763034806097,201.34571264,3.1179565586170477,100.67285632,1.1259104046364767,2025-12-27 13:00:00
2025-12-26 03:00:00,conservative,620.4187835,557.1927949493496,2507.1867970000003,2055.89317354,4.224450023309378,29.971547111416598,2532.933894088107,205,34.0,98.51663280302498,0.6,150.43120782000003,0.9907788979527574,200.57494376000002,2.1988347507297075,100.28747188000001,1.0348363746269127,2025-12-27 13:00:00
2025-12-26 04:00:00,conservative,615.4884535,561.1105179257809,2465.8284620000004,2021.9793388400003,2.178896934421811,3.1896136486824647,2466.839178714261,205,33.0,97.95855316058545,0.6,147.94970772000002,0.36233222398121184,197.26627696000003,0.8045361511606182,98.63313848000001,1.0120285592799811,2025-12-27 13:00:00
2025-12-26 05:00:00,conservative,618.7940245,593.4475939381302,2413.186613,1978.8130226599997,1.2554103702022696,1.16686837514183,2413.0980710049394,205,32.0,101.68044974694789,0.6,144.79119677999998,0.0,193.05492904,0.2275506465114008,96.52746452,1.0278597236908689,2025-12-27 13:00:00
2025-12-26 06:00:00,conservative,635.11639125,635.113821694536,2380.870643,1952.3139272600001,0.9035900612610177,0.0,2379.967052938739,205,31.0,112.5150574879022,0.3,142.85223858,0.0,190.46965144,0.34284459918409294,95.23482572,0.5607454620769248,2025-12-27 13:00:00
2025-12-26 07:00:00,conservative,695.587671,777.0835246664947,2452.941911,2011.4123670199997,1.2959999584742672,0.0,2451.645911041526,205,30.0,147.9753543986424,0.3,147.17651465999998,0.0,196.23535288,0.5379838020107955,98.11767644,0.7580161564634718,2025-12-27 13:00:00
2025-12-26 08:00:00,conservative,738.802778,815.6805321081716,2587.321729,2121.6038177799996,1.6900662362855599,0.0,2585.6316627637143,205,29.0,175.16072266867812,0.3,155.23930373999997,0.0,206.98573832,0.7457349063214584,103.49286916,0.9443313299641014,2025-12-27 13:00:00
2025-12-26 09:00:00,conservative,722.5924552500001,844.2094372130412,2745.1187990000003,2250.99741518,2.9682756546601174,0.0,2742.1505233453404,205,28.0,169.43972070392573,0.5,164.70712794000002,0.0,219.60950392000004,1.3521371917641103,109.80475196000002,1.6161384628960074,2025-12-27 13:00:00
2025-12-26 10:00:00,conservative,666.71535,829.7010934432728,2865.95519,2350.0832558,2.58793649814696,0.0,2863.367253501853,205,27.0,140.30034468374922,0.5,171.9573114,0.0,229.2764152,1.1876332065653792,114.6382076,1.4003032915815812,2025-12-27 13:00:00
2025-12-26 11:00:00,conservative,634.9109755,785.1558691514385,2865.8588510000004,2350.00425782,2.318214115061629,0.0,2863.540636884939,205,26.0,124.22624549698743,0.5,171.95153106,0.0,229.26870808000004,1.0770464054465803,114.63435404000002,1.2411677096150484,2025-12-27 13:00:00
2025-12-26 12:00:00,conservative,614.89083925,825.5385127808147,2782.2658340000003,2281.45798388,2.1075412362092263,0.0,2780.158292763791,205,25.0,114.59295567527003,0.5,166.93595004000002,0.0,222.58126672000003,0.995367716238939,111.29063336000002,1.1121735199702871,2025-12-27 13:00:00
2025-12-26 13:00:00,conservative,620.7549425,891.0662840661809,2671.844917,2190.9128319399997,2.2146019312851726,0.0,2669.630315068715,205,24.0,120.5364966364735,0.5,160.31069502,0.0,213.74759336,1.0915710801505187,106.87379668,1.1230308511346538,2025-12-27 13:00:00
2025-12-26 14:00:00,conservative,692.4875455,876.7304265326339,2629.023679,2155.79941678,3.314121677090439,0.0,2625.7095573229094,205,23.0,168.2551145142019,0.5,157.74142074,0.0,210.32189431999998,1.7769978370381405,105.16094715999999,1.5371238400522984,2025-12-27 13:00:00
2025-12-26 15:00:00,conservative,815.31630175,946.4179359254777,2557.5224719999997,2097.1684270399996,5.19271496495149,0.0,2552.3297570350483,205,22.0,250.76028587508756,0.5,153.45134831999997,0.0,204.60179775999998,2.9834180598108,102.30089887999999,2.20929690514069,2025-12-27 13:00:00
2025-12-26 16:00:00,conservative,872.313922,1067.2263520467259,2666.127276,2186.22436632,2.1218417092625743,0.0,2664.0054342907374,199,15.0,297.4987671535639,0.15,159.96763656000002,0.09645004341873899,213.29018208000002,1.2108787163295787,106.64509104000001,0.8145129495142566,2025-12-27 07:00:00
2025-12-26 17:00:00,conservative,899.9349755,1145.447893704459,2755.7793220000003,2259.73904404,2.6174486567568436,0.0,2753.1618733432433,199,14.0,324.38418406355237,0.15,165.34675932000002,0.20094496766774653,220.46234576000003,1.502295488920042,110.23117288000002,0.9142082001690549,2025-12-27 07:00:00
2025-12-26 18:00:00,conservative,873.8079825,1140.6751301898698,2704.510679,2217.6987567799997,2.5671019766517444,0.0,2701.943577023348,199,13.0,310.7919198801933,0.15,162.27064074,0.23070893594287445,216.36085432000002,1.4749572505189834,108.18042716000001,0.8614357901898866,2025-12-27 07:00:00
2025-12-26 19:00:00,conservative,868.504135,1067.23306047648,2624.471748,2152.0668333599997,2.6685257832872553,0.0,2621.8032222167126,199,12.0,312.8981789169132,0.15,157.46830487999998,0.292679643405004,209.95773984,1.5345115693029516,104.97886992,0.8413345705792995,2025-12-27 07:00:00
2025-12-26 20:00:00,conservative,849.54851175,918.5852862375508,2528.72579,2073.5551477999998,2.6458342467963054,0.0,2526.0799557532036,199,11.0,304.0068974377468,0.15,151.7235474,0.33673245958758335,202.2980632,1.5204289926170989,101.1490316,0.7886727945916233,2025-12-27 07:00:00
2025-12-26 21:00:00,conservative,832.92729975,844.7592441973845,2445.324827,2005.1663581399998,7.116978636403078,0.0,2438.207848363597,199,10.0,296.539946725537,0.4,146.71948962,1.0379314539131372,195.62598616,4.093036252537507,97.81299308,1.9860109299524344,2025-12-27 07:00:00
2025-12-26 22:00:00,conservative,808.6864955,775.0377378469731,2428.026145,1990.9814388999998,7.157537331649179,0.09645004341873899,2420.9650577117695,205,15.0,283.5315053664717,0.4,145.68156869999999,1.1295898581699986,194.24209159999998,4.13896287413936,97.12104579999999,1.8889845993398204,2025-12-27 13:00:00
2025-12-26 23:00:00,conservative,742.2951025,703.8102458678516,2318.032516,1900.78666312,5.874060924157977,3.228587318686344,2315.3870423945286,205,14.0,239.0816863126803,0.4,139.08195096,0.888065425409946,185.44260128000002,3.4564851991645678,92.72130064000001,1.5295102995834629,2025-12-27 13:00:00
2025-12-27 00:00:00,conservative,722.293625,694.7207215086579,2299.955417,1885.96344194,8.852641147392262,0.0,2291.102775852608,205,13.0,228.4892858072636,0.6,137.99732502,1.4773207998823559,183.99643336000003,5.197101633008527,91.99821668000001,2.1782187145013787,2025-12-27 13:00:00
2025-12-27 01:00:00,conservative,685.2041135,625.790753018138,2353.6078190000003,1929.95841158,8.338665385695677,2.365386225292302,2347.634539839597,205,12.0,203.92943246307834,0.6,141.21646914000002,1.4131950262238735,188.28862552000004,4.930723005882407,94.14431276000002,1.9947473535893963,2025-12-27 13:00:00
2025-12-27 02:00:00,conservative,627.7395925,595.0138985835281,2284.549378,1873.33048996,6.225674040615517,7.135838051295429,2285.4595420106803,205,11.0,161.9327219513187,0.6,137.07296268000002,0.9084978413736892,182.76395024,3.773729483700395,91.38197512,1.5434467155414324,2025-12-27 13:00:00
2025-12-27 03:00:00,conservative,604.11508125,622.966560942735,2291.218938,1878.7995291599998,5.904995586142865,0.0,2285.313942413857,205,10.0,145.86186604210369,0.6,137.47313628,1.0317983903721506,183.29751504,3.477123111434364,91.64875752,1.396074084336351,2025-12-27 13:00:00
2025-12-27 04:00:00,conservative,609.7363937499999,606.3613212148941,2302.957205,1888.4249081,6.932497551199776,0.0,2296.0247074488,205,9.0,153.5037860752411,0.6,138.1774323,1.4625951314180057,184.23657640000002,3.994014004824827,92.11828820000001,1.475888414956944,2025-12-27 13:00:00
2025-12-27 05:00:00,conservative,540.87982175,568.3215682516097,2575.269996,2111.72139672,4.539435590623325,0.2275506465114008,2570.958111055888,243,46.0,99.18295849801316,0.6,154.51619976,1.0284616362918892,206.02159968,2.440882955939228,103.01079984,1.0700909983922078,2025-12-29 03:00:00
2025-12-27 06:00:00,conservative,510.55082649999997,480.94262202174684,2495.133169,2046.00919858,1.7055264800928907,51.1036923612956,2544.531334881203,243,45.0,88.85573788842439,0.3,149.70799014,0.33111127601812373,199.61065352000003,0.9097665864204559,99.80532676000001,0.46464861765431087,2025-12-29 03:00:00
2025-12-27 07:00:00,conservative,503.2860455,470.73259091475927,2577.995213,2113.95607466,1.5619722895744106,8.978169466953908,2585.41141017738,243,44.0,87.63743584692772,0.3,154.67971278000002,0.14827650569326742,206.23961704,0.9401728945956925,103.11980852,0.4735228892854506,2025-12-29 03:00:00
2025-12-27 08:00:00,conservative,509.50498949999997,545.8935820504541,2746.203481,2251.88685442,1.9457225082338225,0.0,2744.2577584917663,243,43.0,92.03945078040195,0.3,164.77220886,0.23251016873007974,219.69627848000002,1.1835628868032189,109.84813924000001,0.529649452700524,2025-12-29 03:00:00
2025-12-27 09:00:00,conservative,500.42869075,549.8808339217103,2954.375246,2422.58770172,3.4952707253671336,0.0,2950.879975274633,243,42.0,89.98043733733152,0.5,177.26251476,0.4969129256399129,236.35001968,2.0698496550129217,118.17500984,0.928508144714299,2025-12-29 03:00:00
2025-12-27 10:00:00,conservative,491.57650724999996,475.2183700785091,3074.8630430000003,2521.38769526,3.636318581076147,0.23251016873007974,3071.4592345876545,243,41.0,87.89938092284342,0.5,184.49178258,0.6150901146900264,245.98904344000002,2.077114399628663,122.99452172000001,0.9441140667574576,2025-12-29 03:00:00
2025-12-27 11:00:00,conservative,481.34233325,481.9322859637847,3136.5150860000003,2571.94237052,3.6040411881288676,0.0,3132.9110448118713,243,40.0,85.07655540299174,0.5,188.19090516,0.7147881850493492,250.92120688000003,1.9570207413441396,125.46060344000001,0.9322322617353789,2025-12-29 03:00:00
2025-12-27 12:00:00,conservative,465.1880275,451.67337347218586,3193.16959,2618.3990638,3.1263290670058743,0.0,3190.043260932994,243,39.0,79.38998496273015,0.5,191.5901754,0.6957933147181162,255.4535672,1.5446902935998759,127.7267836,0.885845458687882,2025-12-29 03:00:00
2025-12-27 13:00:00,conservative,470.43584699999997,425.95899575578534,3016.1660039999997,2473.2561232799994,0.8793633369844348,46.73055580522506,3062.01719646824,243,38.0,83.44799803883922,0.5,180.96996023999998,0.0,241.29328031999998,0.0,120.64664015999999,0.8793633369844348,2025-12-29 03:00:00
2025-12-27 14:00:00,conservative,498.35571375,570.1351751803178,2944.245742,2414.28150844,1.0120596635832257,0.0,2943.2336823364167,243,37.0,98.45471636769192,0.5,176.65474452,0.0,235.53965936,0.0,117.76982968,1.0120596635832257,2025-12-29 03:00:00
2025-12-27 15:00:00,conservative,570.3124005,739.2968159475813,2756.020515,2259.9368223,2.137939180815948,0.0,2753.8825758191842,243,36.0,135.46871317724094,0.5,165.3612309,0.0,220.4816412,0.837284198460107,110.2408206,1.3006549823558409,2025-12-29 03:00:00
2025-12-27 16:00:00,conservative,675.97838125,887.0568034149766,2754.99727,2259.0977614,1.3003677677697996,0.0,2753.69690223223,242,34.0,191.08895217570213,0.15,165.2998362,0.0,220.39978159999998,0.7526900320520075,110.19989079999999,0.5476777357177921,2025-12-29 02:00:00
2025-12-27 17:00:00,conservative,763.37974375,1015.0460250770602,2867.457304,2351.3149892799997,2.276007794708942,0.0,2865.181296205291,242,33.0,240.12271591847772,0.15,172.04743824,0.21383307609365731,229.39658432000002,1.3496599546741757,114.69829216000001,0.7125147639411089,2025-12-29 02:00:00
2025-12-27 18:00:00,conservative,795.74438675,1016.5501914705826,2838.331798,2327.43207436,2.7908619530656633,0.0,2835.5409360469343,242,32.0,262.0391476116529,0.15,170.29990788,0.3316371743249913,227.06654384,1.691686284433642,113.53327192,0.7675384943070298,2025-12-29 02:00:00
2025-12-27 19:00:00,conservative,777.25563825,1012.1055725029515,2691.0348710000003,2206.64859422,2.721202853982726,0.0,2688.313668146018,242,31.0,257.3867701192152,0.15,161.46209226000002,0.3905531949411098,215.28278968000004,1.615432550748233,107.64139484000002,0.7152171082933836,2025-12-29 02:00:00
2025-12-27 20:00:00,conservative,753.8365592499999,971.1609557539152,2567.1238089999997,2105.0415233799995,2.6130985619460305,0.0,2564.5107104380536,242,30.0,249.7336647189767,0.15,154.02742854,0.44771958376571863,205.36990472,1.5027403802240167,102.68495236,0.6626385979562952,2025-12-29 02:00:00
2025-12-27 21:00:00,conservative,693.23456775,833.7691875781767,2502.48661,2052.0390202,5.7455819891718205,0.0,2496.741028010828,242,29.0,220.84766334463222,0.4,150.14919659999998,1.072986512398884,200.1989288,3.1441028222288017,100.0994644,1.5284926545441353,2025-12-29 02:00:00
2025-12-27 22:00:00,conservative,703.02051075,728.7572474416953,2435.1123620000003,1996.7921368400002,6.58502761693521,0.0,2428.527334383065,242,28.0,230.89890142587947,0.4,146.10674172,1.5122782995880484,194.80898896000002,3.519484787174602,97.40449448000001,1.5532645301725596,2025-12-29 02:00:00
2025-12-27 23:00:00,conservative,671.5896575,562.8011559260292,2397.227023,1965.7261588599997,5.564442835821795,10.128527011192476,2401.7911071753706,242,27.0,217.24709384332724,0.4,143.83362137999998,0.9451282676253799,191.77816184,3.1784146904117425,95.88908092,1.4408998777846735,2025-12-29 02:00:00
2025-12-28 00:00:00,conservative,629.99931125,599.8652303177803,2442.961054,2003.2280642799997,7.408905800959374,0.0,2435.5521481990404,243,27.0,196.96793850472602,0.6,146.57766324,1.44905312101022,195.43688432,3.958650756419289,97.71844216,2.001201923529865,2025-12-29 03:00:00
2025-12-28 01:00:00,conservative,622.7905792500001,578.6954726532276,2486.7722430000003,2039.1532392600002,8.047899584845222,0.0,2478.724343415155,243,26.0,196.66121550601892,0.6,149.20633458,1.870093130427712,198.94177944000003,4.143826081891304,99.47088972000002,2.0339803725262064,2025-12-29 03:00:00
2025-12-28 02:00:00,conservative,597.3171995,509.736339548607,2558.0384219999996,2097.59150604,5.965173545065246,23.798727887701165,2575.8719763426357,243,25.0,185.18364976565312,0.6,153.48230531999997,0.9129450461842965,204.64307375999996,3.0798910290489303,102.32153687999998,1.9723374698320197,2025-12-29 03:00:00
2025-12-28 03:00:00,conservative,588.78248125,551.0504315940188,2463.875,2020.3774999999998,5.9291102553083,0.0,2457.9458897446916,243,24.0,183.64346573511997,0.6,147.83249999999998,1.0828779242952689,197.11,2.9620285168486618,98.555,1.8842038141643696,2025-12-29 03:00:00
2025-12-28 04:00:00,conservative,600.9589165,578.1724425368013,2338.86162,1917.8665283999999,6.965892485495296,0.0,2331.895727514505,243,23.0,195.040094264026,0.6,140.3316972,1.5755981063164264,187.1089296,3.49275900745433,93.5544648,1.89753537172454,2025-12-29 03:00:00
2025-12-28 05:00:00,conservative,624.5834275,499.7311145279701,2262.5520530000003,1855.2926834600003,4.106743832748142,13.106099630147915,2271.5514087974,243,22.0,214.19521104138343,0.6,135.75312318000002,0.29265107136045165,181.00416424000002,1.8021584025798303,90.50208212000001,2.011934358807861,2025-12-29 03:00:00
2025-12-28 06:00:00,conservative,646.0042149999999,605.1822862600502,2289.316218,1877.2392987599999,2.1820936959589927,0.29265107136045165,2287.4267753754016,242,20.0,232.7432049314143,0.3,137.35897308,0.015579475319848544,183.14529744,1.062802574352954,91.57264872,1.1037116462861898,2025-12-29 02:00:00
2025-12-28 07:00:00,conservative,688.37893,749.4940271316065,2438.24298,1999.3592436,2.8714632719779054,0.0,2435.371516728022,242,19.0,266.4233618680227,0.3,146.29457879999998,0.1427606435256561,195.0594384,1.3887187348660657,97.5297192,1.3399838935861836,2025-12-29 02:00:00
2025-12-28 08:00:00,conservative,714.26317125,800.7961183144729,2591.678665,2125.1765053,3.537897314571738,0.0,2588.1407676854283,242,18.0,289.86429313062627,0.3,155.50071989999998,0.27215337673408163,207.3342932,1.7211300999136259,103.6671466,1.5446138379240306,2025-12-29 02:00:00
2025-12-28 09:00:00,conservative,721.3598665,790.1995850067761,2728.3360040000002,2237.23552328,6.8687079496981305,0.0,2721.467296050302,242,17.0,300.7711573464136,0.5,163.70016024,0.7027533483866882,218.26688032,3.358359453621719,109.13344016,2.807595147689723,2025-12-29 02:00:00
2025-12-28 10:00:00,conservative,658.96501575,727.0053239560658,2793.283826,2290.49273732,6.141179505020607,0.0,2787.142646494979,242,16.0,261.5391769757403,0.5,167.59702955999998,0.41988976201009,223.46270608,3.2080743639179063,111.73135304,2.5132153790926104,2025-12-29 02:00:00
2025-12-28 11:00:00,conservative,660.1229002499999,688.8782477037779,2761.281069,2264.25047658,6.593039188264955,0.0,2754.6880298117353,242,15.0,267.68040075518996,0.5,165.67686414,0.5733867389543692,220.90248552000003,3.4789507966605875,110.45124276000001,2.5407016526499984,2025-12-29 02:00:00
2025-12-28 12:00:00,conservative,597.7840719999999,636.8553982800363,2777.086083,2277.21058806,5.343413650274972,0.7183328237065367,2772.4610021734316,243,15.0,226.52968824467078,0.5,166.62516498,0.0,222.16688664000003,3.1699795339702868,111.08344332000001,2.173434116304685,2025-12-29 03:00:00
2025-12-28 13:00:00,conservative,597.802751,609.6610158874482,2744.086133,2250.1506290599996,5.6154384085145175,1.408190521224197,2739.8788851127097,243,14.0,231.12000878756302,0.5,164.64516797999997,0.0,219.52689063999998,3.425465511130042,109.76344531999999,2.189972897384476,2025-12-29 03:00:00
2025-12-28 14:00:00,conservative,630.8210225,623.2948191918921,2764.802211,2267.13781302,6.965562017256302,0.0,2757.836648982744,243,13.0,261.2477332726351,0.5,165.88813266,0.29449866990539986,221.18417688000002,4.1861515831011795,110.59208844000001,2.4849117642497234,2025-12-29 03:00:00
2025-12-28 15:00:00,conservative,637.69362125,618.2077259475508,2866.986574,2350.92899068,8.115179933011303,0.0,2858.8713940669886,242,11.0,271.9747983859025,0.5,172.01919444,0.5948346606668428,229.35892592000002,4.8416058366061785,114.67946296000001,2.678739435738282,2025-12-29 02:00:00
2025-12-28 16:00:00,conservative,601.05228475,632.3869587016679,2919.3906690000003,2393.9003485800004,2.3839492646252123,0.0,2917.006719735375,243,11.0,248.01948388750765,0.15,175.16344014,0.19159033549777635,233.55125352000005,1.4438045472682437,116.77562676000002,0.7485543818591922,2025-12-29 03:00:00
2025-12-28 17:00:00,conservative,549.50790825,716.724484804512,3149.856991,2582.88273262,2.2739335083468566,0.0,3147.583057491653,243,10.0,210.82884362599964,0.15,188.99141946,0.16905579817389743,251.98855928,1.4153965512276863,125.99427964,0.6894811589452728,2025-12-29 03:00:00
2025-12-28 18:00:00,conservative,526.16354425,681.848836641208,3170.62534,2599.9127788,2.2207400881316803,0.0,3168.4045999118684,243,9.0,195.58901692999447,0.15,190.2375204,0.16201311125172493,253.6500272,1.4138640537191516,126.8250136,0.644862923160804,2025-12-29 03:00:00
2025-12-28 19:00:00,conservative,520.112675,632.0385751632483,2962.334794,2429.11453108,2.1938944817367165,0.0,2960.1408995182633,243,8.0,194.38396651726205,0.15,177.74008763999998,0.1890857180116409,236.98678352,1.4059505868948763,118.49339176,0.5988581768301993,2025-12-29 03:00:00
2025-12-28 20:00:00,conservative,519.96326725,544.8964706143672,2891.3741609999997,2370.9268120199995,2.3433473246593417,0.29449866990539986,2889.325312345246,243,7.0,198.18089426273184,0.15,173.48244966,0.24885345242290682,231.30993288,1.4987871167982822,115.65496644,0.5957067554381523,2025-12-29 03:00:00
2025-12-28 21:00:00,conservative,515.59320775,470.2956333631449,2769.182849,2270.7299361799996,6.459454698369792,1.1174939055902415,2763.8408882072204,243,6.0,198.30851881431994,0.4,166.15097093999998,0.8357659969815098,221.53462792,4.101310168903109,110.76731396,1.5223785324851733,2025-12-29 03:00:00
2025-12-28 22:00:00,conservative,512.530411,489.0028003713738,2722.9287000000004,2232.801534,6.938973851045536,0.0,2715.989726148955,243,5.0,199.54328352985132,0.4,163.37572200000002,1.088300956244435,217.83429600000002,4.344588381148908,108.91714800000001,1.506084513652193,2025-12-29 03:00:00
2025-12-28 23:00:00,conservative,512.43704275,450.92094916882695,2769.7431149999998,2271.1893542999996,7.877882237829205,0.0,2761.8652327621708,243,4.0,203.48813549268476,0.4,166.18458689999997,1.4916488222054312,221.5794492,4.824593685308586,110.7897246,1.561639730315187,2025-12-29 03:00:00
2025-12-29 00:00:00,conservative,411.40354349999996,476.74701087041433,3009.015329,2467.3925697799996,7.656162374888233,0.0,3001.359166625112,243,3.0,112.44910221162218,0.6,180.54091974,1.671552786733932,240.72122632,4.568061420687317,120.36061316,1.4165481674669829,2025-12-29 03:00:00
2025-12-29 01:00:00,conservative,478.53297825,348.4449376071683,2970.93693,2436.1682825999997,13.57500988551908,3.930960809288867,2961.2928809237696,243,2.0,179.21797672516757,0.6,178.25621579999998,3.5394694246992455,237.6749544,7.817422480249106,118.8374772,2.218117980570727,2025-12-29 03:00:00
2025-12-29 02:00:00,conservative,473.49126125,298.79215367513257,2852.445692,2339.00546744,13.122217041051101,92.28929251794288,2931.612767476892,243,1.0,177.89653569731178,0.6,171.14674151999998,3.4309862393324684,228.19565536,7.577030017243527,114.09782768,2.1142007844751047,2025-12-29 03:00:00
2025-12-29 03:00:00,conservative,471.19448375,292.0009771454849,2747.229561,2252.72824002,12.560045258356068,57.768330869656076,2792.4378466113,244,1.0,176.77562661837482,0.6,164.83377366,3.283855494842616,219.77836488000003,7.252600979207942,109.88918244000001,2.02358878430551,2025-12-29 04:00:00
2025-12-29 04:00:00,conservative,471.3252005,290.84775258986457,2577.81607,2113.8091774,9.328572997324486,12.560045258356068,2581.0475422610316,245,1.0,139.42944511073614,0.6,154.66896419999998,2.435808113682218,206.2252856,5.390631626374573,103.1126428,1.502133257267694,2025-12-29 05:00:00
2025-12-29 05:00:00,conservative,499.93222175,329.07909375884,2468.231063,2023.94947166,4.551849804941409,9.328572997324486,2473.0077861923833,317,72.0,100.7656373788366,0.6,148.09386378,1.0903969251650731,197.45848504000003,2.419557278202597,98.72924252000001,1.0418956015737393,2026-01-01 05:00:00
2025-12-29 06:00:00,conservative,508.87660525,433.61996568394,2587.014716,2121.35206712,0.5686389907607973,3.5099542033676703,2589.956031212607,317,71.0,104.96322114699183,0.3,155.22088296,0.0,206.96117728000002,0.0,103.48058864000001,0.5686389907607973,2026-01-01 05:00:00
2025-12-29 07:00:00,conservative,524.84200925,740.200293622608,2739.306148,2246.23104136,0.6366496092449209,0.0,2738.669498390755,317,70.0,111.02063902218694,0.3,164.35836888,0.0,219.14449184,0.0,109.57224592,0.6366496092449209,2026-01-01 05:00:00
2025-12-29 08:00:00,conservative,541.124869,777.4230962844745,3023.47245,2479.247409,0.7930141106798181,0.0,3022.6794358893203,317,69.0,117.35982299664178,0.3,181.408347,0.0,241.87779600000002,0.05047056642302928,120.93889800000001,0.7425435442567888,2026-01-01 05:00:00
2025-12-29 09:00:00,conservative,556.791516,720.07921134149,2949.1075490000003,2418.26819018,1.4766463958763592,0.0,2947.630902604124,317,68.0,123.75166247775395,0.5,176.94645294,0.0,235.92860392000003,0.204266093404769,117.96430196000001,1.27238030247159,2026-01-01 05:00:00
2025-12-29 10:00:00,conservative,557.33303475,729.2936944176299,3010.498829,2468.60903978,1.5592921737467054,0.0,3008.9395368262535,317,67.0,126.3934062294859,0.5,180.62992974,0.0,240.83990632,0.23292021988899816,120.41995316,1.3263719538577072,2026-01-01 05:00:00
2025-12-29 11:00:00,conservative,564.59682975,709.1090526071462,2998.836328,2459.0457889599998,1.691342989748569,0.0,2997.1449850102513,317,66.0,130.88713847661063,0.5,179.93017967999998,0.0,239.90690623999998,0.32353606793515277,119.95345311999999,1.3678069218134163,2026-01-01 05:00:00
2025-12-29 12:00:00,conservative,568.14470175,744.5911314500066,2886.7807749999997,2367.1602354999995,1.729309558031751,0.0,2885.051465441968,317,65.0,134.4981419837209,0.5,173.20684649999998,0.0,230.94246199999998,0.3766154446053131,115.47123099999999,1.3526941134264379,2026-01-01 05:00:00
2025-12-29 13:00:00,conservative,600.54235475,613.5971586201537,2808.546673,2303.0082718599997,2.1788060859033247,0.0,2806.3678669140963,317,64.0,146.22294066404024,0.5,168.51280038,0.0,224.68373384,0.7492393899391605,112.34186692,1.4295666959641642,2026-01-01 05:00:00
2025-12-29 14:00:00,conservative,636.3758290000001,678.5553387385116,2818.5607660000005,2311.2198281200003,2.8072618610761406,0.0,2815.753504138924,317,63.0,159.34114926259502,0.5,169.11364596,0.0,225.48486128000005,1.2454740990188993,112.74243064000002,1.5617877620572416,2026-01-01 05:00:00
2025-12-29 15:00:00,conservative,652.80807625,698.7466889787495,2896.7539159999997,2375.3382111199994,3.302592604977293,0.0,2893.4513233950224,317,62.0,167.31528701852508,0.5,173.80523495999998,0.0,231.74031327999998,1.6182597572876247,115.87015663999999,1.6843328476896682,2026-01-01 05:00:00
2025-12-29 16:00:00,conservative,662.59273925,810.9725788471399,2946.327944,2415.98891408,1.116388954426125,0.0,2945.211555045574,317,61.0,173.5840077140458,0.15,176.77967664,0.0,235.70623552,0.5834734885702848,117.85311776,0.5329154658558403,2026-01-01 05:00:00
2025-12-29 17:00:00,conservative,696.0547367500001,880.4952769022096,3066.484014,2514.51689148,1.5524952264369085,0.0,3064.9315187735633,317,60.0,187.16919724310486,0.15,183.98904084,0.12267221190902763,245.31872112000002,0.8325049155115365,122.65936056000001,0.5973180990163444,2026-01-01 05:00:00
2025-12-29 18:00:00,conservative,668.82952875,1054.3725458289525,3045.503729,2497.31305778,1.4575909420456288,0.0,3044.0461380579545,317,59.0,182.5845382667543,0.15,182.73022373999999,0.1228347840075381,243.64029832,0.7558084448107347,121.82014916,0.5789477132273559,2026-01-01 05:00:00
2025-12-29 19:00:00,conservative,611.93288125,1008.3049627917201,2935.203749,2406.8670741799997,1.0308062712266586,0.0,2934.1729427287733,317,58.0,168.43667787811037,0.15,176.11222493999998,0.04664485031012906,234.81629991999998,0.4687719358104188,117.40814995999999,0.5153894851061108,2026-01-01 05:00:00
2025-12-29 20:00:00,conservative,555.3537005000001,935.3294700528422,2881.890963,2363.1505896599997,0.6146541258564222,0.0,2881.2763088741435,317,57.0,153.74422623827036,0.15,172.91345778,0.0,230.55127704,0.15221261223849802,115.27563852,0.4624415136179242,2026-01-01 05:00:00
2025-12-29 21:00:00,conservative,540.62068875,759.2497895271479,2845.486342,2333.29880044,1.4276172162289438,0.0,2844.058724783771,317,56.0,152.0429815816913,0.4,170.72918052,0.02753009313883427,227.63890736000002,0.19580219872549054,113.81945368000001,1.204284924364619,2026-01-01 05:00:00
2025-12-29 22:00:00,conservative,535.56030925,670.9121632045354,2753.79861,2258.1148602,1.3144764782219418,0.0,2752.484133521778,317,55.0,153.4299995432163,0.4,165.2279166,0.01885318720487146,220.30388879999998,0.1196370114997351,110.15194439999999,1.1759862795173353,2026-01-01 05:00:00
2025-12-29 23:00:00,conservative,530.3131852500001,588.4828442601531,2739.320181,2246.24254842,1.2170348157777238,0.29215184622669477,2738.395298030449,317,54.0,154.7475913013896,0.4,164.35921086,0.006072310927558646,219.14561448,0.031234569733742137,109.57280724,1.179727935116423,2026-01-01 05:00:00
2025-12-30 00:00:00,conservative,562.4641792499999,640.7548152023926,2740.303675,2247.0490135,3.3185494154703408,0.0,2736.9851255845297,317,53.0,169.0125986907772,0.6,164.4182205,0.3168250913487503,219.22429400000001,1.0705695857926525,109.61214700000001,1.9311547383289382,2026-01-01 05:00:00
2025-12-30 01:00:00,conservative,546.21931275,593.5461737448567,2734.325869,2242.1472125799996,2.701943331274885,0.0,2731.623925668725,317,52.0,166.6850555435149,0.6,164.05955214,0.20735699017010537,218.74606952,0.5938058126437764,109.37303476,1.9007805284610033,2026-01-01 05:00:00
2025-12-30 02:00:00,conservative,535.50145975,572.9542506567558,2790.8600109999998,2288.5052090199997,2.8186930722678873,0.0,2788.041317927732,317,51.0,166.1875134666093,0.6,167.45160065999997,0.09434416901785116,223.26880088,0.7899784132520227,111.63440044,1.9343704899980134,2026-01-01 05:00:00
2025-12-30 03:00:00,conservative,518.024232,530.8656192302362,2891.567573,2371.08540986,2.7599010382961193,9.16536422947173,2897.9730361911757,317,50.0,163.11521115645328,0.6,173.49405438,0.0,231.32540584,0.7922771739286086,115.66270292,1.9676238643675108,2026-01-01 05:00:00
2025-12-30 04:00:00,conservative,511.89975225,528.6574088191244,2681.6421809999997,2198.9465884199994,2.6029880144639534,1.1102198261760547,2680.149412811712,317,49.0,164.11177177569525,0.6,160.89853085999997,0.0,214.53137447999998,0.7672147764918892,107.26568723999999,1.8357732379720644,2026-01-01 05:00:00
2025-12-30 05:00:00,conservative,537.36868275,560.5732181833521,2780.4806209999997,2279.9941092199997,3.0962773477620753,0.0,2777.3843436522375,317,48.0,177.17892178157396,0.6,166.82883725999997,0.0,222.43844968,1.0435975500697965,111.21922484,2.052679797692279,2026-01-01 05:00:00
2025-12-30 06:00:00,conservative,568.17789525,655.0263172911792,2765.657591,2267.83922462,1.7910608964707744,0.0,2763.8665301035294,317,47.0,192.79310941403318,0.3,165.93945546,0.0,221.25260728,0.6818434719642791,110.62630364,1.1092174245064952,2026-01-01 05:00:00
2025-12-30 07:00:00,conservative,613.9062315,804.0803494879326,2904.7110239999997,2381.8630396799995,2.2734532417174718,0.0,2902.437570758282,317,46.0,214.9114012848618,0.3,174.28266143999997,0.0,232.37688192,0.9777535537372337,116.18844096,1.295699687980238,2026-01-01 05:00:00
2025-12-30 08:00:00,conservative,687.9603677499999,870.0364938088718,2882.288587,2363.47664134,2.8881868356322853,0.0,2879.4004001643675,317,45.0,249.36106455539033,0.3,172.93731522,0.0,230.58308696,1.4023569570085543,115.29154348,1.4858298786237307,2026-01-01 05:00:00
2025-12-30 09:00:00,conservative,705.008156,839.3076785534336,2962.169816,2428.97924912,5.438708016267798,0.0,2956.7311079837323,317,44.0,261.4696234579736,0.5,177.73018896,0.0,236.97358528,2.774224619233789,118.48679264,2.664483397034009,2026-01-01 05:00:00
2025-12-30 10:00:00,conservative,640.98099425,833.2739576494604,3021.793934,2477.8710258799997,4.978352393123408,0.0,3016.8155816068765,317,43.0,239.65779313709064,0.5,181.30763603999998,0.0,241.74351471999998,2.480176397073923,120.87175735999999,2.498175996049485,2026-01-01 05:00:00
2025-12-30 11:00:00,conservative,592.8812895,824.1890382293352,3091.635737,2535.14130434,4.64808450838227,0.0,3086.9876524916176,317,42.0,223.73405299190824,0.5,185.49814422,0.0,247.33085896,2.2575806429366154,123.66542948,2.3905038654456545,2026-01-01 05:00:00
2025-12-30 12:00:00,conservative,568.7940847499999,840.8165067371242,3122.828384,2560.71927488,4.558085231684217,0.0,3118.2702987683156,317,41.0,217.6450132314947,0.5,187.36970304,0.0,249.82627072,2.207593893290748,124.91313536,2.3504913383934682,2026-01-01 05:00:00
2025-12-30 13:00:00,conservative,573.294103,719.0792573504225,3123.815718,2561.5288887599995,4.89320870581131,0.0,3118.9225092941883,317,40.0,224.063722687693,0.5,187.42894307999998,0.0,249.90525743999999,2.4743532283800467,124.95262871999999,2.4188554774312636,2026-01-01 05:00:00
2025-12-30 14:00:00,conservative,651.08269075,774.5974829315812,2959.2574,2426.5910679999997,6.30048402897604,0.0,2952.956915971024,317,39.0,264.24886637291166,0.5,177.555444,0.0,236.740592,3.611305291648484,118.370296,2.689178737327557,2026-01-01 05:00:00
2025-12-30 15:00:00,conservative,743.3983005,854.0854965353607,2932.052093,2404.2827162599997,8.378811497529526,0.0,2923.67328150247,317,38.0,312.75995894321926,0.5,175.92312557999998,0.0,234.56416743999998,5.247007084483622,117.28208371999999,3.131804413045904,2026-01-01 05:00:00
2025-12-30 16:00:00,conservative,814.632919,972.5422100700774,3057.507001,2507.1557408199997,3.419041140231431,0.0,3054.0879598597685,317,37.0,353.06515697376756,0.15,183.45042006,0.1797518416827294,244.60056008,2.140548974142593,122.30028004,1.0987403244061082,2026-01-01 05:00:00
2025-12-30 17:00:00,conservative,826.9192634999999,1090.4454781500758,3170.201298,2599.5650643599997,3.9547109440919073,0.0,3166.246587055908,290,9.0,369.97981164872084,0.15,190.21207787999998,0.2751275405565115,253.61610384,2.4893206383881994,126.80805192,1.1902627651471966,2025-12-31 02:00:00
2025-12-30 18:00:00,conservative,815.0063755,1133.9900093865476,3134.9369220000003,2570.64827604,4.133946170576182,0.0,3130.802975829424,317,35.0,367.65947237972944,0.15,188.09621532,0.3484013484836166,250.79495376000003,2.615416693289663,125.39747688000001,1.1701281288029028,2026-01-01 05:00:00
2025-12-30 19:00:00,conservative,788.77185875,1030.6789404482447,2944.603473,2414.57484786,3.9938056209401847,0.0,2940.60966737906,317,34.0,361.79583442328027,0.15,176.67620838,0.38929876304167843,235.56827784,2.5218228956686364,117.78413892,1.0826839622298698,2026-01-01 05:00:00
2025-12-30 20:00:00,conservative,751.819474,889.8270437968482,2838.454103,2327.53236446,3.839900203691109,0.0,2834.6142027963087,317,33.0,350.0057057240406,0.15,170.30724618,0.4106224451755344,227.07632824,2.4175631293802797,113.53816412,1.011714629135295,2026-01-01 05:00:00
2025-12-30 21:00:00,conservative,694.570348,765.8552619399145,2741.9273479999997,2248.3804253599997,9.35125261836145,0.0,2732.5760953816384,317,32.0,326.88925957379064,0.4,164.51564087999998,1.138331293482475,219.35418783999998,5.769535060816783,109.67709391999999,2.4433862640621924,2026-01-01 05:00:00
2025-12-30 22:00:00,conservative,687.47490025,656.5254807879357,2762.2735359999997,2265.0642995199996,10.192316502382283,0.1797518416827294,2752.2609713393003,317,31.0,329.67590400817915,0.4,165.73641216,1.5108404567325704,220.98188287999997,6.200090882445139,110.49094143999999,2.481385163204574,2026-01-01 05:00:00
2025-12-30 23:00:00,conservative,640.88764225,593.4604422866424,2591.797465,2125.2739213,9.222108235769033,1.423450097257341,2583.9988068614884,317,30.0,310.768169759562,0.4,155.5078479,1.6184551171592958,207.3437972,5.402387775454344,103.6718986,2.2012653431553932,2026-01-01 05:00:00
2025-12-31 00:00:00,conservative,657.8793880000001,718.8156388015237,2682.734159,2199.84201038,16.914128889228177,0.0,2665.8200301107718,317,29.0,326.5597539168871,0.6,160.96404954,3.60239634726048,214.61873272000003,9.72920055745389,107.30936636000001,3.5825319845138055,2026-01-01 05:00:00
2025-12-31 01:00:00,conservative,629.90834975,518.4311467231977,2652.4084080000002,2174.97489456,17.20451905925968,0.0,2635.2038889407404,317,28.0,317.17938797115386,0.6,159.14450448,4.301768071124838,212.19267264,9.45734475003341,106.09633632,3.4454062381014356,2026-01-01 05:00:00
2025-12-31 02:00:00,conservative,599.09913925,383.9730089896144,2640.547148,2165.24866136,13.628322336617574,89.6125484614794,2716.531374124862,317,27.0,305.6328230611401,0.6,158.43282888,3.2160185708899487,211.24377184000002,7.101303061488981,105.62188592000001,3.311000704238644,2026-01-01 05:00:00
2025-12-31 03:00:00,conservative,571.9683602499999,415.3002673451136,2701.505663,2215.2346436599996,10.431420402785376,10.31732163237893,2701.3915642295933,317,26.0,295.6772100451972,0.6,162.09033978,2.2238600379659132,216.12045304,4.925611813766231,108.06022652,3.281948551053232,2026-01-01 05:00:00
2025-12-31 04:00:00,conservative,559.663355,448.156308620267,2618.5805920000003,2147.23608544,7.059104047277875,7.1494718517321445,2618.6709598044545,317,25.0,294.1869229514329,0.6,157.11483552,1.2089656337455625,209.48644736000003,2.68427750870266,104.74322368000001,3.1658609048296533,2026-01-01 05:00:00
2025-12-31 05:00:00,conservative,577.55137575,490.35665245752324,2574.1551839999997,2110.8072508799996,6.5997225766950285,1.2089656337455625,2568.7644270570504,317,24.0,311.19870316578346,0.6,154.44931103999997,0.30717222252895743,205.93241472,3.0088018874727056,102.96620736,3.2837484666933654,2026-01-01 05:00:00
2025-12-31 06:00:00,conservative,597.8667785,559.6527988806411,2457.427387,2015.09045734,3.3778008783558624,0.30717222252895743,2454.356758344173,317,23.0,330.31011549228225,0.3,147.44564322,0.07584498541358814,196.59419096000002,1.6432878586311512,98.29709548000001,1.6586680343111233,2026-01-01 05:00:00
2025-12-31 07:00:00,conservative,633.71749275,592.1202913154993,2401.2343530000003,1969.0121694600002,4.037157567777489,0.0,2397.197195432223,317,22.0,360.0719881484632,0.3,144.07406118,0.3868583281103073,192.09874824000002,1.892387914747229,96.04937412000001,1.7579113249199523,2026-01-01 05:00:00
2025-12-31 08:00:00,conservative,715.4646145,585.3694506410261,2526.886144,2072.04663808,5.008068529905886,0.46270331352389543,2522.340778783618,317,21.0,421.05761119003205,0.3,151.61316864,0.33618049728279,202.15089152000002,2.5334530157889277,101.07544576000001,2.1384350168341686,2026-01-01 05:00:00
2025-12-31 09:00:00,conservative,712.04758875,675.5447319074823,2734.0634130000003,2241.9319986600003,9.121671414652754,0.33618049728279,2725.2779220826305,317,20.0,427.2730383064905,0.5,164.04380478000002,0.2501380662954407,218.72507304000004,4.963279366989461,109.36253652000002,3.9082539813678516,2026-01-01 05:00:00
2025-12-31 10:00:00,conservative,666.6926787499999,732.6114677398605,2835.334727,2324.9744761399998,9.042563934055059,0.0,2826.292163065945,317,19.0,404.8880535702853,0.5,170.12008362,0.0,226.82677816,5.184658055114653,113.41338908,3.857905878940405,2026-01-01 05:00:00
2025-12-31 11:00:00,conservative,623.50376825,689.8191902534487,2854.855243,2340.98129926,8.932387970015702,0.2501380662954407,2846.1729930962797,317,18.0,382.93545440857946,0.5,171.29131458,0.0,228.38841944,5.243142009971141,114.19420972,3.689245960044561,2026-01-01 05:00:00
2025-12-31 12:00:00,conservative,620.2734765,696.1205092832935,2782.6787359999994,2281.7965635199994,9.189942010690435,0.0,2773.4887939893088,317,17.0,388.3720379298725,0.5,166.96072415999996,0.0,222.61429887999995,5.54661826136878,111.30714943999998,3.6433237493216555,2026-01-01 05:00:00
2025-12-31 13:00:00,conservative,636.12621125,677.2757341884549,2723.044591,2232.89656462,9.848317660976992,0.0,2713.196273339023,317,16.0,407.72912159867514,0.5,163.38267545999997,0.0,217.84356728,6.119275831864553,108.92178364,3.729041829112438,2026-01-01 05:00:00
2025-12-31 14:00:00,conservative,636.182228,693.6136031948225,2614.115651,2143.57483382,10.060102317896193,0.0,2604.055548682104,317,15.0,416.0072944519638,0.5,156.84693906,0.0,209.12925208000001,6.413535705079973,104.56462604000001,3.6465666128162213,2026-01-01 05:00:00
2025-12-31 15:00:00,conservative,678.41884825,731.9256160741467,2660.063258,2181.25187156,12.18099462455536,0.0,2647.882263375445,317,14.0,456.3329501397883,0.5,159.60379548,0.440159623557349,212.80506064000002,7.704535510226959,106.40253032000001,4.036299490771053,2026-01-01 05:00:00
2025-12-31 16:00:00,conservative,752.1555875,786.030693872261,2788.393626,2286.48277332,4.842100883782308,0.0,2783.551525116218,317,13.0,522.4063169616713,0.15,167.30361756,0.428766661564942,223.07149008000002,2.98214478613344,111.53574504000001,1.4311894360839266,2026-01-01 05:00:00
2025-12-31 17:00:00,conservative,822.32588075,907.577946884061,2872.311541,2355.2954636199997,6.020597959672119,0.0,2866.290943040328,317,12.0,588.1575322923995,0.15,172.33869246,0.6956058886463289,229.78492328000002,3.692769229934822,114.89246164000001,1.632222841090968,2026-01-01 05:00:00
2025-12-31 18:00:00,conservative,803.1121465,861.6144582102173,2860.0803370000003,2345.26587634,6.400388380565829,0.0,2853.6799486194345,317,11.0,584.6197196768554,0.15,171.60482022000002,0.8955175692790972,228.80642696000004,3.887852395007261,114.40321348000002,1.6170184162794705,2026-01-01 05:00:00
2025-12-31 19:00:00,conservative,716.939709,801.3892458367202,2695.5187739999997,2210.3253946799996,5.82269176669452,0.0,2689.6960822333053,317,10.0,525.8777967714539,0.15,161.73112643999997,0.9269061011649832,215.64150191999997,3.504248427146693,107.82075095999998,1.3915372383828442,2026-01-01 05:00:00
2025-12-31 20:00:00,conservative,619.90002425,696.9157993157595,2594.651517,2127.6142439399996,5.1685481008647045,0.0,2589.482968899135,317,9.0,455.44687496013955,0.15,155.67909102,0.8958406704591021,207.57212135999998,3.0936609612245904,103.78606067999999,1.1790464691810119,2026-01-01 05:00:00
2025-12-31 21:00:00,conservative,585.7858287500001,544.9261468883644,2451.187256,2009.97354992,13.433248238460466,0.440159623557349,2438.194167385097,317,8.0,435.5773123344287,0.4,147.07123536,2.669063715080777,196.09498048,7.91148467876777,98.04749024,2.852699844611919,2026-01-01 05:00:00
2025-12-31 22:00:00,conservative,545.2297,338.06821907611965,2368.3006490000002,1942.00653218,12.87568535945087,6.51170060619523,2361.9366642467444,317,7.0,409.1187532041301,0.4,142.09803894,2.6670640841820736,189.46405192000003,7.605896288065975,94.73202596000002,2.6027249872028215,2026-01-01 05:00:00
2025-12-31 23:00:00,conservative,495.2814315,288.8326085130335,2389.6824330000004,1959.5395950600002,12.555841461011259,2.6670640841820736,2379.793655623171,317,6.0,373.08336013764324,0.4,143.38094598,2.7600277935535793,191.17459464000004,7.384524748614845,95.58729732000002,2.4112889188428364,2026-01-01 05:00:00
2026-01-01 00:00:00,conservative,435.26882175,235.9729251157847,2970.822386,2436.0743565199996,22.318228672051916,0.0,2948.5041573279477,317,5.0,326.31848909831865,0.6,178.24934316,5.7551488505058375,237.66579088,12.598611405230898,118.83289544,3.964468416315181,2026-01-01 05:00:00
2026-01-01 01:00:00,conservative,316.64401925,140.0993302202885,2756.386886,2260.2372465199996,13.934974920556147,114.1136224901439,2856.5655335695874,317,4.0,223.4060655789748,0.6,165.38321315999997,3.5492310411843673,220.51095088,7.831858558909672,110.25547544,2.5538853204621086,2026-01-01 05:00:00
2026-01-01 02:00:00,conservative,146.16636925,122.18424115739754,3048.6401090000004,2499.88488938,4.35301283977265,11.38108960009404,3055.6681857603216,317,3.0,67.36936293498658,0.6,182.91840654,0.7977766380479717,243.89120872000004,2.6936172245838947,121.94560436000002,0.861618977140784,2026-01-01 05:00:00
2026-01-01 03:00:00,conservative,46.9420365,116.1192379358631,3262.979898,2675.64351636,0.0,0.0,3262.979898,-1,0.0,0.0,0.6,195.77879388,0.0,261.03839184000003,0.0,130.51919592000002,0.0,
2026-01-01 04:00:00,conservative,28.605887000000003,109.05345638231671,3318.220645,2720.9409288999996,0.0,0.0,3318.220645,-1,0.0,0.0,0.6,199.09323869999997,0.0,265.4576516,0.0,132.7288258,0.0,
2026-01-01 05:00:00,conservative,19.045695,74.6311175681529,3294.05688,2701.1266416,0.0,142.50284990268767,3436.5597299026876,-1,0.0,0.0,0.6,197.6434128,0.0,263.5245504,0.0,131.7622752,0.0,
2026-01-01 06:00:00,conservative,21.00628125,270.6203303269232,3233.194105,2651.2191660999997,0.0,0.0,3233.194105,-1,0.0,0.0,0.3,193.99164629999999,0.0,258.6555284,0.0,129.3277642,0.0,
2026-01-01 07:00:00,conservative,21.34238175,452.8804360191383,3284.5749100000003,2693.3514262,0.0,0.0,3284.5749100000003,-1,0.0,0.0,0.3,197.0744946,0.0,262.76599280000005,0.0,131.38299640000002,0.0,
2026-01-01 08:00:00,conservative,24.049858,398.7783429037535,3271.4532999999997,2682.5917059999997,0.0,0.0,3271.4532999999997,-1,0.0,0.0,0.3,196.28719799999996,0.0,261.71626399999997,0.0,130.85813199999998,0.0,
2026-01-01 09:00:00,conservative,28.1204085,418.5361750839035,3411.192207,2797.1776097399998,0.0,0.0,3411.192207,-1,0.0,0.0,0.5,204.67153242,0.0,272.89537656,0.0,136.44768828,0.0,
2026-01-01 10:00:00,conservative,32.415026,350.4637201543745,3552.622008,2913.1500465599997,0.0,0.0,3552.622008,-1,0.0,0.0,0.5,213.15732047999998,0.0,284.20976064,0.0,142.10488032,0.0,
2026-01-01 11:00:00,conservative,36.61628225,419.6663465186313,3748.632374,3073.8785466799995,0.0,0.0,3748.632374,-1,0.0,0.0,0.5,224.91794244,0.0,299.89058991999997,0.0,149.94529495999998,0.0,
2026-01-01 12:00:00,conservative,38.03537325,473.5679826567858,3799.688392,3115.7444814399996,0.0,0.0,3799.688392,-1,0.0,0.0,0.5,227.98130351999998,0.0,303.97507136,0.0,151.98753568,0.0,
2026-01-01 13:00:00,conservative,48.8092615,245.27750297203397,3691.341764,3026.9002464799996,0.0,0.0,3691.341764,-1,0.0,0.0,0.5,221.48050583999998,0.0,295.30734112,0.0,147.65367056,0.0,
2026-01-01 14:00:00,conservative,74.464933,190.84007364559048,3625.563081,2972.9617264199996,0.0,0.0,3625.563081,-1,0.0,0.0,0.5,217.53378485999997,0.0,290.04504648,0.0,145.02252324,0.0,
2026-01-01 15:00:00,conservative,113.284539,234.86205462937497,3597.460873,2949.91791586,0.0,0.0,3597.460873,-1,0.0,0.0,0.5,215.84765238,0.0,287.79686984,0.0,143.89843492,0.0,
2026-01-01 16:00:00,conservative,175.92994125,274.3662208547785,3438.053205,2819.2036281,0.0,0.0,3438.053205,-1,0.0,0.0,0.15,206.2831923,0.0,275.0442564,0.0,137.5221282,0.0,
2026-01-01 17:00:00,conservative,240.87202125,411.32105990445245,3767.739398,3089.54630636,1.0729307777324,0.0,3766.666467222268,333,4.0,58.818232490726395,0.15,226.06436388,0.16267177738073968,301.41915184000004,0.677771869969741,150.70957592000002,0.2324871303819193,2026-01-01 21:00:00
2026-01-01 18:00:00,conservative,196.11464,319.3922633215775,3534.2297209999997,2898.06837122,0.3350699017918716,0.0,3533.8946510982078,334,4.0,17.955128586179068,0.15,212.05378325999996,0.061296257404171446,282.73837768,0.20714869936700367,141.36918884,0.06662494502069649,2026-01-01 22:00:00
2026-01-01 19:00:00,conservative,180.05650675,291.11594765228205,3424.7731049999998,2808.3139460999996,0.05967925003528725,0.0,3424.7134257499647,334,3.0,3.1948658735526316,0.15,205.48638629999996,0.012270499752516768,273.9818484,0.03592000495669438,136.9909242,0.0114887453260761,2026-01-01 22:00:00
2026-01-01 20:00:00,conservative,166.3323995,234.3763756853935,3104.983325,2546.0863265,0.0,0.0,3104.983325,-1,0.0,0.0,0.15,186.2989995,0.0,248.39866600000002,0.0,124.19933300000001,0.0,
2026-01-01 21:00:00,conservative,231.7786375,177.15499064929702,3134.6132749999997,2570.3828854999997,2.9447180556102697,1.353646234256092,3133.0222031786457,334,1.0,54.02321476504168,0.4,188.07679649999997,0.7674886254189351,250.769062,1.7034249989497257,125.384531,0.47380443124160904,2026-01-01 22:00:00
2026-01-01 22:00:00,conservative,221.39686274999997,176.66408140415126,3127.170079,2564.2794647799997,2.372667834348384,3.0587517509137365,3127.8561629165656,335,1.0,43.61869214639359,0.4,187.63020473999998,0.6183233539147619,250.17360632,1.3726012274036434,125.08680316,0.38174325302997847,2026-01-01 23:00:00
2026-01-01 23:00:00,conservative,243.8782535,176.8970145720347,3057.642312,2507.26669584,1.7914961837969081,2.372667834348384,3058.2234836505513,337,2.0,37.53273794506499,0.4,183.45853871999998,0.39325724751080093,244.61138496,1.077021684606579,122.30569248,0.32121725167952825,2026-01-02 01:00:00
2026-01-02 00:00:00,conservative,116.037129,290.1868869824301,3345.90715,2743.643863,0.0,0.0,3345.90715,-1,0.0,0.0,0.6,200.754429,0.0,267.672572,0.0,133.836286,0.0,
2026-01-02 01:00:00,conservative,101.023635,204.81377546183688,3269.1635610000003,2680.71412002,0.0,1.7914961837969081,3270.955057183797,-1,0.0,0.0,0.6,196.14981366,0.0,261.53308488000005,0.0,130.76654244000002,0.0,
2026-01-02 02:00:00,conservative,112.003653,205.68042783709026,3008.121255,2466.6594290999997,0.0,0.0,3008.121255,-1,0.0,0.0,0.6,180.4872753,0.0,240.6497004,0.0,120.3248502,0.0,
2026-01-02 03:00:00,conservative,65.8614345,260.347308201566,3159.205238,2590.5482951599997,0.0,0.0,3159.205238,-1,0.0,0.0,0.6,189.55231428,0.0,252.73641904000002,0.0,126.36820952000001,0.0,
2026-01-02 04:00:00,conservative,74.71267350000001,321.3626087319147,3034.4764870000004,2488.27071934,0.0,0.0,3034.4764870000004,-1,0.0,0.0,0.6,182.06858922,0.0,242.75811896000005,0.0,121.37905948000002,0.0,
2026-01-02 05:00:00,conservative,116.186517,352.84862378307906,3082.6456179999996,2527.7694067599996,0.0,0.0,3082.6456179999996,-1,0.0,0.0,0.6,184.95873707999996,0.0,246.61164943999998,0.0,123.30582471999999,0.0,
2026-01-02 06:00:00,conservative,194.727256,470.9674996583542,3127.002113,2564.14173266,0.0,0.0,3127.002113,-1,0.0,0.0,0.3,187.62012678,0.0,250.16016904,0.0,125.08008452,0.0,
2026-01-02 07:00:00,conservative,385.12226575,689.3375477375397,3094.100868,2537.1627117599996,0.28170965004506937,0.0,3093.8191583499547,363,20.0,22.222139571451336,0.3,185.64605208,0.0,247.52806944,0.13733700775556282,123.76403472,0.14437264228950655,2026-01-03 03:00:00
2026-01-02 08:00:00,conservative,514.3989065000001,651.6853487203072,3035.815764,2489.36892648,1.4280646846725462,0.0,3034.3876993153276,363,19.0,111.07836229059076,0.3,182.14894583999998,0.0,242.86526112,0.7221379219137449,121.43263056,0.7059267627588014,2026-01-03 03:00:00
2026-01-02 09:00:00,conservative,531.8026085,666.2974457468665,2966.4275470000002,2432.47058854,2.7218694697805574,0.0,2963.70567753022,363,18.0,125.46444492823318,0.5,177.98565282,0.0,237.31420376000003,1.4244433103969436,118.65710188000001,1.297426159383614,2026-01-03 03:00:00
2026-01-02 10:00:00,conservative,442.07643525,717.4503027932527,3284.565783,2693.34394206,1.601531918971383,0.0,3282.9642510810286,363,17.0,64.13456754709023,0.5,197.07394698,0.0,262.76526264,0.8650151819797546,131.38263132,0.7365167369916283,2026-01-03 03:00:00
2026-01-02 11:00:00,conservative,425.195597,671.8337763803382,3415.03633,2800.3297906,1.4348283218919726,0.0,3413.601501678108,363,16.0,53.17216731334374,0.5,204.9021798,0.0,273.2029064,0.7997394102493338,136.6014532,0.6350889116426387,2026-01-03 03:00:00
2026-01-02 12:00:00,conservative,433.24387175,649.1859469769848,3289.1885580000003,2697.13461756,1.627876466951657,0.0,3287.5606815330484,363,15.0,60.20862492505272,0.5,197.35131348000002,0.0,263.13508464,0.9353856857712438,131.56754232,0.6924907811804131,2026-01-03 03:00:00
2026-01-02 13:00:00,conservative,500.05764175,591.2165862360741,3269.61917,2681.0877194,3.129451240357203,0.0,3266.4897187596425,363,14.0,111.92168090106945,0.5,196.1771502,0.0,261.5695336,1.852735654210276,130.7847668,1.276715586146927,2026-01-03 03:00:00
2026-01-02 14:00:00,conservative,523.75433375,619.353218753624,3247.394534,2662.86351788,3.8333152092776315,0.0,3243.5612187907223,363,13.0,132.4540207782167,0.5,194.84367204,0.0,259.79156272,2.3345630882025366,129.89578136,1.498752121075095,2026-01-03 03:00:00
2026-01-02 15:00:00,conservative,578.84114375,619.2507162210244,3091.883441,2535.3444216199996,5.293428634459983,0.0,3086.59001236554,363,12.0,178.46258901314806,0.5,185.51300645999999,0.1698971697727173,247.35067528,3.2078279142952693,123.67533764,1.9157035503919964,2026-01-03 03:00:00
2026-01-02 16:00:00,conservative,615.889377,623.0650838983618,3199.695577,2623.7503731399997,2.1581454806495777,0.0,3197.5374315193503,363,11.0,211.79967607028132,0.15,191.98173462,0.1515142047074183,255.97564616,1.3030881379588146,127.98782308,0.7035431379833447,2026-01-03 03:00:00
2026-01-02 17:00:00,conservative,638.14819625,791.6274003735202,3357.8342540000003,2753.42408828,2.765994229173589,0.0,3355.068259770827,363,10.0,234.30229319131297,0.15,201.47005524000002,0.28290237486265585,268.62674032,1.6683885696257503,134.31337016,0.814703284685183,2026-01-03 03:00:00
2026-01-02 18:00:00,conservative,659.8654732499999,709.0091652251288,3330.62087,2731.1091134,3.3427093558187364,0.0,3327.2781606441813,363,9.0,257.17530803618644,0.15,199.8372522,0.46766945141540034,266.4496696,1.9905383561929628,133.2248348,0.8845015482103733,2026-01-03 03:00:00
2026-01-02 19:00:00,conservative,661.5834335,634.402387033997,3191.377934,2616.9299058799998,3.580166367068722,0.0,3187.7977676329315,363,8.0,263.8345430370395,0.15,191.48267604,0.6133233115925396,255.31023472,2.09812549265812,127.65511736,0.868717562818062,2026-01-03 03:00:00
2026-01-02 20:00:00,conservative,665.9156855,546.0050670567924,2997.047361,2457.57883602,3.6875636829427263,1.6853065123507314,2995.0451038294077,363,7.0,272.93063330575745,0.15,179.82284166,0.6549471339289574,239.76378888,2.18969518763493,119.88189444,0.8429213613788386,2026-01-03 03:00:00
2026-01-02 21:00:00,conservative,623.82561275,549.9357520839351,2910.362303,2386.4970884599998,8.949896088342696,0.0,2901.4124069116574,363,6.0,241.11365212799794,0.4,174.62173818,1.8858624624986395,232.82898423999998,5.127836952655992,116.41449211999999,1.9361966731880642,2026-01-03 03:00:00
2026-01-02 22:00:00,conservative,639.32462525,517.0364755475271,2849.5798170000003,2336.65544994,10.614280223009573,0.0,2838.9655367769906,363,5.0,260.00855745233565,0.4,170.97478902,2.6763664213756937,227.96638536000003,5.89841845107332,113.98319268000002,2.039495350560559,2026-01-03 03:00:00
2026-01-02 23:00:00,conservative,611.1089665,426.2717905058481,2753.197811,2257.62220502,9.463637661486738,25.493267165603186,2769.2274405041167,363,4.0,239.21474291510432,0.4,165.19186865999998,2.343090373055502,220.25582488,5.302919234510469,110.12791244,1.8176280539207665,2026-01-03 03:00:00
2026-01-03 00:00:00,conservative,596.2448585,418.34453002711297,2946.2956639999998,2415.9624444799997,15.41922412277199,2.343090373055502,2933.2195302502832,363,3.0,230.04871153837945,0.6,176.77773983999998,3.8382471612341673,235.70365311999998,8.772088015365231,117.85182655999999,2.8088889461725914,2026-01-03 03:00:00
2026-01-03 01:00:00,conservative,585.0781020000001,399.47277908550865,2844.6686680000003,2332.62830776,15.147089287713067,3.8382471612341673,2833.359825873521,363,2.0,223.96710206809783,0.6,170.68012008,3.6729270139208414,227.57349344000002,8.83202822929979,113.78674672000001,2.642134044492437,2026-01-03 03:00:00
2026-01-03 02:00:00,conservative,566.3299045,390.0789023645445,2852.0192540000003,2338.6557882800003,15.43887279385416,3.6729270139208414,2840.253308220067,363,1.0,210.11457933538952,0.6,171.12115524,4.042214660285713,228.16154032000003,8.907783756749298,114.08077016000001,2.4888743768191475,2026-01-03 03:00:00
2026-01-03 03:00:00,conservative,558.860521,351.9707291028775,2737.470585,2244.7258797,10.600521195657876,74.88681666307517,2801.756880467417,364,1.0,149.328003953533,0.6,164.2482351,2.7688046926400114,218.9976468,6.124540474194566,109.4988234,1.7071760288232973,2026-01-03 04:00:00
2026-01-03 04:00:00,conservative,545.434254,406.5158912630849,2693.8172050000003,2208.9301081000003,8.927625482811216,10.600521195657876,2695.490100712847,365,1.0,127.56925347705275,0.6,161.6290323,2.330297644900745,215.50537640000002,5.1599699260582375,107.75268820000001,1.4373579118522326,2026-01-03 05:00:00
2026-01-03 05:00:00,conservative,560.13030425,415.2879306564979,2531.95346,2076.2018372,5.551617549647723,8.927625482811216,2535.329467933164,366,1.0,84.16661216595142,0.6,151.9172076,1.4476060438478457,202.5562768,3.2105811867199763,101.2781384,0.8934303190799009,2026-01-03 06:00:00
2026-01-03 06:00:00,conservative,567.002154,474.2634137327841,2634.3163870000003,2160.1394373400003,0.7089659548009912,5.551617549647723,2639.159038594847,410,44.0,67.78677388931574,0.3,158.05898322000002,0.0,210.74531096000004,0.33440429861718035,105.37265548000002,0.3745616561838108,2026-01-05 02:00:00
2026-01-03 07:00:00,conservative,592.4167745,694.5876330844673,2706.941557,2219.69207674,0.9433124730129894,0.0,2705.998244526987,386,19.0,82.22292429692078,0.3,162.41649342,0.0,216.55532456,0.47671467979617627,108.27766228,0.46659779321681316,2026-01-04 02:00:00
2026-01-03 08:00:00,conservative,677.39988975,626.0018411509957,2909.8426099999997,2386.0709401999998,1.9616156972418524,0.0,2907.8809943027577,386,18.0,143.17464517432813,0.3,174.59055659999999,0.1347215109561556,232.78740879999998,0.9565497106996173,116.39370439999999,0.8703444755860797,2026-01-04 02:00:00
2026-01-03 09:00:00,conservative,702.795831,699.0844982126414,2969.212412,2434.7541778399996,4.287567434955028,0.0,2964.9248445650446,386,17.0,164.14304216507762,0.5,178.15274472,0.5391145286184923,237.53699296,2.054271759243201,118.76849648,1.694181147093334,2026-01-04 02:00:00
2026-01-03 10:00:00,conservative,696.9697085,700.9660422053853,3026.426318,2481.66958076,4.596475633208679,0.0,3021.829842366791,386,16.0,163.22831832963212,0.5,181.58557907999997,0.6691259503891502,242.11410544,2.2100164054084805,121.05705272,1.7173332774110484,2026-01-04 02:00:00
2026-01-03 11:00:00,conservative,662.5917895,694.8722865402223,3033.835657,2487.74523874,3.836055126436115,0.0,3029.999601873564,386,15.0,141.0579603058843,0.5,182.03013942,0.3261887760051894,242.70685256000002,2.0196127936758814,121.35342628000001,1.490253556755044,2026-01-04 02:00:00
2026-01-03 12:00:00,conservative,652.91893125,643.2394356598159,3036.772942,2490.15381244,3.5443843560904402,1.6691507659689875,3034.8977084098783,386,14.0,136.59693112674822,0.5,182.20637652,0.0,242.94183536,2.0994100536444207,121.47091768,1.4449743024460195,2026-01-04 02:00:00
2026-01-03 13:00:00,conservative,646.8873832500001,696.1802597889853,3028.660277,2483.50142714,3.635584356085012,0.0,3025.024692643915,386,13.0,134.70573752880074,0.5,181.71961661999998,0.0,242.29282216000001,2.214237699723983,121.14641108000001,1.421346656361029,2026-01-04 02:00:00
2026-01-03 14:00:00,conservative,669.87446,717.3553046058017,3021.8817599999998,2477.9430431999995,4.368283378059059,0.0,3017.5134766219408,386,12.0,155.5092489522001,0.5,181.31290559999997,0.0,241.75054079999998,2.7336027927119844,120.87527039999999,1.634680585347074,2026-01-04 02:00:00
2026-01-03 15:00:00,conservative,706.58656475,743.7608211401799,3042.3471759999998,2494.7246843199996,6.245246728795003,0.0,3036.101929271205,386,11.0,188.1128983422315,0.5,182.54083056,0.5737778743602535,243.38777407999999,3.6862978695893265,121.69388703999999,1.985170984845423,2026-01-04 02:00:00
2026-01-03 16:00:00,conservative,746.0436795,793.0839823966678,3158.93217,2590.3243794,2.5913598300844476,0.0,3156.3408101699156,386,10.0,224.21778423861335,0.15,189.5359302,0.3037014187505671,252.71457360000002,1.5533524395713332,126.35728680000001,0.7343059717625473,2026-01-04 02:00:00
2026-01-03 17:00:00,conservative,819.505223,840.6008705162976,3324.195211,2725.84007302,4.041782091140094,0.0,3320.15342890886,386,9.0,290.1075229079067,0.15,199.45171266,0.5958899745677189,265.93561688,2.4545024580128376,132.96780844,0.991389658559537,2026-01-04 02:00:00
2026-01-03 18:00:00,conservative,827.7962605,906.6047697609105,3215.619821,2636.8082532199996,4.469565568029487,0.0,3211.1502554319704,386,8.0,303.0332397322001,0.15,192.93718925999997,0.800841548091841,257.24958568,2.668885035449982,128.62479284,0.9998389844876638,2026-01-04 02:00:00
2026-01-03 19:00:00,conservative,782.494346,709.0991036647142,3114.8417999999997,2554.1702759999994,4.105944791764614,0.0,3110.735855208235,386,7.0,269.7713247975321,0.15,186.89050799999998,0.8726551841140778,249.18734399999997,2.367009980375274,124.59367199999998,0.8662796272752621,2026-01-04 02:00:00
2026-01-03 20:00:00,conservative,729.20016025,671.469247129629,2910.211217,2386.37319794,3.397752914112542,0.0,2906.8134640858875,386,6.0,227.95336455936007,0.15,174.61267302,0.8430876644867492,232.81689736,1.8671958543647649,116.40844868,0.6874693952610279,2026-01-04 02:00:00
2026-01-03 21:00:00,conservative,680.59305625,554.4283533796383,2875.715707,2358.08687974,7.423877329771546,13.033703577780635,2881.325533248009,386,5.0,188.5768015055014,0.4,172.54294241999997,1.8223690487719972,230.05725655999998,4.0967191401819605,115.02862827999999,1.5047891408175882,2026-01-04 02:00:00
2026-01-03 22:00:00,conservative,676.8770205,537.4895682503766,2810.159502,2304.33079164,7.436753852591898,11.640150937377769,2814.3628990847856,386,4.0,188.9559722492899,0.4,168.60957012,1.6660364003486154,224.81276016,4.297328662799564,112.40638008,1.473388789443718,2026-01-04 02:00:00
2026-01-03 23:00:00,conservative,642.48044825,543.0604075013125,2709.3022,2221.6278039999997,6.494028944410726,1.6660364003486154,2704.474207455938,386,3.0,160.37966427286594,0.4,162.558132,1.5083003226521359,216.744176,3.777005202974705,108.372088,1.2087234187838847,2026-01-04 02:00:00
2026-01-04 00:00:00,conservative,663.4507835,516.8721190185502,2816.345746,2309.4035117199996,12.017660191308352,1.5083003226521359,2805.8363861313437,386,2.0,183.76762504790267,0.6,168.98074476,2.6509500697074504,225.30765968,7.211529348852991,112.65382984,2.155180772747911,2026-01-04 02:00:00
2026-01-04 01:00:00,conservative,637.3639000000001,557.323438776257,2875.770629,2358.13191578,12.0601923600881,0.0,2863.710436639912,386,1.0,161.90964872999695,0.6,172.54623774,3.1514240788599435,230.06165032,6.966164317927807,115.03082516,1.9426039633003502,2026-01-04 02:00:00
2026-01-04 02:00:00,conservative,635.216444,472.18345940239584,2842.451415,2330.8101603,9.783983083794151,68.27450535167503,2900.941937267881,388,2.0,147.78134726089456,0.6,170.5470849,2.154370669462263,227.3961132,5.875122857287609,113.6980566,1.754489557044279,2026-01-04 04:00:00
2026-01-04 03:00:00,conservative,625.46888975,557.2139435584052,2921.02209,2395.2381137999996,10.704111218969517,0.0,2910.3179787810304,388,1.0,141.21218876268833,0.6,175.26132539999998,2.7951332581251007,233.6817672,6.185308460890157,116.8408836,1.72366949995426,2026-01-04 04:00:00
2026-01-04 04:00:00,conservative,616.65499625,481.4040255461942,2698.1859139999997,2212.5124494799998,8.026719548407948,20.488094302763667,2710.6472887543555,410,22.0,137.23125195683204,0.6,161.89115483999998,2.0146709000885847,215.85487311999998,4.4643233588784685,107.92743655999999,1.5477252894408955,2026-01-05 02:00:00
2026-01-04 05:00:00,conservative,623.003988,504.407288024319,2653.7359220000003,2176.06345604,4.661436833337942,6.478994258967053,2655.553479425629,410,21.0,144.175091978279,0.6,159.22415532000002,0.9513729281514886,212.29887376000002,2.111603551128642,106.14943688000001,1.598460354057811,2026-01-05 02:00:00
2026-01-04 06:00:00,conservative,625.898373,569.205659701669,2623.268102,2151.07984364,1.5967842847783937,3.0629764792801306,2624.7342941945017,410,20.0,149.02778632116585,0.3,157.39608612,0.0,209.86144816,0.7804324647588549,104.93072408,0.8163518200195389,2026-01-05 02:00:00
2026-01-04 07:00:00,conservative,645.9723855,688.6511844119294,2740.3516889999996,2247.08838498,1.9196595042545568,0.0,2738.432029495745,410,19.0,165.76618978287084,0.3,164.42110133999998,0.0,219.22813511999996,0.9723523273782593,109.61406755999998,0.9473071768762975,2026-01-05 02:00:00
2026-01-04 08:00:00,conservative,658.22219575,717.764177714208,2890.5728050000002,2370.2697001,2.2484885232497036,0.0,2888.3243164767505,410,18.0,177.6612915579016,0.3,173.43436830000002,0.0,231.24582440000003,1.1786524120474722,115.62291220000002,1.0698361112022314,2026-01-05 02:00:00
2026-01-04 09:00:00,conservative,704.3644145000001,715.775526249796,2971.1241750000004,2436.3218235000004,5.0729573001194606,0.0,2966.051217699881,410,17.0,214.09294965092587,0.5,178.26745050000002,0.26452550653647927,237.68993400000002,2.607775745233915,118.84496700000001,2.2006560483490656,2026-01-05 02:00:00
2026-01-04 10:00:00,conservative,707.7630025000001,770.9521904244885,3055.1516239999996,2505.2243316799995,5.697791500467053,0.0,3049.4538324995324,410,16.0,220.88579552776557,0.5,183.30909743999996,0.39880875271547256,244.41212991999998,2.9660215239496894,122.20606495999999,2.3329612238018913,2026-01-05 02:00:00
2026-01-04 11:00:00,conservative,678.8003875,782.2419660408484,3059.262929,2508.59560178,5.275119099363094,0.0,3053.987809900637,410,15.0,203.89195167971278,0.5,183.55577574,0.1744081826524654,244.74103432,2.9404251749768164,122.37051716,2.1602857417338126,2026-01-05 02:00:00
2026-01-04 12:00:00,conservative,668.82875875,739.7906814499069,3057.1056430000003,2506.82662726,5.287047515888941,0.0,3051.8185954841115,410,14.0,200.474447439231,0.5,183.42633858000002,0.06588969505291677,244.56845144000002,3.097841283764432,122.28422572000001,2.123316537071592,2026-01-05 02:00:00
2026-01-04 13:00:00,conservative,648.17584575,664.949619877276,3020.8909980000003,2477.13061836,5.064684663174414,0.9036321369573339,3016.729945473783,410,13.0,188.5998385985138,0.5,181.25345988,0.0,241.67127984000004,3.088502989495821,120.83563992000002,1.976181673678593,2026-01-05 02:00:00
2026-01-04 14:00:00,conservative,692.2266525,723.8644712558264,2968.710533,2434.34263706,6.241467520068902,0.0,2962.469065479931,410,12.0,227.06139995904223,0.5,178.12263198,0.0,237.49684264,3.912749375719128,118.74842132,2.3287181443497733,2026-01-05 02:00:00
2026-01-04 15:00:00,conservative,696.1294085,699.4851847627035,3022.6472510000003,2478.57074582,6.863304404042265,0.0,3015.7839465959582,410,11.0,234.78037956042687,0.5,181.35883506000002,0.0,241.81178008000003,4.413861562495648,120.90589004000002,2.4494428415466167,2026-01-05 02:00:00
2026-01-04 16:00:00,conservative,751.365625,896.5008512313478,3169.629179,2599.09592678,2.847405607276157,0.0,3166.781773392724,410,10.0,284.74684697176133,0.15,190.17775074,0.11886324180106692,253.57033432,1.8000079921615881,126.78516716,0.9285343733135022,2026-01-05 02:00:00
2026-01-04 17:00:00,conservative,884.5636895,979.2100481391179,3361.1011790000002,2756.10296678,4.631374593534412,0.0,3356.4698044064658,410,9.0,401.7554903434717,0.15,201.66607074,0.41147602176806564,268.88809432000005,2.8576963276657086,134.44404716000003,1.362202244100638,2026-01-05 02:00:00
2026-01-04 18:00:00,conservative,905.14189375,862.0674477719222,3256.333645,2670.1935889,5.186639761403255,0.0,3251.147005238597,410,8.0,427.4070785512318,0.15,195.3800187,0.64864481006432,260.5066916,3.1411485499691074,130.2533458,1.3968464013698274,2026-01-05 02:00:00
2026-01-04 19:00:00,conservative,894.199208,785.323807299691,3091.5324330000003,2535.0565950600003,5.191138314345732,1.0601208318323856,3087.4014155174873,410,7.0,426.52816030074393,0.15,185.49194598000003,0.6868781195502738,247.32259464000003,3.180596575035242,123.66129732000002,1.3236636197602167,2026-01-05 02:00:00
2026-01-04 20:00:00,conservative,839.9340354999999,761.3728369910417,2971.730088,2436.8186721599996,4.847846887432447,0.0,2966.8822411125675,410,6.0,387.01571020573385,0.15,178.30380527999998,0.7047374214031775,237.73840704,2.979635831416904,118.86920352,1.163473634612366,2026-01-05 02:00:00
2026-01-04 21:00:00,conservative,744.6991855,758.0421584691993,2921.441122,2395.58172004,11.012129016578157,0.0,2910.428992983422,410,5.0,308.66189038225446,0.4,175.28646732,1.817895198410855,233.71528976000002,6.729019086557132,116.85764488000001,2.465214731610171,2026-01-05 02:00:00
2026-01-04 22:00:00,conservative,715.30710025,650.5270075657218,3106.212661,2547.09438202,11.91113192914376,0.8057413613513407,3095.1072704322078,410,4.0,287.76495983450303,0.4,186.37275965999999,2.306008413869124,248.49701288,7.1539030005637345,124.24850644,2.4512205147109,2026-01-05 02:00:00
2026-01-04 23:00:00,conservative,666.34518125,658.6826389115965,3096.384438,2539.03523916,11.140061499591445,0.0,3085.2443765004086,410,3.0,247.46759882548085,0.4,185.78306627999999,2.4310288846148076,247.71075504,6.596434192402895,123.85537752,2.1125984225737415,2026-01-05 02:00:00
2026-01-05 00:00:00,conservative,690.573958,488.6933598361881,3222.0989649999997,2642.1211512999994,20.546625261884564,7.2596699182979645,3208.8120096564135,411,3.0,267.2726056945961,0.6,193.32593789999999,4.7759990513847175,257.7679172,12.218203606623577,128.8839586,3.5524226038762703,2026-01-05 03:00:00
2026-01-05 01:00:00,conservative,663.6463995,466.2142644964818,3210.98913,2633.0110866,18.273874851060913,4.7759990513847175,3197.4912542003235,411,2.0,246.80015665311336,0.6,192.65934779999998,4.047232046543962,256.8791304,10.949049695825414,128.4395652,3.277593108691538,2026-01-05 03:00:00
2026-01-05 02:00:00,conservative,646.1677695,403.57504073127893,3357.574646,2753.2112097199997,20.236912066623272,107.74481858257923,3445.082552515956,413,3.0,234.9552285820452,0.6,201.45447876,5.303620147600895,268.60597168,11.665900592101758,134.30298584,3.2673913269206216,2026-01-05 05:00:00
2026-01-05 03:00:00,conservative,644.7112185,406.7741373830704,3263.093197,2675.73642154,17.949823625399038,38.795818194639835,3283.939191569241,413,2.0,238.30220022730848,0.6,195.78559182,3.973052957154136,261.04745576,10.75736444005639,130.52372788,3.2194062281885123,2026-01-05 05:00:00
2026-01-05 04:00:00,conservative,653.543908,488.0327500587019,3134.860224,2570.5853836799997,20.219374630093576,0.0,3114.6408493699064,413,1.0,251.7740145328549,0.6,188.09161344,5.304826536932685,250.78881792,11.652194830534295,125.39440896,3.2623532626265956,2026-01-05 05:00:00
2026-01-05 05:00:00,conservative,678.66009625,396.6837209896655,3018.479695,2475.1533498999997,0.5473788791611556,41.43658958241324,3059.368905703252,459,46.0,43.19736324726639,0.6,181.10878169999998,0.0,241.4783756,0.0,120.7391878,0.5473788791611556,2026-01-07 03:00:00
2026-01-05 06:00:00,conservative,814.3435565,686.6936873501045,3250.636659,2665.52206038,1.3088080070048185,0.0,3249.327850992995,459,45.0,99.23478613675329,0.3,195.03819954,0.14167170862842657,260.05093272,0.49142353912755277,130.02546636,0.675712759248839,2026-01-07 03:00:00
2026-01-05 07:00:00,conservative,965.89973375,801.2696879742371,3484.4994129999995,2857.2895186599994,3.5913596007225395,0.14167170862842657,3481.0497251079055,434,19.0,180.86959269130057,0.3,209.06996477999996,0.9299560352219299,278.75995303999997,1.3488397144123685,139.37997651999999,1.3125638510882411,2026-01-06 02:00:00
2026-01-05 08:00:00,conservative,1129.201683,949.0812962400796,3631.438613,2977.7796626599998,7.977963586836094,0.0,3623.4606494131635,434,18.0,298.4553048267363,0.3,217.88631678,3.2431124277276466,290.51508903999996,2.5091916917103276,145.25754451999998,2.2256594673981196,2026-01-06 02:00:00
2026-01-05 09:00:00,conservative,1136.484434,857.7074800916126,3649.0165890000003,2992.19360298,12.65716364941613,4.173068462949576,3640.532493813534,434,17.0,309.66814795219994,0.5,218.94099534,4.109103534183998,291.92132712000006,4.687144455116975,145.96066356000003,3.860915660115157,2026-01-06 02:00:00
2026-01-05 10:00:00,conservative,1087.8393415,962.6445473299055,3725.94332,3055.2735224,12.832363695128622,0.0,3713.1109563048713,434,16.0,280.6002724272025,0.5,223.5565992,4.655928714004585,298.0754656,4.58898149940906,149.0377328,3.5874534817149777,2026-01-06 02:00:00
2026-01-05 11:00:00,conservative,1021.09931825,860.8188839222532,3725.5123310000004,3054.92011142,11.701370446124752,8.765032248188582,3722.5759928020643,434,15.0,236.82654866978328,0.5,223.53073986,4.500683472492535,298.04098648,4.156091722746865,149.02049324,3.04459525088535,2026-01-06 02:00:00
2026-01-05 12:00:00,conservative,1004.14357925,801.7590053885937,3634.4332919999997,2980.2352994399994,7.072257134405428,4.500683472492535,3631.861718338087,434,14.0,228.79589044625783,0.5,218.06599751999997,0.0,290.75466336,4.200123463285085,145.37733168,2.8721336711203427,2026-01-06 02:00:00
2026-01-05 13:00:00,conservative,1005.24529525,1020.146719840337,3617.2958399999998,2966.1825888,7.512812484449957,0.0,3609.7830275155497,434,13.0,234.26735389479222,0.5,217.03775039999996,0.0,289.3836672,4.587717326993362,144.6918336,2.925095157456595,2026-01-06 02:00:00
2026-01-05 14:00:00,conservative,1052.24714625,1048.0992172148644,3561.800125,2920.6761025,9.069735003925025,0.0,3552.7303899960752,434,12.0,275.97283388628813,0.5,213.7080075,0.0,284.94401000000005,5.694721027424306,142.47200500000002,3.375013976500719,2026-01-06 02:00:00
2026-01-05 15:00:00,conservative,1125.50426,1144.9349161430207,3491.688912,2863.18490784,12.215727464949826,0.0,3479.47318453505,434,11.0,340.3380658106229,0.5,209.50133472,0.7584404781856331,279.33511296,7.416785840332208,139.66755648,4.040501146431983,2026-01-06 02:00:00
2026-01-05 16:00:00,conservative,1359.7851405000001,1405.4760361922408,3568.7985320000003,2926.41479624,6.647866825780831,0.0,3562.1506651742193,434,10.0,539.0263125256495,0.15,214.12791192,0.7317298707322388,285.50388256,4.033824453937757,142.75194128,1.882312501110835,2026-01-06 02:00:00
2026-01-05 17:00:00,conservative,1670.030823,1663.0062217583,3683.348724,3020.3459536799996,11.296653623183596,0.0,3672.0520703768166,434,9.0,809.0543431595578,0.15,221.00092343999998,1.8188469884396634,294.66789792000003,6.784369082434858,147.33394896000001,2.693437552309074,2026-01-06 02:00:00
2026-01-05 18:00:00,conservative,1596.4935865,1589.4694777915245,3546.72046,2908.3107772,11.007048164579206,0.0,3535.7134118354206,434,8.0,762.7340257046332,0.15,212.80322759999999,2.049778386373566,283.7376368,6.4748694524908705,141.8688184,2.4824003257147713,2026-01-06 02:00:00
2026-01-05 19:00:00,conservative,1365.4432864999999,1412.8196709652216,3388.361694,2778.45658908,8.548322848641009,0.0,3379.813371151359,434,7.0,577.2767940115041,0.15,203.30170164,1.707742474802335,271.06893552,4.945271658678494,135.53446776,1.8953087151601802,2026-01-06 02:00:00
2026-01-05 20:00:00,conservative,1098.2779305,1121.3009723745872,3283.707955,2692.6405231,5.024644109892349,1.8188469884396634,3280.502157878547,434,6.0,351.984144597671,0.15,197.0224773,0.8399172688119516,262.6966364,3.008093261997385,131.3483182,1.1766335790830127,2026-01-06 02:00:00
2026-01-05 21:00:00,conservative,964.33114425,950.2469126719513,3140.3583089999997,2575.0938133799996,9.196909376170524,12.032060292528632,3143.193459916358,434,5.0,237.89463176205084,0.4,188.42149854,1.5155568353228792,251.22866471999998,5.61924210858026,125.61433235999999,2.0621104322673838,2026-01-06 02:00:00
2026-01-05 22:00:00,conservative,925.0975915,941.3743928075789,3022.307997,2478.29255754,8.335192815703405,0.0,3013.9728041842964,435,5.0,207.1365163806469,0.4,181.33847981999998,1.5591149956710761,241.78463976,5.042137774448983,120.89231988,1.7339400455833462,2026-01-06 03:00:00
2026-01-05 23:00:00,conservative,831.3553595000001,817.4528287156262,2956.354358,2424.21057356,5.3177762425820205,17.809439669241954,2968.8460214266597,459,28.0,149.13696974893557,0.4,177.38126148,0.9362171760951239,236.50834864,3.153994351331527,118.25417432,1.2275647151553695,2026-01-07 03:00:00
2026-01-06 00:00:00,conservative,782.01930075,768.0474081428922,3390.3015670000004,2780.0472849400003,6.4074464009421455,16.172236982830587,3400.066357581889,459,27.0,123.39923436981076,0.6,203.41809402,1.0644964570508682,271.22412536,3.592632070179113,135.61206268,1.7503178737121647,2026-01-07 03:00:00
2026-01-06 01:00:00,conservative,781.644409,788.903277146981,3289.2077639999998,2697.15036648,6.912459688029308,0.0,3282.2953043119705,459,26.0,125.66918341371716,0.6,197.35246583999998,1.3875309815036607,263.13662112,3.7958135638773585,131.56831056,1.7291151426482891,2026-01-07 03:00:00
2026-01-06 02:00:00,conservative,758.815323,701.4169156602661,3376.379653,2768.6313154599998,6.152409198218727,82.26371773420865,3452.4909615359898,459,25.0,114.36132872652598,0.6,202.58277918,1.409089513725209,270.11037224,3.126976522579015,135.05518612,1.6163431619145028,2026-01-07 03:00:00
2026-01-06 03:00:00,conservative,747.9238725,696.176337524609,3343.555304,2741.71534928,2.7090389968217066,16.11047915449857,3356.956744157677,459,24.0,109.93213213196343,0.6,200.61331823999998,0.0,267.48442432,1.1700132657477327,133.74221216,1.539025731073974,2026-01-07 03:00:00
2026-01-06 04:00:00,conservative,765.596793,748.7281671227709,3206.0807839999998,2628.9862428799997,3.008165031541629,0.0,3203.0726189684583,459,23.0,123.30953419302158,0.6,192.36484703999997,0.0,256.48646271999996,1.3541490937768792,128.24323135999998,1.6540159377647494,2026-01-07 03:00:00
2026-01-06 05:00:00,conservative,799.5789002500001,769.1939666399674,3164.205852,2594.6487986399998,3.6769218086862154,0.0,3160.528930191314,459,22.0,147.68626675594916,0.6,189.85235112,0.0,253.13646816000002,1.7250735689754706,126.56823408000001,1.9518482397107448,2026-01-07 03:00:00
2026-01-06 06:00:00,conservative,906.3451050000001,915.7725249778583,3415.09322,2800.3764404,3.07060767304797,0.0,3412.022612326952,458,20.0,220.96191646215723,0.3,204.9055932,0.0,273.2074576,1.5053907294403945,136.6037288,1.5652169436075754,2026-01-07 02:00:00
2026-01-06 07:00:00,conservative,1034.9502495000002,1007.7095272343638,3587.436429,2941.69787178,4.966538036428288,0.0,3582.4698909635717,458,19.0,313.37373861930155,0.3,215.24618574,0.2617433294262304,286.99491432,2.4013981347028364,143.49745716,2.3033965722992216,2026-01-07 02:00:00
2026-01-06 08:00:00,conservative,1226.90523275,1184.5361217099414,3747.6464180000003,3073.07006276,8.960117235065413,0.0,3738.686300764935,458,18.0,453.62675555349205,0.3,224.85878508000002,1.3413165117001071,299.81171344,4.225111045834505,149.90585672,3.3936896775308,2026-01-07 02:00:00
2026-01-06 09:00:00,conservative,1261.541212,1305.5106750676466,3692.081839,3027.50710798,17.392961816857667,0.0,3674.6888771831423,458,17.0,487.4434860176337,0.5,221.52491034,3.352608028976273,295.36654712,8.097533060568121,147.68327356,5.942820727313272,2026-01-07 02:00:00
2026-01-06 10:00:00,conservative,1157.0915685,1150.318279485404,3690.268617,3026.02026594,15.283987740927028,0.0,3674.9846292590732,458,16.0,421.44448957228775,0.5,221.41611702,2.9478655446612847,295.22148936,7.126790513959139,147.61074468,5.209331682306606,2026-01-07 02:00:00
2026-01-06 11:00:00,conservative,1100.4671895,1102.4930356406376,3673.00296,3011.8624271999997,14.348257027231753,0.0,3658.654702972768,458,15.0,388.0098613105528,0.5,220.38017759999997,2.8102801218869975,293.8402368,6.73312121290892,146.9201184,4.804855692435836,2026-01-07 02:00:00
2026-01-06 12:00:00,conservative,1005.0221065000001,962.2796609135963,3597.801338,2950.19709716,10.802015094274232,10.713813536650893,3597.7131364423767,458,14.0,323.7123385193295,0.5,215.86808028000002,0.9668828194011713,287.82410704,5.864472370041433,143.91205352,3.9706599048316273,2026-01-07 02:00:00
2026-01-06 13:00:00,conservative,972.9642457499999,956.6327640142445,3622.579924,2970.51553768,9.760597589015722,0.9668828194011713,3613.786209230386,458,13.0,305.5334971718572,0.5,217.35479544,0.0,289.80639392,5.976455587415404,144.90319696,3.7841420016003187,2026-01-07 02:00:00
2026-01-06 14:00:00,conservative,976.700555,980.028232691296,3620.1931830000003,2968.55841006,10.532232389877525,0.0,3609.6609506101227,458,12.0,314.64476819140054,0.5,217.21159098,0.055801428787612455,289.61545464000005,6.587435265614574,144.80772732000003,3.8889956954753373,2026-01-07 02:00:00
2026-01-06 15:00:00,conservative,1023.64780025,989.117992927331,3587.1894409999995,2941.4953416199996,13.257059056094292,0.0,3573.932381943905,458,11.0,358.67706096695446,0.5,215.23136645999998,0.9459613451410357,286.97515527999997,7.950099125393824,143.48757763999998,4.360998585559432,2026-01-07 02:00:00
2026-01-06 16:00:00,conservative,1083.5975435,1094.8684840503702,3622.73402,2970.6418963999995,4.978833019136035,0.0,3617.755186980864,458,10.0,415.0055166732495,0.15,217.36404119999997,0.4954527475161865,289.8187216,2.9706661501071188,144.9093608,1.5127141215127295,2026-01-07 02:00:00
2026-01-06 17:00:00,conservative,1143.26705675,1125.2478960524359,3754.062479,3078.33123278,6.482397563906122,0.0,3747.580081436094,458,9.0,473.2293511756804,0.15,225.24374874,0.8428805190823542,300.32499832,3.8739312728544304,150.16249916,1.765585771969338,2026-01-07 02:00:00
2026-01-06 18:00:00,conservative,1107.9585585,1099.2077460062017,3647.153761,2990.6660840199997,6.399097208292504,0.0,3640.7546637917076,458,8.0,452.70130072795956,0.15,218.82922566,0.9864643889331173,291.77230088,3.7643290762265944,145.88615044,1.648303743132793,2026-01-07 02:00:00
2026-01-06 19:00:00,conservative,1039.5833587500001,1021.5321603831183,3445.1458390000003,2825.01958798,5.720470902704297,0.0,3439.425368097296,458,7.0,402.40393063481895,0.15,206.70875034,0.9679878313048424,275.61166712000005,3.354141118880071,137.80583356000002,1.3983419525193834,2026-01-07 02:00:00
2026-01-06 20:00:00,conservative,908.6990075,964.2673530352681,3375.7558320000003,2768.11978224,4.3589012292788905,0.055801428787612455,3371.4527321995092,458,6.0,294.449023295584,0.15,202.54534992,0.7336585692622173,270.06046656,2.604051399034542,135.03023328,1.021191260982131,2026-01-07 02:00:00
2026-01-06 21:00:00,conservative,811.2550085,810.8500917578621,3275.665148,2686.04542136,8.341016113284446,4.2387468319775365,3271.5628787186934,459,6.0,213.7386373889908,0.4,196.53990887999998,1.1617625710018082,262.05321184,5.241412923562515,131.02660592,1.9378406187201238,2026-01-07 03:00:00
2026-01-06 22:00:00,conservative,763.878074,732.146746131323,3102.2953820000002,2543.88221324,6.90215204904319,34.55447475161393,3129.9477047025707,459,5.0,175.18802119230244,0.4,186.13772292000002,1.0482289886137013,248.18363056,4.343973375206924,124.09181528,1.5099496852225651,2026-01-07 03:00:00
2026-01-06 23:00:00,conservative,693.59732675,718.2736741130957,3046.9699219999998,2498.5153360399995,4.658992173693425,0.0,3042.310929826306,459,4.0,113.84974735428007,0.4,182.81819531999997,0.868160477154051,243.75759376,2.822721125324545,121.87879688,0.9681105712148296,2026-01-07 03:00:00
2026-01-07 00:00:00,conservative,702.32159,665.6962805008693,3255.889023,2669.82899886,8.560290632537251,1.1617625710018082,3248.490494938465,459,3.0,124.3658665230466,0.6,195.35334138000002,1.5717697152257744,260.47112184,5.294532151405577,130.23556092,1.6939887659059003,2026-01-07 03:00:00
2026-01-07 01:00:00,conservative,662.1382140000001,668.4041218501427,3370.635804,2763.9213592799997,6.9552772727337855,0.0,3363.680526727266,459,2.0,88.27046039011391,0.6,202.23814824,1.5282591633702975,269.65086432,4.1798812437858475,134.82543216,1.2471368655776398,2026-01-07 03:00:00
2026-01-07 02:00:00,conservative,635.4987645,576.7086607836068,3357.115772,2752.83493304,5.420476564252473,101.53536590674388,3453.230661342491,459,1.0,59.618835580793046,0.6,201.42694631999998,1.4589908724993925,268.56926176,3.237533524179241,134.28463088,0.72395216757384,2026-01-07 03:00:00
2026-01-07 03:00:00,conservative,610.11094925,570.265367783047,3418.7015920000003,2803.33530544,0.7926728915674375,40.14203674282152,3458.0509558512545,505,46.0,42.299525301051396,0.6,205.12209552000002,0.012716276416871048,273.49612736000006,0.1728740939732403,136.74806368000003,0.6070825211773262,2026-01-09 01:00:00
2026-01-07 04:00:00,conservative,603.64722725,609.5530643260737,3395.1761340000003,2784.0444298800003,0.7206411975158413,0.012716276416871048,3394.4682090789015,505,45.0,40.52607914043049,0.6,203.71056804,0.0,271.61409072000004,0.14299195371872025,135.80704536000002,0.577649243797121,2026-01-09 01:00:00
2026-01-07 05:00:00,conservative,634.2844775,656.4384748998623,3309.187477,2713.53373114,1.12995134782776,0.0,3308.057525652172,505,44.0,54.05256810970979,0.6,198.55124862,0.0,264.73499816,0.3792566679354897,132.36749908,0.7506946798922703,2026-01-09 01:00:00
2026-01-07 06:00:00,conservative,691.5798695,696.720917935699,3280.94216,2690.3725712,0.9818170281274305,0.0,3279.9603429718727,505,43.0,79.3897398033451,0.3,196.8565296,0.0,262.4753728,0.4357015742919361,131.2376864,0.5461154538354944,2026-01-09 01:00:00
2026-01-07 07:00:00,conservative,741.42144225,737.9519937783529,3540.70711,2903.3798301999996,1.6453346216964753,0.0,3539.0617753783035,483,20.0,106.16325126577627,0.3,212.44242659999998,0.09221177102322384,283.25656879999997,0.7660103134847424,141.62828439999998,0.7871125371885092,2026-01-08 03:00:00
2026-01-07 08:00:00,conservative,817.1178639999999,808.0847531323212,3665.362247,3005.5970425399996,3.141746634438614,0.0,3662.2205003655613,483,19.0,160.07375285322988,0.3,219.92173481999998,0.5642431606071937,293.22897976,1.3533686694064235,146.61448988,1.2241348044249964,2026-01-08 03:00:00
2026-01-07 09:00:00,conservative,837.8727475000001,793.5170877889773,3678.155503,3016.0875124599997,6.576829863883049,0.0,3671.578673136117,483,18.0,177.78764803228918,0.5,220.68933017999998,1.5868094430279474,294.25244024,2.7195490842464283,147.12622012,2.2704713366086726,2026-01-08 03:00:00
2026-01-07 10:00:00,conservative,809.36514125,787.7698149981587,3830.588779,3141.08279878,6.487826782437493,0.0,3824.1009522175627,483,17.0,161.08832866099468,0.5,229.83532674,1.6247325993019088,306.44710232,2.717563207137772,153.22355116,2.145530975997812,2026-01-08 03:00:00
2026-01-07 11:00:00,conservative,746.7642965,732.9451333712063,3878.679838,3180.51746716,4.7335113696516675,3.77578520293705,3877.7221118332855,483,16.0,118.88498562740514,0.5,232.72079028,1.0422522402331362,310.29438704,2.083146658562901,155.14719352,1.6081124708556305,2026-01-08 03:00:00
2026-01-07 12:00:00,conservative,719.732526,751.4461927865675,3735.219553,3062.8800334599996,4.067550108998375,0.0,3731.1520028910018,505,37.0,102.94370585101116,0.5,224.11317318,0.939484825256248,298.81756424,1.7858826168177249,149.40878212,1.342182666924403,2026-01-09 01:00:00
2026-01-07 13:00:00,conservative,696.100745,706.4092936870538,3764.8281979999997,3087.1591223599994,3.6429408181031144,0.09221177102322384,3761.27746895292,505,36.0,93.52048394241974,0.5,225.88969188,0.7841751009096464,301.18625584,1.6291990324395274,150.59312792,1.2295666847539408,2026-01-09 01:00:00
2026-01-07 14:00:00,conservative,711.4940745,658.602869839118,3701.890143,3035.54991726,3.2710512330665944,2.7659121663990307,3701.385003933333,483,13.0,99.04126196995476,0.5,222.11340858,0.0,296.15121144,1.9910145011403617,148.07560572,1.2800367319262325,2026-01-08 03:00:00
2026-01-07 15:00:00,conservative,760.98071675,770.7032358318439,3566.4761129999997,2924.5104126599995,5.166592000088147,0.0,3561.3095209999115,483,12.0,139.9695997241721,0.5,213.98856677999999,0.40748786143102883,285.31808903999996,3.020594036106596,142.65904451999998,1.7385101025505223,2026-01-08 03:00:00
2026-01-07 16:00:00,conservative,794.96189925,783.4094308375105,3636.153283,2981.64569206,2.044293541766643,0.0,3634.1089894582333,483,11.0,170.06771093485256,0.15,218.16919698,0.16819755593855254,290.89226264,1.2315348598808509,145.44613132,0.6445611259472397,2026-01-08 03:00:00
2026-01-07 17:00:00,conservative,935.46360675,915.1559467408213,3777.515414,3097.5626394799997,4.175885897652709,0.0,3773.3395281023472,483,10.0,288.5363753812369,0.15,226.65092484,0.5017766547242739,302.20123312,2.553372730046443,151.10061656,1.1207365128819924,2026-01-08 03:00:00
2026-01-07 18:00:00,conservative,927.33725175,945.687540415226,3697.475632,3031.9300182399998,4.382433128627471,0.0,3693.093198871373,483,9.0,287.5774945515478,0.15,221.84853792,0.6421058679433831,295.79805056000004,2.646833319943095,147.89902528000002,1.093493940740993,2026-01-08 03:00:00
2026-01-07 19:00:00,conservative,860.1221235,891.0521091748785,3521.290946,2887.4585757199998,3.5593836424226453,0.0,3517.7315623575773,483,8.0,236.10999124022138,0.15,211.27745676,0.6093763928140833,281.70327568,2.0892364458364776,140.85163784,0.8607708037720843,2026-01-08 03:00:00
2026-01-07 20:00:00,conservative,728.81160075,756.750004323486,3578.123986,2934.06166852,1.8594437217127526,0.0,3576.264542278287,483,7.0,126.72384510974467,0.15,214.68743916,0.2572374258645926,286.24991888,1.1280426931097223,143.12495944,0.4741636027384378,2026-01-08 03:00:00
2026-01-07 21:00:00,conservative,693.9897525,668.8132268033208,3465.374985,2841.6074876999996,3.916175044772032,0.40748786143102883,3461.866297816659,483,6.0,98.39962773711595,0.4,207.92249909999998,0.5482964201265309,277.2299988,2.4154544475697164,138.6149994,0.9524241770757844,2026-01-08 03:00:00
2026-01-07 22:00:00,conservative,679.8480480000001,670.5716767244636,3240.231444,2656.98978408,3.5299389652189204,7.378899947274424,3244.0804049820554,483,5.0,87.59148868913216,0.4,194.41388664,0.5802454985181068,259.21851552,2.156559088921478,129.60925776,0.7931343777793356,2026-01-08 03:00:00
2026-01-07 23:00:00,conservative,652.554738,662.492640942107,3079.2851729999998,2525.0138418599995,2.631566138995432,0.0,3076.6536068610044,483,4.0,64.1660535275932,0.4,184.75711037999997,0.4677201406336341,246.34281384,1.611186974735173,123.17140692,0.552659023626625,2026-01-08 03:00:00
2026-01-08 00:00:00,conservative,623.94938225,653.2157360636708,3302.1042,2707.725444,2.6979824854341166,0.0,3299.406217514566,483,3.0,38.522784277168824,0.6,198.126252,0.494200921051996,264.168336,1.6697175747608475,132.084168,0.5340639896212733,2026-01-08 03:00:00
2026-01-08 01:00:00,conservative,620.79242875,606.4172016146413,3367.734656,2761.54241792,2.884142715121104,18.705308027050187,3383.5558213119293,533,52.0,37.96987776365057,0.6,202.06407936,0.6278196387803874,269.41877248000003,1.7194562073336606,134.70938624000001,0.5368668690070559,2026-01-10 05:00:00
2026-01-08 02:00:00,conservative,631.5521125,625.9823432000856,3140.9667489999997,2575.5927341799998,3.8962293107013366,0.0,3137.070519689298,483,1.0,47.54711503212561,0.6,188.45800493999997,1.0154082290775057,251.27733991999997,2.2539383133129283,125.63866995999999,0.6268827683109027,2026-01-08 03:00:00
2026-01-08 03:00:00,conservative,616.23453125,583.0444820298192,3084.088062,2528.9522108399997,1.4846761152551058,39.207461117907734,3121.8108470026523,533,50.0,37.842701085958794,0.6,185.04528372,0.3088530505892076,246.72704496,0.6858192011864287,123.36352248,0.4900038634794695,2026-01-10 05:00:00
2026-01-08 04:00:00,conservative,637.1000745,601.2138757775799,3095.0871260000004,2537.97144332,1.122223661497442,0.9946722517756363,3094.9595745902784,533,49.0,46.43824432341602,0.6,185.70522756000003,0.0,247.60697008000002,0.5188879454026757,123.80348504000001,0.6033357160947662,2026-01-10 05:00:00
2026-01-08 05:00:00,conservative,656.69540375,681.071178421826,3069.4700009999997,2516.9654008199996,1.4633872943789175,0.0,3068.0066137056206,504,19.0,56.216231533982786,0.6,184.16820005999998,0.0,245.55760008,0.7392442879663518,122.77880004,0.7241430064125657,2026-01-09 00:00:00
2026-01-08 06:00:00,conservative,731.35935425,772.0465551071247,3142.340565,2576.7192633,1.5098466988809074,0.0,3140.830718301119,504,18.0,109.44314541701296,0.3,188.54043389999998,0.0,251.3872452,0.7898402609335593,125.6936226,0.720006437947348,2026-01-09 00:00:00
2026-01-08 07:00:00,conservative,946.79581125,944.63550760259,3450.3968259999997,2829.3253973199994,4.133374888851417,0.0,3446.2634511111482,504,17.0,264.9953201449028,0.3,207.02380955999996,0.0,276.03174608,2.2469497343858995,138.01587304,1.8864251544655182,2026-01-09 00:00:00
2026-01-08 08:00:00,conservative,1261.3483035,1291.4542904367606,3598.7826069999996,2951.0017377399995,8.987608560899258,0.0,3589.7949984391003,504,16.0,498.76057006911606,0.3,215.92695641999998,0.0,287.90260856,5.440629512712481,143.95130428,3.5469790481867767,2026-01-09 00:00:00
2026-01-08 09:00:00,conservative,1440.00384925,1450.852930001429,3596.416559,2949.0615783799994,20.202008192956676,0.0,3576.214550807043,504,15.0,641.1874854544571,0.5,215.78499354,0.0,287.71332472,12.883329868306742,143.85666236,7.318678324649934,2026-01-09 00:00:00
2026-01-08 10:00:00,conservative,1553.6716045,1534.3180118618463,3645.244088,2989.1001521599997,24.51360056019977,0.0,3620.7304874398,504,14.0,740.0485732147419,0.5,218.71464527999998,0.0,291.61952704,16.202250548349085,145.80976352,8.311350011850683,2026-01-09 00:00:00
2026-01-08 11:00:00,conservative,1592.3765945,1603.2184626652524,3603.7244180000002,2955.05402276,26.651945084784565,0.0,3577.0724729152157,504,13.0,784.8420899965795,0.5,216.22346508,0.0,288.29795344,18.062372926162123,144.14897672,8.58957215862244,2026-01-09 00:00:00
2026-01-08 12:00:00,conservative,1645.8574437500001,1691.9985407439792,3547.2891459999996,2908.7770997199996,28.409344547678323,0.0,3518.8798014523213,504,12.0,842.7664779774606,0.5,212.83734875999997,0.7251346973672016,283.78313168,18.779318507129677,141.89156584,8.904891343181445,2026-01-09 00:00:00
2026-01-08 13:00:00,conservative,1764.9984797500001,1763.9236985767016,3528.283538,2893.19250116,35.02877482276874,0.0,3493.2547631772313,504,11.0,955.404411160959,0.5,211.69701228,3.142321442216394,282.26268304,22.23768005752687,141.13134152,9.648773323025475,2026-01-09 00:00:00
2026-01-08 14:00:00,conservative,1976.9790845,2023.9183941744202,3473.212653,2848.03437546,39.00070804705494,0.0,3434.211944952945,504,10.0,1148.2599006987773,0.5,208.39275917999998,1.5390043896213959,277.85701224,26.85350622027979,138.92850612,10.608197437153754,2026-01-09 00:00:00
2026-01-08 15:00:00,conservative,1975.72755625,1897.1352031273075,3425.690407,2809.0661337399997,44.03549108444567,1.5390043896213959,3383.1939203051757,504,9.0,1170.4109251259174,0.5,205.54142442,5.3415778492435235,274.05523256000004,28.12175175774255,137.02761628000002,10.572161477459591,2026-01-09 00:00:00
2026-01-08 16:00:00,conservative,1938.909265,1963.5663401312568,3570.7613480000005,2928.02430536,14.600650878909885,0.0,3556.1606971210904,504,8.0,1162.6803159863796,0.15,214.24568088,2.167091103432201,285.66090784000005,9.139390856290467,142.83045392000002,3.2941689191872188,2026-01-09 00:00:00
2026-01-08 17:00:00,conservative,1747.3458855,1749.9572975471451,3682.449461,3019.60855802,14.64757826736588,0.0,3667.801882732634,504,7.0,1019.6308148228844,0.15,220.94696766,2.5317174009575814,294.59595688,8.967511028944726,147.29797844,3.1483498374635728,2026-01-09 00:00:00
2026-01-08 18:00:00,conservative,1489.8981125,1480.927891986024,3544.1569139999997,2906.2086694799996,12.614499251008251,0.7251346973672016,3532.2675494463588,504,6.0,811.89303235386,0.15,212.64941483999996,2.4782036253092032,283.53255312,7.5380106193366885,141.76627656,2.598285006362361,2026-01-09 00:00:00
2026-01-08 19:00:00,conservative,1040.45732925,1043.210152546065,3457.884844,2835.46557208,6.917097541151808,3.142321442216394,3454.110067901065,504,5.0,421.62352168980476,0.15,207.47309064,1.4395741307184162,276.63078752,4.012567554608502,138.31539376,1.46495585582489,2026-01-09 00:00:00
2026-01-08 20:00:00,conservative,763.07799975,703.4509323119732,3418.214497,2802.93588754,2.8646938492707283,52.58858285553043,3467.93838600626,504,4.0,174.08748860352406,0.15,205.09286981999998,0.4363880558963462,273.45715976,1.8082722198462804,136.72857988,0.620033573528102,2026-01-09 00:00:00
2026-01-08 21:00:00,conservative,705.973227,699.3830703648746,3220.236563,2640.59398166,5.619998966153545,135.5953331569117,3350.211897190758,504,3.0,123.82503948086953,0.4,193.21419378,1.0318741487700698,257.61892504,3.4759846646846646,128.80946252,1.1121401526988115,2026-01-09 00:00:00
2026-01-08 22:00:00,conservative,677.1126455,687.8260226453524,3218.107217,2638.84791794,4.942473080786147,0.0,3213.1647439192143,504,2.0,98.59752929425414,0.4,193.08643302000002,1.0863106547504386,257.44857736,2.9699273082029953,128.72428868,0.8862351178327132,2026-01-09 00:00:00
2026-01-08 23:00:00,conservative,584.79608925,629.1329105922455,3144.911798,2578.82767436,0.8089718643735684,0.0,3144.1028261356264,533,30.0,39.200893315222295,0.4,188.69470788,0.14404663567971235,251.59294384,0.3198671581096348,125.79647192,0.3450580705842213,2026-01-10 05:00:00
2026-01-09 00:00:00,conservative,590.03938125,574.4912747017906,3293.271362,2700.48251684,3.7079456206745163,103.53550681509032,3393.098923194416,506,2.0,96.89266639458342,0.6,197.59628171999998,2.8628910725095755,263.46170896,0.2515576115956776,131.73085448,0.5934969365692632,2026-01-09 02:00:00
2026-01-09 01:00:00,conservative,528.223965,503.9691569132044,3453.8212009999997,2832.1333848199997,9.58555754798676,5.777243417954396,3450.012886869967,508,3.0,122.78535239653067,0.6,207.22927205999997,2.635749084027747,276.30569607999996,6.826709464153559,138.15284803999998,0.12309899980545363,2026-01-09 04:00:00
2026-01-09 02:00:00,conservative,428.5421435,413.48943219246394,3625.948953,2973.27814146,4.98671380184933,5.498640156537323,3626.460879354688,508,2.0,58.76440437280094,0.6,217.55693718,1.0949910166185663,290.07591624,2.99758837844835,145.03795812,0.8941344067824135,2026-01-09 04:00:00
2026-01-09 03:00:00,conservative,379.896818,407.3588815310622,3724.8438389999997,3054.3719479799997,1.1930735882412864,0.0,3723.6507654117586,508,1.0,12.269440569330383,0.6,223.49063033999997,0.310856847146996,297.98750712,0.6902767646778962,148.99375356,0.19193997641639396,2026-01-09 04:00:00
2026-01-09 04:00:00,conservative,357.516985,367.3795182897905,3859.769095,3165.0106579,0.0,13.006496854244176,3872.7755918542443,-1,0.0,0.0,0.6,231.5861457,0.0,308.7815276,0.0,154.3907638,0.0,
2026-01-09 05:00:00,conservative,422.751028,406.8582218869889,3578.746242,2934.57191844,0.0,0.0,3578.746242,-1,0.0,0.0,0.6,214.72477452,0.0,286.29969936000003,0.0,143.14984968000002,0.0,
2026-01-09 06:00:00,conservative,542.5335985,557.9316214934007,3556.2997199999995,2916.1657703999995,0.24351011646279458,0.0,3556.0562098835367,533,23.0,18.4121412434349,0.3,213.37798319999996,0.0,284.5039776,0.10601591712513804,142.2519888,0.13749419933765655,2026-01-10 05:00:00
2026-01-09 07:00:00,conservative,629.94199925,632.8543257304412,3883.219514,3184.2400014799996,1.447584957230803,0.0,3881.771929042769,533,22.0,75.07828476094512,0.3,232.99317083999998,0.20869316701467489,310.65756112,0.6275255483375641,155.32878056,0.6113662418785641,2026-01-10 05:00:00
2026-01-09 08:00:00,conservative,668.46222475,697.5215744659866,3931.403486,3223.75085852,2.28994556793095,0.0,3929.1135404320694,533,21.0,101.90455838336044,0.3,235.88420916,0.490345596041475,314.51227888,0.9605039182271632,157.25613944,0.8390960536623121,2026-01-10 05:00:00
2026-01-09 09:00:00,conservative,666.1457735,645.0841806836795,3859.438203,3164.73932646,4.12603652883766,0.0,3855.3121664711625,533,20.0,102.41040330899979,0.5,231.56629218,1.055516673574656,308.75505624000004,1.6908475266912937,154.37752812000002,1.3796723285717105,2026-01-10 05:00:00
2026-01-09 10:00:00,conservative,701.88253375,692.0526693520669,3778.361179,3098.2561667799996,5.928490191415789,0.0,3772.4326888085843,533,19.0,128.91822191377116,0.5,226.70167074,1.9481881666076768,302.26889432,2.2826479723955653,151.13444716,1.697654052412547,2026-01-10 05:00:00
2026-01-09 11:00:00,conservative,641.094558,629.3313134060353,3804.447429,3119.64689178,4.1810200372649025,0.0,3800.266408962735,533,18.0,89.11221115974111,0.5,228.26684573999998,1.366135509966717,304.35579432,1.6307038933041718,152.17789716,1.184180633994014,2026-01-10 05:00:00
2026-01-09 12:00:00,conservative,620.3212805000001,576.4158320560365,3641.4602609999997,2985.9974140199997,2.3599505235246148,5.0688791132052,3644.16918958968,533,17.0,76.12659480690287,0.5,218.48761566,0.0,291.31682087999997,1.3911410730597231,145.65841043999998,0.9688094504648915,2026-01-10 05:00:00
2026-01-09 13:00:00,conservative,619.0883435000001,627.9719518119374,3592.631085,2945.9574896999998,2.4593112826171835,0.0,3590.1717737173826,533,16.0,76.76915801835366,0.5,215.5578651,0.014092149249732162,287.4104868,1.4813569926504593,143.7052434,0.9638621407169923,2026-01-10 05:00:00
2026-01-09 14:00:00,conservative,618.97626125,626.8079194153967,3535.122279,2898.80026878,2.6658657536205848,0.0,3532.4564132463797,533,15.0,78.23696531003512,0.5,212.10733674,0.10654647348872029,282.80978232,1.5928082933703849,141.40489116,0.9665109867614796,2026-01-10 05:00:00
2026-01-09 15:00:00,conservative,636.9847454999999,637.1381491992737,3645.857911,2989.6034870199996,3.6045999281248244,0.0,3642.253311071875,533,14.0,93.42797645333609,0.5,218.75147465999999,0.2581953622651865,291.66863288,2.156865329224903,145.83431644,1.1895392366347348,2026-01-10 05:00:00
2026-01-09 16:00:00,conservative,654.37675075,647.3391367487457,3754.558628,3078.73807496,1.4254895839996906,0.0,3753.1331384160007,533,13.0,108.7254800019982,0.15,225.27351768,0.15191488109666273,300.36469024,0.8462361547921454,150.18234512,0.4273385481108825,2026-01-10 05:00:00
2026-01-09 17:00:00,conservative,691.346439,648.8853167384876,4026.659134,3301.86048988,1.9902050108119191,0.0,4024.668928989188,533,12.0,140.0032671854856,0.15,241.59954804,0.11679527399189607,322.13273072,1.2844203982831215,161.06636536,0.5889893385369016,2026-01-10 05:00:00
2026-01-09 18:00:00,conservative,661.58761675,648.9682570670393,4138.43671,3393.5181021999997,1.8681242389571504,0.0,4136.568585761042,533,11.0,118.9495065299073,0.15,248.30620259999998,0.17303641462370337,331.0749368,1.1800679333404431,165.5374684,0.5150198909930039,2026-01-10 05:00:00
2026-01-09 19:00:00,conservative,626.2058010000001,615.924365504197,3781.832409,3101.10257538,1.3777771657232765,0.014092149249732162,3780.4687239835266,533,10.0,92.38426530306887,0.15,226.90994454,0.1462806268434534,302.54659272000004,0.8654426187302618,151.27329636000002,0.3660539201495613,2026-01-10 05:00:00
2026-01-09 20:00:00,conservative,618.73341375,594.6650956733514,3758.949753,3082.3387974599996,1.3926541578296328,0.5166567168505696,3758.073755559021,533,9.0,88.0090887815237,0.15,225.53698518,0.17722173495421323,300.71598024,0.8687546148773707,150.35799012,0.3466778079980487,2026-01-10 05:00:00
2026-01-09 21:00:00,conservative,600.1271232500001,595.2885519000198,3596.660298,2949.2614443599996,3.1275275504594804,0.0,3593.5327704495403,533,8.0,73.93175542416827,0.4,215.79961787999997,0.46150283870748704,287.73282384,1.9225208224898547,143.86641192,0.7435038892621388,2026-01-10 05:00:00
2026-01-09 22:00:00,conservative,598.445833,610.5673587044362,3589.976478,2943.7807119599997,3.3991113325715143,0.0,3586.5773666674286,533,7.0,73.96363242933357,0.4,215.39858868,0.6070162239179947,287.19811824,2.049653815098652,143.59905912,0.7424412935548679,2026-01-10 05:00:00
2026-01-09 23:00:00,conservative,556.768511,613.3540880363159,3203.4842790000002,2626.85710878,1.511653281500352,0.11679527399189607,3202.089420992492,533,6.0,38.49332828821091,0.4,192.20905674,0.2917036352121585,256.27874232000005,0.8748043919496601,128.13937116000002,0.34514525433853355,2026-01-10 05:00:00
2026-01-10 00:00:00,conservative,543.9160035,549.1533378849551,3319.2448059999997,2721.7807409199995,1.7600853605226987,0.7480963880170476,3318.232817027494,533,5.0,27.641515400134793,0.6,199.15468835999997,0.3275812588686041,265.53958448,1.0472336067206183,132.76979224,0.3852704949334764,2026-01-10 05:00:00
2026-01-10 01:00:00,conservative,521.3867212499999,529.1132329716829,3425.942676,2809.2729943199997,0.49150440718529814,24.519300861579325,3449.970472454394,533,4.0,7.402762334254391,0.6,205.55656056,0.07447418232461424,274.07541408000003,0.31051366907406025,137.03770704000002,0.10651655578662365,2026-01-10 05:00:00
2026-01-10 02:00:00,conservative,494.95308950000003,492.719712027015,3659.0804880000005,3000.44600016,5.177181671060707,0.0,3653.90330632894,531,1.0,54.24428643420515,0.6,219.54482928000002,1.349344364768523,292.72643904000006,2.994829065813608,146.36321952000003,0.8330082404785754,2026-01-10 03:00:00
2026-01-10 03:00:00,conservative,497.17613225,439.61299579102877,3543.311479,2905.5154127799997,0.12226412573325812,5.177181671060707,3548.3663965453275,579,48.0,3.2894179141802593,0.6,212.59868874,0.022763145553676648,283.46491832,0.050548299889489196,141.73245916,0.04895268029009228,2026-01-12 03:00:00
2026-01-10 04:00:00,conservative,497.0080105,496.2125942365235,3460.903569,2837.94092658,0.04782547555243529,0.07331144544316584,3460.929054969891,579,47.0,3.290195528675525,0.6,207.65421414,0.0,276.87228552,0.0,138.43614276,0.04782547555243529,2026-01-12 03:00:00
2026-01-10 05:00:00,conservative,511.56049825,513.3674045482309,3352.019147,2748.65570054,0.1289012920237745,19.610044540833254,3371.5002902488095,579,46.0,9.156105350828954,0.6,201.12114882,0.0,268.16153176,0.0,134.08076588,0.1289012920237745,2026-01-12 03:00:00
2026-01-10 06:00:00,conservative,522.7691115,596.6663748745586,3299.187542,2705.33378444,0.0962857415293392,0.0,3299.091256258471,579,45.0,13.898153023558313,0.3,197.95125252,0.0,263.93500336,0.0,131.96750168,0.0962857415293392,2026-01-12 03:00:00
2026-01-10 07:00:00,conservative,572.87155325,567.1007243065663,3235.7500609999997,2653.3150500199995,0.13394464498849207,0.0,3235.6161163550114,581,46.0,19.713973342908076,0.3,194.14500366,0.0,258.86000487999996,0.0,129.43000243999998,0.13394464498849207,2026-01-12 05:00:00
2026-01-10 08:00:00,conservative,635.359493,644.4059132700085,3283.8309139999997,2692.7413494799994,0.4912456136108749,0.0,3283.339668386389,581,45.0,45.51792242373513,0.3,197.02985483999998,0.0,262.70647312,0.17751784552122318,131.35323656,0.3137277680896517,2026-01-12 05:00:00
2026-01-10 09:00:00,conservative,689.665173,688.6238199088427,3305.7027510000003,2710.6762558200003,1.5311041460843107,0.0,3304.171646853916,581,44.0,68.96251352317668,0.5,198.34216506,0.0,264.45622008000004,0.7341776652191251,132.22811004000002,0.7969264808651856,2026-01-12 05:00:00
2026-01-10 10:00:00,conservative,724.76675925,689.706418121414,3330.0731779999996,2730.6600059599996,2.2131997360165574,0.0,3327.859978263983,557,19.0,91.35345317546748,0.5,199.80439067999998,0.0,266.40585424,1.1507137918451025,133.20292712,1.0624859441714547,2026-01-11 05:00:00
2026-01-10 11:00:00,conservative,754.20800575,788.4926901854506,3203.619671,2626.9681302199997,2.7836322097038426,0.0,3200.8360387902962,557,18.0,113.73937603875504,0.5,192.21718026,0.0,256.28957368,1.512504162467775,128.14478684,1.2711280472360678,2026-01-11 05:00:00
2026-01-10 12:00:00,conservative,754.282746,776.8407369806032,3149.064308,2582.23273256,2.902549500460058,0.0,3146.1617584995397,557,17.0,116.09026174041081,0.5,188.94385848,0.0,251.92514464,1.6274172650361167,125.96257232,1.2751322354239414,2026-01-11 05:00:00
2026-01-10 13:00:00,conservative,782.4910525,806.2220109112915,3044.329548,2496.35022936,3.5221663176232534,0.0,3040.807381682377,557,16.0,138.9188751940785,0.5,182.65977288,0.0,243.54636384000003,2.0492117412140907,121.77318192000001,1.4729545764091627,2026-01-11 05:00:00
2026-01-10 14:00:00,conservative,822.7672680000001,795.4856443561579,2997.283482,2457.7724552399995,4.496900820645814,0.0,2992.786581179354,557,15.0,171.562576930512,0.5,179.83700892,0.0,239.78267856,2.7105236146530167,119.89133928,1.7863772059927967,2026-01-11 05:00:00
2026-01-10 15:00:00,conservative,873.29937875,915.3832080780829,3076.3329470000003,2522.59301654,6.111899604066563,0.0,3070.221047395934,557,14.0,213.21971860924174,0.5,184.57997682,0.0929029499351248,246.10663576000005,3.7494955603644273,123.05331788000002,2.2695010937670106,2026-01-11 05:00:00
2026-01-10 16:00:00,conservative,956.52323925,914.4677073662315,3297.154463,2703.66665966,3.059298924127964,0.0,3294.0951640758717,557,13.0,281.696932260496,0.15,197.82926777999998,0.2047371011202427,263.77235704,1.8986052870417212,131.88617852,0.9559565359660002,2026-01-11 05:00:00
2026-01-10 17:00:00,conservative,1042.60531875,1060.211031564008,3446.413723,2826.05925286,4.59217048579332,0.0,3441.821552514207,555,10.0,357.0322632019374,0.15,206.78482338,0.5013532376822664,275.71309784,2.839265238027706,137.85654892,1.251552010083347,2026-01-11 03:00:00
2026-01-10 18:00:00,conservative,1023.04631,1088.7599787742993,3328.7706009999997,2729.5918928199994,4.584839226931169,0.0,3324.1857617730684,555,9.0,347.9077359777945,0.15,199.72623605999996,0.5730495906387967,266.30164808,2.8320002776930226,133.15082404,1.1797893585993495,2026-01-11 03:00:00
2026-01-10 19:00:00,conservative,958.74628375,929.0301939960793,3142.939893,2577.21071226,3.922973949366197,0.0,3139.016919050634,557,10.0,300.93617262151804,0.15,188.57639358,0.5769801124447106,251.43519144,2.3752123038603123,125.71759572,0.9707815330611738,2026-01-11 05:00:00
2026-01-10 20:00:00,conservative,900.349487,883.3605551119168,3098.772576,2540.99351232,3.4478664821353617,1.074402828321063,3096.3991123461856,557,9.0,258.23838180388225,0.15,185.92635456,0.6025631861626923,247.90180608,2.0190840512487536,123.95090304,0.826219244723916,2026-01-11 05:00:00
2026-01-10 21:00:00,conservative,845.95039675,848.9399377026292,2999.783003,2459.82206246,7.849053911173561,0.0929029499351248,2992.0268520387617,557,8.0,217.0992962807118,0.4,179.98698018,1.5636631568350645,239.98264024,4.483510537526703,119.99132012,1.801880216811794,2026-01-11 05:00:00
2026-01-10 22:00:00,conservative,804.62803575,789.523766126514,2939.942553,2410.7528934599995,7.0281531870523395,0.2047371011202427,2933.119136914068,557,7.0,185.5610581429754,0.4,176.39655317999998,1.530001514879108,235.19540424,3.983925918474022,117.59770212,1.514225753699209,2026-01-11 05:00:00
2026-01-10 23:00:00,conservative,733.771001,687.251098068016,2890.502181,2370.2117884199997,4.472154333855144,16.23737512819309,2902.2674017943377,557,6.0,126.46508796929344,0.4,173.43013086,0.6905847718134045,231.24017447999998,2.7621935938555966,115.62008723999999,1.0193759681861427,2026-01-11 05:00:00
2026-01-11 00:00:00,conservative,724.0942279999999,726.1511172441808,2934.143109,2405.99734938,6.989574608027585,0.0,2927.1535343919727,557,5.0,120.2639459166346,0.6,176.04858654,1.2613086494684054,234.73144872,4.251651556889287,117.36572436,1.4766144016698912,2026-01-11 05:00:00
2026-01-11 01:00:00,conservative,693.04643,661.1773185882168,2964.383801,2430.79471682,5.932407872659533,0.6905847718134045,2959.141977899154,581,28.0,96.90159671676277,0.6,177.86302805999998,1.2658931991297573,237.15070408,3.462932739535471,118.57535204,1.203581933994305,2026-01-12 05:00:00
2026-01-11 02:00:00,conservative,657.832719,672.0404919190554,3214.880201,2636.20176482,4.802330777233794,0.0,3210.0778702227663,581,27.0,78.33841027632093,0.6,192.89281205999998,1.0992374343685674,257.19041608,2.646982756950883,128.59520804,1.0561105859143438,2026-01-12 05:00:00
2026-01-11 03:00:00,conservative,634.10785475,606.5251277229859,3200.1565239999995,2624.1283496799992,3.4198079344665038,38.536038798730154,3235.2727548642633,581,26.0,65.81603184503993,0.6,192.00939143999997,0.6783839026903954,256.01252192,1.8577899367046131,128.00626096,0.8836340950714953,2026-01-12 05:00:00
2026-01-11 04:00:00,conservative,617.81803375,664.3160659005263,3197.7559330000004,2622.1598650600004,2.5970519680079542,0.0,3195.158881031992,581,25.0,57.265328005822674,0.6,191.86535598,0.5678223325160974,255.82047464000004,1.260766383834978,127.91023732000002,0.7684632516568789,2026-01-12 05:00:00
2026-01-11 05:00:00,conservative,614.67961125,591.1820124799128,3210.7698940000005,2632.83131308,1.7272014265060516,24.891895915336754,3233.934588488831,581,24.0,56.48016064914126,0.6,192.64619364000004,0.3000027170157479,256.86159152000005,0.6661700172842768,128.43079576000002,0.7610286922060269,2026-01-12 05:00:00
2026-01-11 06:00:00,conservative,610.326962,600.6651165138297,3207.473646,2630.1283897199996,0.6542798431413566,0.9661727343000247,3207.7855388911585,581,23.0,54.87337929302736,0.3,192.44841875999998,0.0,256.59789168,0.2849532825648531,128.29894584,0.36932656057650354,2026-01-12 05:00:00
2026-01-11 07:00:00,conservative,629.62441125,654.0299277710901,3239.151488,2656.10422016,0.8495405195638603,0.0,3238.301947480436,581,22.0,68.4101552375465,0.3,194.34908928,0.0,259.13211904,0.38475471166852604,129.56605952,0.46478580789533425,2026-01-12 05:00:00
2026-01-11 08:00:00,conservative,687.9091402500001,650.9832107569814,3210.715985,2632.7871076999995,1.3727750734583974,0.0,3209.3432099265415,581,21.0,108.08792787801579,0.3,192.64295909999998,0.0,256.8572788,0.6461570268508336,128.4286394,0.7266180466075637,2026-01-12 05:00:00
2026-01-11 09:00:00,conservative,770.4231267499999,777.2469247881238,3270.489977,2681.80178114,3.889578108934082,0.0,3266.600398891066,581,20.0,165.5822280911311,0.5,196.22939862,0.20582231407055082,261.63919816000003,1.8015350546606719,130.81959908000002,1.8822207402028592,2026-01-12 05:00:00
2026-01-11 10:00:00,conservative,752.33991675,791.5541993784728,3331.2315329999997,2731.6098570599997,3.85702684933936,0.0,3327.37450615066,581,19.0,156.56080150950496,0.5,199.87389197999997,0.18218539182483287,266.49852264,1.8607841165870862,133.24926132,1.814057340927441,2026-01-12 05:00:00
2026-01-11 11:00:00,conservative,746.6235215,698.3990244631632,3472.073588,2847.10034216,4.161304486428767,0.0,3467.9122835135713,581,18.0,155.73534585927,0.5,208.32441528,0.21148676688835208,277.76588704,2.0689095463422382,138.88294352,1.880908173198177,2026-01-12 05:00:00
2026-01-11 12:00:00,conservative,725.4766312500001,731.0156470059692,3502.276089,2871.86639298,3.060570154192942,0.0,3499.215518845807,582,18.0,76.0865662002609,0.5,210.13656533999998,0.06213079699275222,280.18208712,2.0671483152633203,140.09104356,0.9312910419368696,2026-01-12 06:00:00
2026-01-11 13:00:00,conservative,721.21738175,729.0138655774526,3504.855381,2873.9814124199997,2.429237856432634,0.0,3502.426143143567,582,17.0,74.59200940419906,0.5,210.29132285999998,0.022484548897289614,280.38843048,1.4930306794270265,140.19421524,0.9137226281083177,2026-01-12 06:00:00
2026-01-11 14:00:00,conservative,738.8522365,762.3069226533194,3458.2697590000002,2835.78120238,3.4200563291616897,0.0,3454.8497026708387,582,16.0,88.9044007450992,0.5,207.49618554,0.36876972649224543,276.66158072,1.9773581180123645,138.33079036,1.07392848465708,2026-01-12 06:00:00
2026-01-11 15:00:00,conservative,756.76732125,719.6587999236575,3348.971904,2746.15696128,3.98729476551379,1.0528795451660231,3346.037488779652,582,15.0,103.97220998228309,0.5,200.93831423999998,0.28409801843480875,267.91775232,2.487847838839072,133.95887616,1.2153489082399092,2026-01-12 06:00:00
2026-01-11 16:00:00,conservative,835.0780545,795.4643561074718,3444.103357,2824.1647527399996,2.267948937396753,0.0,3441.835408062603,575,7.0,166.48686751041032,0.15,206.64620141999998,0.2536362522504226,275.52826856,1.4164678901974326,137.76413428,0.5978447949488981,2026-01-11 23:00:00
2026-01-11 17:00:00,conservative,868.6665017500001,884.324748718507,3649.9755210000003,2992.9799272200003,3.1515494779143483,0.0,3646.823971522086,575,6.0,199.6404056345988,0.15,218.99853126000002,0.4690221120631244,291.99804168000003,1.9250993138257357,145.99902084000001,0.757428052025488,2026-01-11 23:00:00
2026-01-11 18:00:00,conservative,838.7582135,847.6677536969956,3595.952795,2948.6812919,2.9565506680503706,0.0,3592.9962443319496,575,5.0,176.6112710338975,0.15,215.7571677,0.4941940580667092,287.6762236,1.8007745798184214,143.8381118,0.6615820301652401,2026-01-11 23:00:00
2026-01-11 19:00:00,conservative,793.62492475,801.1397102603763,3395.81925,2784.5717849999996,2.3786319207547595,0.0,3393.4406180792453,582,11.0,142.21067012799014,0.15,203.749155,0.4410045078596529,271.66554,1.433160616575732,135.83277,0.5044667963193744,2026-01-12 06:00:00
2026-01-11 20:00:00,conservative,717.6492885,728.0427347849093,3291.889249,2699.3491841799996,1.261875899913521,0.4690221120631244,3291.0963952121497,582,10.0,82.87992634813716,0.15,197.51335493999997,0.22300424816013953,263.35113992,0.7528996829515747,131.67556996,0.28597196880180653,2026-01-12 06:00:00
2026-01-11 21:00:00,conservative,708.738459,688.3377173526453,3251.778982,2666.4587652399996,3.307704006951387,1.4729328366115935,3249.94421082966,582,9.0,77.11126148137357,0.4,195.10673891999997,0.6974784270804207,260.14231856,1.909192496962421,130.07115928,0.7010330829085457,2026-01-12 06:00:00
2026-01-11 22:00:00,conservative,692.59807475,699.5656856648301,3272.8664989999997,2683.75052918,2.889547828562133,0.0,3269.9769511714376,582,8.0,64.91508410428531,0.4,196.37198994,0.7128897133442622,261.82931992,1.582413520757784,130.91465996,0.5942445944600868,2026-01-12 06:00:00
2026-01-11 23:00:00,conservative,634.78039875,643.5725729489604,3379.399455,2771.1075531,1.660582297373298,20.42847200309201,3398.1673447057187,576,1.0,52.7554514524894,0.4,202.76396730000002,1.0686992015632049,270.3519564,0.35688948691743044,135.1759782,0.2349936088926627,2026-01-12 00:00:00
2026-01-12 00:00:00,conservative,584.9985305,563.567987959209,3605.219968,2956.2803737599997,5.84446623484018,1.0686992015632049,3600.4442009667227,579,3.0,73.59998155836398,0.6,216.31319807999998,1.2712299073697033,288.41759744,4.288778217701786,144.20879872,0.2844581097686911,2026-01-12 03:00:00
2026-01-12 01:00:00,conservative,582.57006025,638.5432955843427,3585.004362,2939.70357684,6.493878213433482,0.0,3578.5104837865665,579,2.0,78.50277824321608,0.6,215.10026172,1.6627564260626364,286.80034896,4.5473948467107235,143.40017448,0.28372694066012194,2026-01-12 03:00:00
2026-01-12 02:00:00,conservative,583.22388875,597.4388763773536,3522.4394260000004,2888.4003293200003,7.424799110962696,0.0,3515.0146268890376,579,1.0,86.49327540910907,0.6,211.34636556,2.2189922215405256,281.79515408000003,4.920092210092434,140.89757704000002,0.2857146793297371,2026-01-12 03:00:00
2026-01-12 03:00:00,conservative,524.324276,488.5851710839206,3646.728352,2990.31724864,0.23926225761368858,19.23120901887345,3665.72029876126,678,99.0,11.572345469152415,0.6,218.80370112,0.0165858458071355,291.73826816,0.04543742796312378,145.86913408,0.1772389838434293,2026-01-16 06:00:00
2026-01-12 04:00:00,conservative,535.88749425,555.5841025090149,3481.104593,2854.5057662599997,1.129554156067109,0.0,3479.975038843933,678,98.0,13.434899018342255,0.6,208.86627558,0.28974335189718103,278.48836744,0.6433930394636834,139.24418372,0.19641776470624453,2026-01-16 06:00:00
2026-01-12 05:00:00,conservative,552.6439195,523.4034693931804,3437.773068,2818.9739157599997,0.2326527857827237,23.164735841262907,3460.70515105548,678,97.0,16.11426647421675,0.6,206.26638408,0.0,275.02184544,0.0,137.51092272,0.2326527857827237,2026-01-16 06:00:00
2026-01-12 06:00:00,conservative,592.80697975,616.4195178622736,3324.464548,2726.0609293599996,0.15875241587737815,6.576896992349422,3330.882692576472,678,96.0,22.327980503654867,0.3,199.46787288,0.0,265.95716384,0.002892228469832658,132.97858192,0.15586018740754548,2026-01-16 06:00:00
2026-01-12 07:00:00,conservative,590.06094425,624.8188116202222,3724.914982,3054.4302852399996,0.17494981064944318,0.0,3724.74003218935,678,95.0,22.368314891848637,0.3,223.49489891999997,0.0,297.99319856,0.0,148.99659928,0.17494981064944318,2026-01-16 06:00:00
2026-01-12 08:00:00,conservative,669.098149,644.4776794494487,3816.0724219999997,3129.1793860399994,1.2513085080210073,0.0,3814.821113491979,602,18.0,53.679867943050226,0.3,228.96434531999998,0.3508391660164966,305.28579376,0.4706082573546002,152.64289688,0.42986108464991046,2026-01-13 02:00:00
2026-01-12 09:00:00,conservative,682.23053875,711.1318226273297,3906.576493,3203.39272426,2.996811680610242,0.0,3903.5796813193897,602,17.0,64.11151849896102,0.5,234.39458958,1.0926753600957293,312.52611944,1.0284567688649995,156.26305972,0.8756795516495134,2026-01-13 02:00:00
2026-01-12 10:00:00,conservative,619.48274625,631.8661740580949,3861.6073250000004,3166.5180065,0.7215953732811933,1.443514526112226,3862.3292441528315,678,92.0,28.424189101867142,0.5,231.69643950000003,0.0,308.92858600000005,0.33750386751639305,154.46429300000003,0.3840915057648003,2026-01-16 06:00:00
2026-01-12 11:00:00,conservative,627.6648,652.3266047998347,3844.371729,3152.3848177799996,0.8856373125703075,0.0,3843.4860916874295,678,91.0,30.324099213923894,0.5,230.66230374,0.0,307.54973832,0.4777131544873596,153.77486916,0.4079241580829479,2026-01-16 06:00:00
2026-01-12 12:00:00,conservative,703.488942,760.3927314796184,3756.558226,3080.37774532,2.967811922289556,0.0,3753.5904140777106,602,14.0,84.1427089423752,0.5,225.39349356,0.2626576848731005,300.52465808,1.6008444162269375,150.26232904,1.104309821189518,2026-01-13 02:00:00
2026-01-12 13:00:00,conservative,759.49310325,752.1314597699139,3717.079069,3048.00483658,5.636864779197701,0.0,3711.442204220802,602,13.0,129.02460175990362,0.5,223.02474414,1.2069336245710425,297.36632552,2.758445242718968,148.68316276,1.6714859119076904,2026-01-13 02:00:00
2026-01-12 14:00:00,conservative,754.87900325,732.2669183192753,3698.6973709999997,3032.9318442199997,4.700762824354577,0.0,3693.996608175645,602,12.0,128.00149199812503,0.5,221.92184225999998,0.15012151758292558,295.89578968,2.9004997592499335,147.94789484,1.6501415475217172,2026-01-13 02:00:00
2026-01-12 15:00:00,conservative,707.24372625,680.5582933612343,3648.766818,2991.98879076,3.388581733023962,1.469591309444143,3646.8478275764205,602,11.0,92.35908842326153,0.5,218.92600908,0.10681984004629484,291.90134544,2.1048342041932795,145.95067272,1.1769276887843871,2026-01-13 02:00:00
2026-01-12 16:00:00,conservative,843.181734,818.7074254510369,3716.5004169999997,3047.5303419399997,2.8443282735294337,0.0,3713.6560887264704,602,10.0,205.52149323013904,0.15,222.99002502,0.3047239450038639,297.32003335999997,1.74612768590402,148.66001667999998,0.7934766426215499,2026-01-13 02:00:00
2026-01-12 17:00:00,conservative,886.78201375,884.468962467577,3830.027819,3140.62281158,3.9017814117316054,0.0,3826.1260375882684,602,9.0,246.0913176820608,0.15,229.80166913999997,0.5759866906288775,306.40222552,2.3511487320840243,153.20111276,0.9746459890187035,2026-01-13 02:00:00
2026-01-12 18:00:00,conservative,865.411518,875.6460772444993,3703.430411,3036.8129370199995,3.8319095813458537,0.0,3699.598501418654,602,8.0,232.85195684769718,0.15,222.20582466,0.6538476258980722,296.27443288,2.2849181108451275,148.13721644,0.8931438446026537,2026-01-13 02:00:00
2026-01-12 19:00:00,conservative,764.6862805000001,772.9870044799006,3471.1035869999996,2846.3049413399995,2.263885105577574,0.0,3468.839701894422,602,7.0,149.98956367074743,0.15,208.26621521999996,0.3471980779881948,277.68828695999997,1.3731433672577547,138.84414347999999,0.5435436603316247,2026-01-13 02:00:00
2026-01-12 20:00:00,conservative,697.3243715000001,722.1398689710808,3303.2190299999997,2708.6396045999995,1.3625389772873115,1.6846797791137393,3303.541170801826,602,6.0,93.27490009854351,0.15,198.19314179999998,0.22115320866321606,264.25752239999997,0.818589380176998,132.12876119999999,0.3227963884470975,2026-01-13 02:00:00
2026-01-12 21:00:00,conservative,683.2392745,683.6293312563372,3238.6425329999997,2655.6868770599995,3.4048385463263022,0.45401791803448965,3235.691712371708,602,5.0,82.41445526912972,0.4,194.31855197999997,0.6303052721605258,259.09140263999996,2.028475362829429,129.54570131999998,0.7460579113363472,2026-01-13 02:00:00
2026-01-12 22:00:00,conservative,672.47933075,716.0853530647196,3113.8128520000005,2553.3265386400003,3.196708233427074,0.0,3110.6161437665733,602,4.0,74.14665774131561,0.4,186.82877112000003,0.6691056781356022,249.10502816000005,1.8820473733026777,124.55251408000002,0.6455551819887946,2026-01-13 02:00:00
2026-01-12 23:00:00,conservative,632.05471575,624.1150107528613,3042.10543,2494.5264526,1.6322442677987967,14.934847057019171,3055.4080327892207,678,79.0,39.453698687680145,0.4,182.5263258,0.29605205317363475,243.3684344,1.0002631829638524,121.6842172,0.33592903166130944,2026-01-16 06:00:00
2026-01-13 00:00:00,conservative,629.977545,711.5826199976885,3131.580999,2567.8964191799996,2.710312147246455,0.0,3128.8706868527534,678,78.0,39.81422776956499,0.6,187.89485993999998,0.5849145415713884,250.52647991999999,1.6019471375326038,125.26323995999999,0.523450468142463,2026-01-16 06:00:00
2026-01-13 01:00:00,conservative,617.90929775,636.6793181829502,3226.755451,2645.93946982,2.299187353689881,0.0,3224.45626364631,678,77.0,38.03132438489257,0.6,193.60532705999998,0.5539618893827105,258.14043608000003,1.2300009446732973,129.07021804000001,0.5152245196338732,2026-01-16 06:00:00
2026-01-13 02:00:00,conservative,617.871942,592.1572153075115,3161.4185949999996,2592.3632478999994,1.9841447939956982,28.08172359566217,3187.516173801666,678,76.0,38.791437953888625,0.6,189.68511569999998,0.4562325287582573,252.91348759999997,1.013038889786165,126.45674379999998,0.5148733754512758,2026-01-16 06:00:00
2026-01-13 03:00:00,conservative,628.352236,596.2254610581666,2967.034272,2432.9681030399997,0.7862317780245576,1.4692714185444224,2967.7173116405197,678,75.0,41.91354666074455,0.6,178.02205632,0.0,237.36274176,0.26415831790488054,118.68137088,0.522073460119677,2026-01-16 06:00:00
2026-01-13 04:00:00,conservative,643.89527375,658.3694462072956,2841.681811,2330.17908502,1.0772953559515632,0.0,2840.604515644048,678,74.0,46.2984376524379,0.6,170.50090866,0.14011046833077076,227.33454488,0.38491217745581485,113.66727244,0.5522727101649775,2026-01-16 06:00:00
2026-01-13 05:00:00,conservative,643.20403575,636.5001521902245,2878.065446,2360.01366572,0.9899174223576435,0.14011046833077076,2877.215639045973,678,73.0,47.07319759609071,0.6,172.68392676,0.0,230.24523568,0.4212240667992436,115.12261784,0.5686933555583998,2026-01-16 06:00:00
2026-01-13 06:00:00,conservative,722.731198,744.1512128227627,3093.1925889999998,2536.4179229799997,1.2026998900903436,0.0,3091.989889109909,625,19.0,91.76308873680323,0.3,185.59155533999999,0.0,247.45540712,0.607911622169373,123.72770356,0.5947882679209705,2026-01-14 01:00:00
2026-01-13 07:00:00,conservative,866.70951475,880.9066434872063,3448.3241439999997,2827.6257980799996,3.3483551923809802,0.0,3444.9757888076188,625,18.0,194.067089158312,0.3,206.89944863999997,0.041171128690870924,275.86593152,1.9152045744742077,137.93296576,1.3919794892159014,2026-01-14 01:00:00
2026-01-13 08:00:00,conservative,967.8137702500001,965.6289028702939,3572.321855,2929.3039211,5.56123116597252,0.0,3566.7606238340277,625,17.0,269.95051298431014,0.3,214.3393113,0.42013068133693854,285.78574840000005,3.1528064529312347,142.89287420000002,1.9882940317043474,2026-01-14 01:00:00
2026-01-13 09:00:00,conservative,988.43814825,963.0343367079479,3566.4929669999997,2924.5242329399994,10.010658642397244,0.0,3556.4823083576025,625,16.0,290.3802473124472,0.5,213.98957801999998,0.365559600057796,285.31943736,6.09640114284741,142.65971868,3.5486978994920393,2026-01-14 01:00:00
2026-01-13 10:00:00,conservative,1060.249866,1014.8044492594241,3615.753381,2964.91777242,13.36056399797484,0.0,3602.3928170020254,625,15.0,349.4457463931122,0.5,216.94520286,0.9344543490835621,289.26027048000003,8.136676343130933,144.63013524000002,4.289433305760343,2026-01-14 01:00:00
2026-01-13 11:00:00,conservative,925.5001970000001,912.1047484379894,3580.629463,2936.11615966,9.284648264178832,0.0,3571.3448147358213,625,14.0,254.66340974016228,0.5,214.83776778,0.15970019584014672,286.45035704000003,5.985248886837725,143.22517852000001,3.1396991815009607,2026-01-14 01:00:00
2026-01-13 12:00:00,conservative,879.33819925,905.0301630797042,3555.2111429999995,2915.2731372599997,8.757954358198187,0.0,3546.4531886418013,625,13.0,224.2146703036981,0.5,213.31266857999995,0.5664322848285251,284.41689144,5.436817539886746,142.20844572,2.7547045334829154,2026-01-14 01:00:00
2026-01-13 13:00:00,conservative,844.23565925,850.6584715739061,3550.232716,2911.19082712,7.989038778228273,1.0277340948563345,3543.271411316628,625,12.0,201.131471139287,0.5,213.01396296,0.4622612049947657,284.01861728,5.053041896140905,142.00930864,2.473735677092602,2026-01-14 01:00:00
2026-01-13 14:00:00,conservative,913.3945815,876.0224181386403,3498.76247,2868.9852253999998,11.603185432030266,0.0,3487.1592845679697,625,11.0,260.69593153030377,0.5,209.9257482,1.1619262701379125,279.90099760000004,7.303105194236024,139.95049880000002,3.138153967656329,2026-01-14 01:00:00
2026-01-13 15:00:00,conservative,900.56039825,905.7558260255355,3434.6564909999997,2816.41832262,11.948516360997694,1.4597141449815048,3424.167688783984,625,10.0,255.45459816932603,0.5,206.07938946,1.4653540637633862,274.77251928,7.462407823085297,137.38625964,3.020754474149012,2026-01-14 01:00:00
2026-01-13 16:00:00,conservative,908.500021,920.0595423918651,3525.4747399999997,2890.8892867999994,4.183834054593227,0.0,3521.2909059454064,625,9.0,267.246853741261,0.15,211.52848439999997,0.6274110655354714,282.0379792,2.5847883116483037,141.0189896,0.9716346774094516,2026-01-14 01:00:00
2026-01-13 17:00:00,conservative,923.6694044999999,897.153681413966,3650.199606,2993.16367692,5.080208191333678,0.0,3645.1193978086662,625,8.0,285.57209423674044,0.15,219.01197636,0.9254202497116059,292.01596848,3.082497839233772,146.00798424,1.0722901023883,2026-01-14 01:00:00
2026-01-13 18:00:00,conservative,835.6235005,840.2352536783658,3531.801137,2896.07693234,3.8635933182725033,0.0,3527.937543681727,625,7.0,214.79760147903698,0.15,211.90806822,0.8268366823509714,282.54409096,2.249451705646733,141.27204548,0.7873049302747985,2026-01-14 01:00:00
2026-01-13 19:00:00,conservative,737.4522145,739.19847605338,3309.988776,2714.19079632,2.1239229358542064,0.4622612049947657,3308.3271142691406,625,6.0,132.0666810112416,0.15,198.59932656,0.5073953118472924,264.79910208,1.1595636799749913,132.39955104,0.45696394403192303,2026-01-14 01:00:00
2026-01-13 20:00:00,conservative,679.63296075,645.3438518150814,3364.146804,2758.6003792799997,1.234627809781102,63.97279135344593,3426.884967543665,625,5.0,82.41758066463889,0.15,201.84880823999998,0.15381732465609024,269.13174432,0.7901860378461353,134.56587216,0.29062444727887665,2026-01-14 01:00:00
2026-01-13 21:00:00,conservative,665.8647045,676.5983253104486,3244.152169,2660.2047785799996,2.9946816493300124,0.0,3241.1574873506697,678,57.0,72.07312027897741,0.4,194.64913013999998,0.45320743925594775,259.53217352,1.8876554658203701,129.76608676,0.6538187442536944,2026-01-16 06:00:00
2026-01-13 22:00:00,conservative,652.4700725,669.293608291047,3142.912074,2577.1879006799995,2.7525260660817557,0.0,3140.159547933918,678,56.0,69.15869611051113,0.4,188.57472443999998,0.48997654000544527,251.43296592,1.6546841683391442,125.71648296,0.6078653577371659,2026-01-16 06:00:00
2026-01-13 23:00:00,conservative,603.26300925,635.7545465452583,3142.513413,2576.86099866,1.0457486205349875,0.0,3141.467664379465,678,55.0,54.176185976819184,0.4,188.55080478,0.15227166833694217,251.40107304000003,0.4171354080550006,125.70053652000001,0.4763415441430447,2026-01-16 06:00:00
2026-01-14 00:00:00,conservative,639.34867075,670.962732311047,3230.10544,2648.6864607999996,4.435871947178663,0.0,3225.669568052821,678,54.0,67.52514671642751,0.6,193.8063264,1.0935535727584738,258.4084352,2.4273068448382555,129.2042176,0.9150115295819341,2026-01-16 06:00:00
2026-01-14 01:00:00,conservative,629.8775285,588.5474474612873,3309.440272,2713.7410230399996,2.069872367309257,42.27662326357489,3349.6470228962653,678,53.0,65.60791290262766,0.6,198.56641631999997,0.3598629079369103,264.75522176,0.7990829387315027,132.37761088,0.9109265206408437,2026-01-16 06:00:00
2026-01-14 02:00:00,conservative,641.702447,613.5676958025463,3121.249449,2559.42454818,0.9310347280220495,1.158945846668413,3121.477360118646,678,52.0,71.1128534672254,0.6,187.27496693999998,0.0,249.69995592,0.0,124.84997796,0.9310347280220495,2026-01-16 06:00:00
2026-01-14 03:00:00,conservative,643.8320525,659.2831105162599,2966.647387,2432.6508573399997,1.0899291597193514,0.0,2965.5574578402807,678,51.0,73.31735336825446,0.6,177.99884322,0.0,237.33179096,0.17765204284871688,118.66589548,0.9122771168706345,2026-01-16 06:00:00
2026-01-14 04:00:00,conservative,654.909737,670.3233155273662,2826.725926,2317.91525932,1.1841482501733274,0.0,2825.541777749827,678,50.0,78.8737145368419,0.6,169.60355556,0.0,226.13807408000002,0.2492237580981098,113.06903704000001,0.9349244920752176,2026-01-16 06:00:00
2026-01-14 05:00:00,conservative,669.929049,685.3804795891814,2699.759435,2213.8027367,1.3256243064039304,0.0,2698.433810693596,678,49.0,86.10398375408593,0.6,161.9855661,0.0,215.9807548,0.3511352495121743,107.9903774,0.974489056891756,2026-01-16 06:00:00
2026-01-14 06:00:00,conservative,696.53044825,812.1123929696416,3049.3177910000004,2500.44058862,0.9424183649920046,0.0,3048.3753726350083,678,48.0,98.02888613736916,0.3,182.95906746000003,0.0,243.94542328000003,0.3162187697269047,121.97271164000001,0.6261995952650999,2026-01-16 06:00:00
2026-01-14 07:00:00,conservative,785.6376162500001,802.7643315707951,3402.339194,2789.91813908,1.849736489147159,0.0,3400.489457510853,675,44.0,136.43451948792872,0.3,204.14035164,0.08779825972481549,272.18713552,0.7917301952030628,136.09356776,0.9702080342192808,2026-01-16 03:00:00
2026-01-14 08:00:00,conservative,963.60915875,997.676127955418,3501.98971,2871.6315621999997,3.8660533349139046,0.0,3498.123656665086,651,19.0,240.60299000185825,0.3,210.1193826,0.2893282035806415,280.1591768,1.832974125676164,140.0795884,1.7437510056570995,2026-01-15 03:00:00
2026-01-14 09:00:00,conservative,986.58644625,1015.2064991547961,3471.8998880000004,2846.95790816,7.896126573970802,0.0,3464.0037614260295,651,18.0,261.49420234041776,0.5,208.31399328,0.7786691246909014,277.75199104000006,3.9941862792834435,138.87599552000003,3.123271169996457,2026-01-15 03:00:00
2026-01-14 10:00:00,conservative,870.168025,889.7097625391739,3559.7772999999997,2919.0173859999995,5.098958367007061,0.0,3554.6783416329927,651,17.0,183.9135583682958,0.5,213.58663799999997,0.14185267883590555,284.782184,2.685263364044035,142.391092,2.2718423241271206,2026-01-15 03:00:00
2026-01-14 11:00:00,conservative,803.4964245,794.0383471607896,3603.377236,2954.7693335199997,4.940038460301606,0.0,3598.437197539698,675,40.0,155.82223035706082,0.5,216.20263415999997,0.7792093561080677,288.27017888,2.207714833601736,144.13508944,1.9531142705918028,2026-01-16 03:00:00
2026-01-14 12:00:00,conservative,773.196246,795.965322614798,3532.0697539999996,2896.2971982799995,4.214427709149104,0.0,3527.8553262908504,675,39.0,145.08026424821,0.5,211.92418523999996,0.4366235488292806,282.56558032,1.9938590475578355,141.28279016,1.7839451127619874,2026-01-16 03:00:00
2026-01-14 13:00:00,conservative,774.13027075,750.9455143138729,3584.533782,2939.3177012399997,4.078502600802829,1.3036311646621639,3581.758910563859,675,38.0,148.44789201503102,0.5,215.07202691999998,0.0,286.76270256,2.22649882280733,143.38135128,1.8520037779954992,2026-01-16 03:00:00
2026-01-14 14:00:00,conservative,859.63208225,852.5275240477998,3390.820714,2780.47298548,5.772789603007823,7.037010412067056,3392.084934809059,675,37.0,192.24084242678822,0.5,203.44924283999998,0.0,271.26565712,3.512577151415969,135.63282856,2.2602124515918542,2026-01-16 03:00:00
2026-01-14 15:00:00,conservative,1031.382877,1016.8219705651269,3308.300753,2712.80661746,11.22205524799481,0.0,3297.078697752005,651,12.0,330.07201034936975,0.5,198.49804518,0.9240361133776079,264.66406024,6.578934077301147,132.33203012,3.7190850573160557,2026-01-15 03:00:00
2026-01-14 16:00:00,conservative,1118.17365275,1120.6298769315897,3366.911699,2760.86759318,4.703177610627644,0.0,3362.2085213893724,651,11.0,406.39113629287317,0.15,202.01470194,0.5268545621944636,269.35293592000005,2.797266973599891,134.67646796000002,1.379056074833289,2026-01-15 03:00:00
2026-01-14 17:00:00,conservative,1633.0151190000001,1702.4548760002053,3603.796861,2955.1134260199997,12.39475860095662,0.0,3591.402102399043,651,10.0,836.1173231996202,0.15,216.22781166,2.2870235229556393,288.30374888,7.409017989065902,144.15187444,2.698717088935079,2026-01-15 03:00:00
2026-01-14 18:00:00,conservative,1351.04787325,1295.0299174722477,3475.459165,2849.8765153,9.336704631700577,0.0,3466.1224603682995,651,9.0,617.4891725791799,0.15,208.5275499,1.816314398258877,278.0367332,5.463402281312234,139.0183666,2.0569879521294663,2026-01-15 03:00:00
2026-01-14 19:00:00,conservative,1182.2673152500001,1202.8551209612356,3240.097556,2656.87999592,7.053166913078641,0.0,3233.0443890869215,651,8.0,486.13797711934075,0.15,194.40585336,1.4844551461173858,259.20780448,4.007845386260929,129.60390224,1.5608663807003273,2026-01-15 03:00:00
2026-01-14 20:00:00,conservative,968.3353717499999,919.9538956143103,3146.609829,2580.2200597799997,4.231053925710038,4.103337921214516,3146.4821129955044,651,7.0,309.9751187984506,0.15,188.79658974,0.8474392906515147,251.72878632,2.3838712388992467,125.86439316,0.9997433961592764,2026-01-15 03:00:00
2026-01-14 21:00:00,conservative,820.1409635,805.983007526317,3148.7121669999997,2581.9439769399996,6.820312838657298,16.655205382719107,3158.5470595440615,675,30.0,199.4564186214043,0.4,188.92273001999996,0.9758528877758009,251.89697335999998,4.1036124609430225,125.94848667999999,1.7408474899384738,2026-01-16 03:00:00
2026-01-14 22:00:00,conservative,772.82263475,805.491152659021,2999.123739,2459.28146598,5.4553417324023865,0.0,2993.668397267598,675,29.0,176.99225057876455,0.4,179.94742434,0.6694770336611985,239.92989912000002,3.3113337086896473,119.96494956000001,1.474530990051541,2026-01-16 03:00:00
2026-01-14 23:00:00,conservative,724.009826,725.9382265728639,2871.360002,2354.5152016399998,4.224353430291551,14.359899324937768,2881.4955478946463,675,28.0,152.68541242488817,0.4,172.28160011999998,0.5821459262390438,229.70880016,2.4218978688142974,114.85440008,1.2203096352382092,2026-01-16 03:00:00
2026-01-15 00:00:00,conservative,751.80532475,719.4729814121208,2976.218367,2440.4990609399997,8.7859521259657,0.0,2967.4324148740343,675,27.0,171.96764067883467,0.6,178.57310202,1.523290610723975,238.09746936,5.129123934862051,119.04873468,2.133537580379674,2026-01-16 03:00:00
2026-01-15 01:00:00,conservative,702.73233025,681.273218972201,2976.772897,2440.9537755399997,6.816438479636833,0.6694770336611985,2970.625935554024,678,29.0,146.8185531195086,0.6,178.60637382,1.3361926933340913,238.14183176,3.6546864482374297,119.07091588,1.825559338065312,2026-01-16 06:00:00
2026-01-15 02:00:00,conservative,667.557414,687.9453464680403,3006.9101650000002,2465.6663353,5.229003770654985,0.0,3001.6811612293454,678,28.0,129.69225365118913,0.6,180.41460990000002,1.1176165027644671,240.55281320000003,2.4804956561179465,120.27640660000002,1.6308916117725714,2026-01-16 06:00:00
2026-01-15 03:00:00,conservative,633.69011325,611.7791142984859,3034.195159,2488.0400303799997,2.5855209149241087,62.109460734295254,3093.719098819371,678,27.0,112.57610064134623,0.6,182.05170954,0.15243435807499417,242.73561272,1.0030816962667881,121.36780636,1.4300048605823263,2026-01-16 06:00:00
2026-01-15 04:00:00,conservative,619.66124375,626.1550014374593,3036.495696,2489.92647072,2.3657414771139313,0.15243435807499417,3034.282388880961,678,26.0,106.50983754674606,0.6,182.18974176,0.0,242.91965568,1.0113105324679346,121.45982784,1.3544309446459966,2026-01-16 06:00:00
2026-01-15 05:00:00,conservative,641.349027,642.7161821971143,2953.373577,2421.76633314,2.7247104493218695,0.0,2950.648866550678,678,25.0,121.81578447354946,0.6,177.20241461999998,0.0,236.26988616,1.2193833173557445,118.13494308,1.5053271319661252,2026-01-16 06:00:00
2026-01-15 06:00:00,conservative,717.209522,697.6615115718255,3097.880637,2540.26212234,2.214159888781981,0.0,3095.6664771112182,678,24.0,171.21784095651842,0.3,185.87283822,0.12168229194062248,247.83045096000004,0.9868708115999207,123.91522548000002,1.105606785241438,2026-01-16 06:00:00
2026-01-15 07:00:00,conservative,771.0833705,835.4016931797598,3424.403472,2808.0108470399996,3.5750824399768937,0.0,3420.828389560023,675,20.0,210.73233183877502,0.3,205.46420831999998,0.6368240930330128,273.95227776,1.4397744654884916,136.97613888,1.4984838814553894,2026-01-16 03:00:00
2026-01-15 08:00:00,conservative,763.7233335,782.7409041695403,3648.423134,2991.70696988,4.055789844589374,0.0,3644.3673441554106,675,19.0,209.95616205420612,0.3,218.90538804,0.8261636348368622,291.87385072,1.638863407436719,145.93692536,1.5907628023157934,2026-01-16 03:00:00
2026-01-15 09:00:00,conservative,756.494086,695.7398084002718,3649.2549440000003,2992.38905408,6.237824163336187,1.5846700198104975,3644.6017898564746,675,18.0,209.15388303851765,0.5,218.95529664,0.6774326867491036,291.94039552000004,2.918425754639798,145.97019776000002,2.6419657219472863,2026-01-16 03:00:00
2026-01-15 10:00:00,conservative,747.247355,752.8409844430828,3718.039054,3048.7920242799996,6.555288963669584,0.0,3711.48376503633,675,17.0,206.79752303932597,0.5,223.08234323999997,0.7406722764596732,297.44312432,3.1525232232501432,148.72156216,2.662093463959768,2026-01-16 03:00:00
2026-01-15 11:00:00,conservative,731.23838075,711.3847868069483,3761.727798,3084.61679436,5.945301274891202,1.4181049632087768,3757.2006016883174,675,16.0,199.35020888275932,0.5,225.70366787999998,0.04968163223415883,300.93822384,3.2972648599528585,150.46911192,2.598354782704185,2026-01-16 03:00:00
2026-01-15 12:00:00,conservative,711.9603775,737.5333775438868,3834.8348419999998,3144.5645704399994,5.938317579418693,0.0,3828.896524420581,678,18.0,189.3853727629169,0.5,230.09009052,0.0,306.78678736,3.419416576818446,153.39339368,2.518901002600247,2026-01-16 06:00:00
2026-01-15 13:00:00,conservative,751.805338,728.029715847019,3618.268002,2966.9797616399997,6.865815090522881,0.04968163223415883,3611.451868541711,675,14.0,223.03001714344398,0.5,217.09608011999998,0.0,289.46144016,4.076694183843885,144.73072008,2.789120906678997,2026-01-16 03:00:00
2026-01-15 14:00:00,conservative,789.39000825,785.9479150059931,3501.6148080000003,2871.32414256,8.289478792168465,0.0,3493.3253292078316,675,13.0,256.5152419540985,0.5,210.09688848000002,0.33831913277097714,280.12918464,4.859147917240081,140.06459232,3.092011742157407,2026-01-16 03:00:00
2026-01-15 15:00:00,conservative,919.778144,934.9277623694137,3378.969875,2770.7552975,13.048258696349134,0.0,3365.921616303651,675,12.0,364.2641339123367,0.5,202.73819249999997,1.1771603737647467,270.31759,7.703353339895239,135.158795,4.167744982689148,2026-01-16 03:00:00
2026-01-15 16:00:00,conservative,1009.79828725,1035.7709430751038,3414.354892,2799.7710114399997,5.425943755367806,0.0,3408.928948244632,675,11.0,443.8656146944517,0.15,204.86129351999998,0.7342351968117922,273.14839136,3.175878870255999,136.57419568,1.5158296883000153,2026-01-16 03:00:00
2026-01-15 17:00:00,conservative,1087.153182,1051.1442897883267,3530.065606,2894.65379692,7.306075339711036,0.0,3522.759530660289,675,10.0,516.1651261360147,0.15,211.80393636,1.3517484362826377,282.40524848,4.161407277654429,141.20262424,1.792919625773969,2026-01-16 03:00:00
2026-01-15 18:00:00,conservative,894.74662,884.7115829247715,3368.92591,2762.5192462,4.798745534714093,0.0,3364.1271644652857,675,9.0,365.88088364038566,0.15,202.13555459999998,0.7599522005373193,269.5140728,2.7870134294378044,134.7570364,1.251779904738969,2026-01-16 03:00:00
2026-01-15 19:00:00,conservative,788.25051125,774.0021519151713,3202.1099219999996,2625.7301360399997,3.4771854932617643,2.08598363309443,3200.7187201398324,675,8.0,282.5221701597123,0.15,192.12659531999998,0.4760146272635296,256.16879375999997,2.07015875594605,128.08439687999999,0.9310121100521848,2026-01-16 03:00:00
2026-01-15 20:00:00,conservative,731.051569,711.4516920227886,3108.671032,2549.11024624,3.0519652937106834,2.275431707073043,3107.8944984133627,675,7.0,238.50312508306737,0.15,186.52026192,0.4613819032821637,248.69368256,1.8231924067670755,124.34684128,0.767390983661444,2026-01-16 03:00:00
2026-01-15 21:00:00,conservative,679.36333375,732.3269609584329,3037.950158,2491.11912956,7.014154944199227,0.0,3030.936003055801,678,9.0,199.50811696861544,0.4,182.27700948,1.1069478988953585,243.03601264000002,4.227170586330314,121.51800632000001,1.6800364589735532,2026-01-16 06:00:00
2026-01-15 22:00:00,conservative,658.9458185,671.0952698288287,2896.467239,2375.10313598,6.664010849167306,0.0,2889.8032281508326,678,8.0,186.13978947118576,0.4,173.78803434,1.161788530364845,231.71737912,4.00581704083796,115.85868956,1.4964052779645007,2026-01-16 06:00:00
2026-01-15 23:00:00,conservative,606.398281,568.5717623699486,3041.998527,2494.43879214,5.459640678524393,21.033785877049368,3057.572672198525,678,7.0,144.21742817524938,0.4,182.51991162000002,0.8223511289943205,243.35988216,3.415382775792604,121.67994108,1.2219067737374685,2026-01-16 06:00:00
2026-01-16 00:00:00,conservative,604.96175675,632.4976151616432,2883.148729,2364.1819577799997,8.576491006813544,0.0,2874.5722379931863,678,6.0,145.85673076443697,0.6,172.98892374,1.5621605980540716,230.65189832000002,5.257645801628736,115.32594916000001,1.7566846071307363,2026-01-16 06:00:00
2026-01-16 01:00:00,conservative,560.340002,624.0046879103791,3067.815804,2515.60895928,7.249948110524933,0.0,3060.5658558894747,678,5.0,108.4277988215766,0.6,184.06894824,1.5686369361758306,245.42526432,4.288414524434127,122.71263216,1.3928966499149757,2026-01-16 06:00:00
2026-01-16 02:00:00,conservative,527.130503,558.1044608165344,3082.0602780000004,2527.28942796,5.687148014022075,0.0,3076.3731299859783,678,4.0,79.96195427171327,0.6,184.92361668,1.4458225685051755,246.56482224000004,3.2079314027031742,123.28241112000002,1.0333940428137252,2026-01-16 06:00:00
2026-01-16 03:00:00,conservative,502.28877225,456.70767327137963,3108.541865,2549.0043293,3.8342922416993073,105.40562121173318,3210.113193970034,678,3.0,58.18223192596085,0.6,186.5125119,0.7025721376150055,248.6833492,2.3727556827866616,124.3416746,0.7589644212976399,2026-01-16 06:00:00
2026-01-16 04:00:00,conservative,529.0170015,514.4899793140124,3124.47416,2562.0688112,6.212115405062543,0.0,3118.262044594938,678,2.0,85.03779136725494,0.6,187.4684496,1.3648506434111292,249.9579328,3.7333864847614118,124.9789664,1.1138782768900024,2026-01-16 06:00:00
2026-01-16 05:00:00,conservative,464.54053625,502.54787072559867,3049.676336,2500.73459552,1.8751460566299731,0.0,3047.80118994337,678,1.0,23.555923008230078,0.6,182.98058016,0.4885939108476384,243.97410688,1.084875513039057,121.98705344,0.30167663274327755,2026-01-16 06:00:00
2026-01-16 06:00:00,conservative,461.738836,440.5087520314366,3155.935948,2587.8674773599996,2.2448216465747537,45.93203972100992,3199.623166074435,681,3.0,67.12107892615079,0.3,189.35615688,0.4114061019350493,252.47487583999998,1.3890836744071595,126.23743791999999,0.4443318702325451,2026-01-16 09:00:00
2026-01-16 07:00:00,conservative,556.88457375,570.1991565943869,3281.1003969999997,2690.5023255399997,6.103806539901119,0.0,3274.9965904600986,681,2.0,159.89203467505715,0.3,196.86602381999998,1.3447722611879986,262.48803175999996,3.664460724355965,131.24401587999998,1.094573554357155,2026-01-16 09:00:00
2026-01-16 08:00:00,conservative,478.30620749999997,501.54522910288006,3521.4019679999997,2887.5496137599994,3.9488247722135448,0.0,3517.4531432277863,681,1.0,86.09965768623552,0.3,211.28411807999998,1.0297094311044737,281.71215744,2.283615029706078,140.85607872,0.6355003114029929,2026-01-16 09:00:00
2026-01-16 09:00:00,conservative,418.27513550000003,390.46722135265753,3595.901043,2948.6388552599997,0.0,12.297452958689417,3608.1984959586894,-1,0.0,0.0,0.5,215.75406257999998,0.0,287.67208344,0.0,143.83604172,0.0,
2026-01-16 10:00:00,conservative,464.63392625,462.848165568146,3684.591401,3021.36494882,0.8497386632049868,0.0,3683.7416623367953,683,1.0,10.600781216175019,0.5,221.07548406,0.22139954382872046,294.76731208,0.49163462436598226,147.38365604,0.13670449501028398,2026-01-16 11:00:00
2026-01-16 11:00:00,conservative,551.05701525,453.8189950479278,3656.7325419999997,2998.5206844399995,0.0,0.8497386632049868,3657.5822806632045,-1,0.0,0.0,0.5,219.40395252,0.0,292.53860335999997,0.0,146.26930167999998,0.0,
2026-01-16 12:00:00,conservative,626.0678875,595.3362582599713,3476.909659,2851.0659203799996,0.0,0.0,3476.909659,-1,0.0,0.0,0.5,208.61457954,0.0,278.15277272,0.0,139.07638636,0.0,
2026-01-16 13:00:00,conservative,690.76846275,683.1914182082052,3416.2981529999997,2801.3644854599997,0.00014718457462756978,0.0,3416.2980058154253,796,111.0,0.012309445407414042,0.5,204.97788917999998,0.0,273.30385223999997,0.0,136.65192611999998,0.00014718457462756978,2026-01-21 04:00:00
2026-01-16 14:00:00,conservative,759.540872,722.1073765410546,3302.416206,2707.9812889199998,1.2811566280149727,0.0,3301.1350493719847,700,14.0,45.298212312192675,0.5,198.14497236,0.0,264.19329648,0.7578532106169497,132.09664824,0.523303417398023,2026-01-17 04:00:00
2026-01-16 15:00:00,conservative,859.262727,908.2350661179491,3142.111444,2576.53138408,3.6259806339397302,0.0,3138.4854633660602,700,13.0,123.10399133873875,0.5,188.52668664,0.0,251.36891552,2.2773698517405294,125.68445776,1.3486107821992008,2026-01-17 04:00:00
2026-01-16 16:00:00,conservative,931.24774075,888.343499411181,3162.9792239999997,2593.6429636799994,1.9003419961545793,0.0,3161.078882003845,700,12.0,182.21627432143237,0.15,189.77875343999997,0.06063301343569289,253.03833791999998,1.2396216954407588,126.51916895999999,0.6000872872781275,2026-01-17 04:00:00
2026-01-16 17:00:00,conservative,1079.9245632500001,1066.7232286490905,3221.6561460000003,2641.75803972,3.8835987017204188,0.0,3217.7725472982797,700,11.0,305.21323211498907,0.15,193.29936876000002,0.3963244209518931,257.73249168,2.4786825700825386,128.86624584,1.008591710685987,2026-01-17 04:00:00
2026-01-16 18:00:00,conservative,1206.86031825,1210.782535568583,3117.3675279999998,2556.24137296,5.832774409203484,0.0,3111.5347535907963,698,8.0,418.345923289014,0.15,187.04205168,0.9614032941764437,249.38940223999998,3.560078317689874,124.69470111999999,1.311292797337167,2026-01-17 02:00:00
2026-01-16 19:00:00,conservative,1156.57908975,1199.8172884219834,2847.747276,2335.15276632,5.225147444678942,0.0,2842.522128555321,698,7.0,383.0846714517384,0.15,170.86483656,0.9473578207388235,227.81978208,3.1733718680406775,113.90989104,1.1044177558994412,2026-01-17 02:00:00
2026-01-16 20:00:00,conservative,998.6006179999999,955.5247534646168,2736.892636,2244.25196152,3.4251339918773995,1.9087611149152672,2735.376263123038,700,8.0,254.78686950991136,0.15,164.21355816,0.6232007081473403,218.95141088,2.081636700141118,109.47570544,0.720296583588941,2026-01-17 04:00:00
2026-01-16 21:00:00,conservative,878.7065190000001,913.6014315646489,2617.037654,2145.97087628,5.302280512923144,0.0,2611.735373487077,700,7.0,155.7029833538641,0.4,157.02225924,1.117330726628891,209.36301232000002,3.0510113394439835,104.68150616000001,1.133938446850269,2026-01-17 04:00:00
2026-01-16 22:00:00,conservative,879.397609,879.7046008305877,2496.850066,2047.4170541199999,5.750882222816235,0.06063301343569289,2491.1598167906195,700,6.0,159.4613341083866,0.4,149.81100396,1.4445763731133474,199.74800528,3.1986615833646197,99.87400264,1.1076442663382675,2026-01-17 04:00:00
2026-01-16 23:00:00,conservative,778.27490575,748.8296462185615,2498.5488170000003,2048.8100299400003,2.2294285429548912,24.641866154785568,2520.961254611831,700,5.0,71.18306102628372,0.4,149.91292902,0.37993045479629567,199.88390536000003,1.3521488797566448,99.94195268000001,0.49734920840195074,2026-01-17 04:00:00
2026-01-17 00:00:00,conservative,781.93579025,795.7988944778981,2467.9487409999997,2023.7179676199996,3.8842103546423177,0.0,2464.0645306453575,700,4.0,76.00047657040442,0.6,148.07692446,0.80429417985255,197.43589927999997,2.29330120566968,98.71794963999999,0.7866149691200872,2026-01-17 04:00:00
2026-01-17 01:00:00,conservative,756.73917375,762.710964617204,2501.085481,2050.89009442,3.0109071801514666,0.0,2498.0745738198484,700,3.0,53.806508253774965,0.6,150.06512886,0.6803649571140868,200.08683848,1.7657458274503126,100.04341924,0.5647963955870676,2026-01-17 04:00:00
2026-01-17 02:00:00,conservative,733.93333575,715.9268294352362,2494.425369,2045.42880258,1.92660341713501,4.280300144999541,2496.7790657278647,700,2.0,32.98186352124318,0.6,149.66552214,0.42289439365709364,199.55402952,1.1582675706372838,99.77701476,0.3454414528406325,2026-01-17 04:00:00
2026-01-17 03:00:00,conservative,718.2624657499999,720.3565282997005,2509.445818,2057.74557076,1.2057009524854034,0.0,2508.2401170475146,814,115.0,19.021745379520794,0.6,150.56674908,0.3121377915573142,200.75566544000003,0.6930987062637788,100.37783272000001,0.20046445466431048,2026-01-21 22:00:00
2026-01-17 04:00:00,conservative,711.16486475,699.6054568441472,2499.113608,2049.27315856,0.1960533933838975,17.392122105897613,2516.309676712514,814,114.0,18.680037637966468,0.6,149.94681648,0.0,199.92908864,0.0,99.96454432,0.1960533933838975,2026-01-21 22:00:00
2026-01-17 05:00:00,conservative,711.57576775,714.9812881075374,2415.333912,1980.57380784,0.19374286190122825,0.0,2415.140169138099,814,113.0,19.100277357240806,0.6,144.92003472,0.0,193.22671296000001,0.0,96.61335648000001,0.19374286190122825,2026-01-21 22:00:00
2026-01-17 06:00:00,conservative,716.13320525,735.9971254856314,2334.358094,1914.17363708,0.09789241589228638,0.0,2334.260201584108,814,112.0,19.971306534791694,0.3,140.06148564,0.0,186.74864752000002,0.0,93.37432376000001,0.09789241589228638,2026-01-21 22:00:00
2026-01-17 07:00:00,conservative,741.04964825,788.6301527343605,2432.1984989999996,1994.4027691799995,0.1178724010746708,0.0,2432.080626598925,814,111.0,23.08090635819746,0.3,145.93190993999997,0.0,194.57587991999998,0.0,97.28793995999999,0.1178724010746708,2026-01-21 22:00:00
2026-01-17 08:00:00,conservative,791.72307125,754.5886062851945,2577.887918,2113.86809276,0.29289348414293886,0.0,2577.595024515857,731,27.0,36.40489832731614,0.3,154.67327508,0.0,206.23103344,0.09587984605881313,103.11551672,0.19701363808412573,2026-01-18 11:00:00
2026-01-17 09:00:00,conservative,871.5528285,935.543829739688,2670.4662540000004,2189.78232828,4.137978027286568,0.0,2666.328275972714,731,26.0,84.60075708166336,0.5,160.22797524,1.0403618634569713,213.63730032000004,2.3083252219354287,106.81865016000002,0.7892909418941684,2026-01-18 11:00:00
2026-01-17 10:00:00,conservative,859.935122,801.372488014325,2725.300837,2234.7466863399995,2.3371686090819725,3.3486870853924,2726.3123554763106,731,25.0,79.26331055419823,0.5,163.51805022,0.463977566309862,218.02406696,1.1183436867077532,109.01203348,0.7548473560643575,2026-01-18 11:00:00
2026-01-17 11:00:00,conservative,833.8419389999999,829.2883861489324,2726.089525,2235.3934105,1.2939702299550058,0.463977566309862,2725.259532336355,731,24.0,64.71850736259155,0.5,163.5653715,0.15418243943982246,218.087162,0.5229474551547421,109.043581,0.6168403353604412,2026-01-18 11:00:00
2026-01-17 12:00:00,conservative,836.38216375,854.0316799445374,2719.2197450000003,2229.7601909,1.4797984162629403,0.0,2717.7399465837375,731,23.0,67.62951027643435,0.5,163.15318470000003,0.24597067625992,217.53757960000004,0.5909297446163888,108.76878980000002,0.6428979953866314,2026-01-18 11:00:00
2026-01-17 13:00:00,conservative,811.67117925,820.100935282051,2740.889156,2247.52910792,0.9439878726463595,1.5184968024074956,2741.4636649297613,731,22.0,53.080942990550604,0.5,164.45334936,0.0,219.27113248,0.4351422828108588,109.63556624,0.5088455898355008,2026-01-18 11:00:00
2026-01-17 14:00:00,conservative,842.8821025,824.2011169053822,2746.404389,2252.0515989799997,1.4936002744926578,0.0,2744.9107887255072,731,21.0,74.66028703374784,0.5,164.78426334,0.0,219.71235112,0.7769537755976176,109.85617556,0.7166464988950403,2026-01-18 11:00:00
2026-01-17 15:00:00,conservative,917.23922775,910.9955602392818,2762.898952,2265.57714064,3.4177527444782205,0.0,2759.481199255522,731,20.0,126.01159649926961,0.5,165.77393712,0.29050820242678876,221.03191616,1.9136081633809963,110.51595808,1.2136363786704358,2026-01-18 11:00:00
2026-01-17 16:00:00,conservative,1014.402178,999.6121499602351,2840.153031,2328.92548542,2.1711024864233366,0.0,2837.9819285135763,731,19.0,195.00319168866073,0.15,170.40918186,0.2679567590585921,227.21224248,1.3271934523758173,113.60612124,0.5759522749889274,2026-01-18 11:00:00
2026-01-17 17:00:00,conservative,1052.78548675,1035.1045440416738,2988.7377909999996,2450.7649886199997,3.035892270980868,0.0,2985.7018987290185,725,12.0,228.71397042461328,0.15,179.32426745999996,0.4849482204523938,239.09902327999998,1.8426304718994613,119.54951163999999,0.7083135786290131,2026-01-18 05:00:00
2026-01-17 18:00:00,conservative,1067.2422677499999,1092.7303306606307,2873.477715,2356.2517263,3.4654423724245134,0.0,2870.0122726275754,725,11.0,244.93613762055693,0.15,172.4086629,0.679241597098042,229.8782172,2.058302116940832,114.9391086,0.7278986583856396,2026-01-18 05:00:00
2026-01-17 19:00:00,conservative,1035.414941,1046.1254055789514,2696.2306689999996,2210.9091485799995,3.1721479533414207,0.0,2693.0585210466584,725,10.0,223.82616462298367,0.15,161.77384013999998,0.7171037079003224,215.69845351999996,1.8293621826614612,107.84922675999998,0.6256820627796368,2026-01-18 05:00:00
2026-01-17 20:00:00,conservative,895.890285,875.1029971421804,2595.319019,2128.16159558,1.3117340517118052,2.1492502845093506,2596.1565352327975,731,15.0,123.44866600978493,0.15,155.71914114,0.2743661942611473,207.62552152,0.7022620561042462,103.81276076,0.33510580134641177,2026-01-18 11:00:00
2026-01-17 21:00:00,conservative,805.432718,832.4207142629975,2543.3125670000004,2085.5163049400003,1.0708803989251332,7.622362620565508,2549.864049221641,731,14.0,57.57613605745609,0.4,152.59875402000003,0.06777817024473569,203.46500536000005,0.5934332485015431,101.73250268000002,0.4096689801788544,2026-01-18 11:00:00
2026-01-17 22:00:00,conservative,815.23866775,824.4576533762983,2488.571225,2040.6284045,1.3704855127929425,0.0,2487.200739487207,731,13.0,66.30014426442708,0.4,149.3142735,0.14768354024691552,199.085698,0.7613401668129596,99.542849,0.46146180573306733,2026-01-18 11:00:00
2026-01-17 23:00:00,conservative,799.5864945000001,823.9723580651689,2573.98202,2110.6652563999996,1.1581336975400678,0.0,2572.82388630246,731,12.0,55.32706045784518,0.4,154.43892119999998,0.09586739700737859,205.9185616,0.6638271134546203,102.9592808,0.3984391870780689,2026-01-18 11:00:00
2026-01-18 00:00:00,conservative,827.173895,846.0627602577084,2665.945096,2186.0749787199998,3.315490867855001,0.0,2662.629605132145,731,11.0,78.58414870700442,0.6,159.95670575999998,0.6444210889578948,213.27560768,1.7925496090443134,106.63780384,0.8785201698527925,2026-01-18 11:00:00
2026-01-18 01:00:00,conservative,815.78031875,790.9104684223378,2481.8942690000003,2035.1533005800002,2.7448515924524197,3.4079748486900527,2482.557392256238,731,10.0,70.84338255233382,0.6,148.91365614000003,0.5005430428522929,198.55154152000003,1.5067846570016508,99.27577076000001,0.7375238925984761,2026-01-18 11:00:00
2026-01-18 02:00:00,conservative,802.33217525,785.526744044091,2458.960332,2016.34747224,2.2868579441714836,0.5683212130970285,2457.2417952689257,731,9.0,61.04168014758493,0.6,147.53761992,0.3625649348671417,196.71682656000002,1.2944757122307655,98.35841328000001,0.6298172970735764,2026-01-18 11:00:00
2026-01-18 03:00:00,conservative,766.0968535,788.5156616536979,2439.352993,2000.2694542599997,1.1709377599860913,0.0,2438.182055240014,814,91.0,38.490958388530686,0.6,146.36117958,0.06811286397716719,195.14823944,0.7086231892304529,97.57411972,0.39420170677847116,2026-01-21 22:00:00
2026-01-18 04:00:00,conservative,763.8181355,782.129243463004,2426.161659,1989.4525603799998,1.183754334810227,0.0,2424.9779046651897,814,90.0,38.8918577749226,0.6,145.56969954,0.06413852272778933,194.09293272,0.7234653995533901,97.04646636,0.3961504125290476,2026-01-21 22:00:00
2026-01-18 05:00:00,conservative,762.660094,762.0330461810755,2363.96987,1938.4552933999998,1.2547930152951192,8.90697432270734,2371.622051307412,814,89.0,39.48223544508588,0.6,141.83819219999998,0.1174901495105565,189.1175896,0.7454525205204741,94.5587948,0.3918503452640888,2026-01-21 22:00:00
2026-01-18 06:00:00,conservative,754.9460855,758.4659069992634,2306.6564049999997,1891.4582520999998,0.5541906206843099,0.22813123276376965,2306.330345612079,814,88.0,38.95267396641614,0.3,138.39938429999998,0.05950888821554776,184.53251239999997,0.30606885016514884,92.26625619999999,0.1886128823036133,2026-01-21 22:00:00
2026-01-18 07:00:00,conservative,749.5294785,787.8594253736527,2396.1125469999997,1964.8122885399996,0.5355081405288878,0.0,2395.577038859471,814,87.0,38.78884514753824,0.3,143.76675281999997,0.06585284737902723,191.68900376,0.27455108256527666,95.84450188,0.1951042105845839,2026-01-21 22:00:00
2026-01-18 08:00:00,conservative,787.72596825,769.9788265849252,2551.820333,2092.49267306,1.4896995849310322,0.0,2550.330633415069,731,3.0,55.068694458727364,0.3,153.10921998,0.2729469302011779,204.14562664000002,0.9218774637184122,102.07281332000001,0.29487519101144216,2026-01-18 11:00:00
2026-01-18 09:00:00,conservative,802.4629085,818.8758299351011,2687.036781,2203.3701604199996,3.6847276893186507,0.0,2683.352053310681,731,2.0,70.34025243793641,0.5,161.22220685999997,0.8092827325380512,214.96294247999998,2.214755044957196,107.48147123999999,0.6606899118234036,2026-01-18 11:00:00
2026-01-18 10:00:00,conservative,761.38997725,755.3241976769832,2785.7372689999997,2284.30456058,2.0244650853909087,0.0,2783.7128039146087,814,84.0,43.3979016857927,0.5,167.14423613999998,0.49733537329018257,222.85898152,1.1041999429029028,111.42949076,0.42292976919782355,2026-01-21 22:00:00
2026-01-18 11:00:00,conservative,735.782452,729.2520159031834,2846.657986,2334.25954852,0.5799274853455147,22.19521973481045,2868.273278249465,814,83.0,39.40560872023618,0.5,170.79947916,0.0,227.73263888000002,0.18747298038690038,113.86631944000001,0.39245450495861434,2026-01-21 22:00:00
2026-01-18 12:00:00,conservative,723.62307225,756.5863778096157,2855.7040749999996,2341.6773415,0.4509148934180038,0.0,2855.2531601065816,814,82.0,37.84297782281894,0.5,171.34224449999996,0.0,228.456326,0.07281386134346889,114.228163,0.3781010320745349,2026-01-21 22:00:00
2026-01-18 13:00:00,conservative,724.4262134999999,749.1887039696408,2880.915278,2362.35052796,0.4808085968299937,0.0,2880.43446940317,814,81.0,38.76639729399806,0.5,172.85491668,0.0,230.47322224,0.09006897607879377,115.23661112,0.39073962075119995,2026-01-21 22:00:00
2026-01-18 14:00:00,conservative,753.43315825,777.8384473300192,2828.8269960000002,2319.63813672,0.9222491481090391,0.0,2827.904746851891,814,80.0,45.40593161003479,0.5,169.72961976000002,0.0,226.30615968000004,0.47292620228541105,113.15307984000002,0.44932294582362803,2026-01-21 22:00:00
2026-01-18 15:00:00,conservative,788.5851695,827.7495337146299,2833.1640589999997,2323.1945283799996,1.6313361333666507,0.0,2831.532722866633,746,11.0,57.476905013602995,0.5,169.98984353999998,0.0,226.65312472,1.0618709160537176,113.32656236,0.5694652173129332,2026-01-19 02:00:00
2026-01-18 16:00:00,conservative,858.2541,858.8842152489827,2935.531681,2407.13597842,1.1664834685729608,0.0,2934.365197531427,746,10.0,115.6781114498709,0.15,176.13190086,0.08255473366247998,234.84253448,0.7285858221415347,117.42126724,0.35534291276894614,2026-01-19 02:00:00
2026-01-18 17:00:00,conservative,971.199966,991.6585551388489,3096.014346,2538.73176372,2.643086257046054,0.0,3093.371259742954,745,8.0,213.8224337307756,0.15,185.76086075999999,0.3542047373785302,247.68114768,1.6017828433796037,123.84057384,0.6870986762879201,2026-01-19 01:00:00
2026-01-18 18:00:00,conservative,1056.76388025,1047.4558775521964,3019.0911290000004,2475.6547257800003,3.980742362303638,0.0,3015.1103866376966,745,7.0,292.52762692611424,0.15,181.14546774000002,0.7227579076113906,241.52729032000002,2.3503931755919876,120.76364516000001,0.9075912791002596,2026-01-19 01:00:00
2026-01-18 19:00:00,conservative,924.82251775,934.5475083246532,2842.268258,2330.65997156,2.358155290149565,0.0,2839.9101027098504,745,6.0,181.41558613531177,0.15,170.53609548,0.4295987462502741,227.38146064,1.3916453245695257,113.69073032,0.536911219329765,2026-01-19 01:00:00
2026-01-18 20:00:00,conservative,866.061504,862.1572123689695,2715.3282879999997,2226.5691961599996,1.6825500651955392,0.7227579076113906,2714.3684958424155,746,6.0,132.237148312015,0.15,162.91969727999998,0.2886654958907553,217.22626304,1.0185375202313784,108.61313152,0.3753470490734055,2026-01-19 02:00:00
2026-01-18 21:00:00,conservative,799.3250045,802.2348834497815,2659.673165,2180.9319953,2.564173287253025,1.1550237131820396,2658.264015425929,746,5.0,74.52283401289641,0.4,159.5803899,0.42785827495817563,212.77385320000002,1.5821223991880207,106.38692660000001,0.5541926131068291,2026-01-19 02:00:00
2026-01-18 22:00:00,conservative,797.08365,814.9383607631074,2645.186256,2169.05272992,2.767578712009773,0.0,2642.4186772879902,746,4.0,73.95926414555122,0.4,158.71117536,0.547969252062188,211.61490048,1.672591992452635,105.80745024,0.5470174674949497,2026-01-19 02:00:00
2026-01-18 23:00:00,conservative,775.006254,750.4596335029959,2666.252806,2186.3273009199997,2.239906052415372,6.319648870561481,2670.3325488181463,814,71.0,59.57528934289199,0.4,159.97516836,0.48035765678307496,213.30022448,1.3151910262131314,106.65011224,0.44435736941916576,2026-01-21 22:00:00
2026-01-19 00:00:00,conservative,755.76245125,818.5340695205639,2852.5994259999998,2339.1315293199996,2.843598325398429,0.0,2849.7558276746013,814,70.0,56.03332668725897,0.6,171.15596555999997,0.6747533826382232,228.20795407999998,1.498051684737091,114.10397703999999,0.6707932580231152,2026-01-21 22:00:00
2026-01-19 01:00:00,conservative,750.457537,720.2770155550089,2878.998129,2360.77846578,2.744426814627392,12.16366357515675,2888.4173657605293,814,69.0,55.83067232137749,0.6,172.73988774,0.6427772595961289,230.31985032,1.4270931948863448,115.15992516,0.6745563601449183,2026-01-21 22:00:00
2026-01-19 02:00:00,conservative,753.3901940000001,716.9645356163682,2813.1032179999997,2306.74463876,0.6812810687095912,5.294517734334112,2817.716454665624,814,68.0,57.711224741022335,0.6,168.78619307999998,0.0,225.04825744,0.0,112.52412872,0.6812810687095912,2026-01-21 22:00:00
2026-01-19 03:00:00,conservative,750.43886875,785.182194955002,2675.045046,2193.53693772,0.6522506566615566,0.0,2674.3927953433385,814,67.0,58.104277082091976,0.6,160.50270276,0.0,214.00360368000003,0.0,107.00180184000001,0.6522506566615566,2026-01-21 22:00:00
2026-01-19 04:00:00,conservative,748.1786665,771.928547318888,2657.265816,2178.95796912,0.6542605515733204,0.0,2656.6115554484268,814,66.0,58.67428152987849,0.6,159.43594896,0.0,212.58126528000003,0.0,106.29063264000001,0.6542605515733204,2026-01-21 22:00:00
2026-01-19 05:00:00,conservative,766.07340675,784.7970012615647,2571.0362179999997,2108.24969876,0.698300464352987,0.0,2570.3379175356467,814,65.0,64.7364662880996,0.6,154.26217307999997,0.0,205.68289743999998,0.0,102.84144871999999,0.698300464352987,2026-01-21 22:00:00
2026-01-19 06:00:00,conservative,942.10665475,960.9570200279284,2849.1109,2336.270938,1.5542888088902904,0.0,2847.55661119111,814,64.0,114.98803871964374,0.3,170.946654,0.1182894669013972,227.928872,0.7503228316584672,113.964436,0.6856765103304259,2026-01-21 22:00:00
2026-01-19 07:00:00,conservative,1203.56008925,1203.1926860645924,3203.515266,2626.8825181199995,8.322066528443981,0.0,3195.193199471556,767,16.0,295.29613992715406,0.3,192.21091596,1.2179592862128739,256.28122128,5.160597105734863,128.14061064,1.9435101364962453,2026-01-19 23:00:00
2026-01-19 08:00:00,conservative,1314.888432,1287.970800855425,3381.409418,2772.75572276,13.239028184325274,0.0,3368.1703898156748,756,4.0,395.6465499629371,0.3,202.88456508000002,2.642163919362234,270.51275344000004,7.894498903179686,135.25637672000002,2.702365361783354,2026-01-19 12:00:00
2026-01-19 09:00:00,conservative,1209.948419,1212.2225557458119,3353.846843,2750.1544112599995,18.450521846578347,0.0,3335.3963211534215,767,14.0,312.17559977371303,0.5,201.23081057999997,3.9672511429879056,268.30774744,10.907307097611005,134.15387372,3.575963605979437,2026-01-19 23:00:00
2026-01-19 10:00:00,conservative,1015.5721637500001,995.2573124046368,3317.750459,2720.55537638,8.519350106530709,7.827374348563014,3317.0584832420323,767,13.0,168.60784535972698,0.5,199.06502754,1.7625449310056884,265.42003672,4.8129918941577055,132.71001836,1.9438132813673155,2026-01-19 23:00:00
2026-01-19 11:00:00,conservative,919.0564380000001,948.3100300025326,3256.544401,2670.36640882,3.777937340731132,0.0,3252.766463659269,814,59.0,119.99859479208416,0.5,195.39266406,0.5927596367664314,260.52355208,1.8224493046840697,130.26177604,1.3627283992806305,2026-01-21 22:00:00
2026-01-19 12:00:00,conservative,890.7013625,886.2896410549358,3168.710623,2598.34271086,2.7452497690249666,34.7016772287986,3200.6670504597732,814,58.0,113.53380288107898,0.5,190.12263738,0.0,253.49684984,1.490230401856099,126.74842492,1.2550193671688674,2026-01-21 22:00:00
2026-01-19 13:00:00,conservative,933.98117,909.2162540962247,3228.339342,2647.23826044,3.8847193858633045,0.0,3224.454622614137,814,57.0,129.66904353665825,0.5,193.70036052,0.0,258.26714736,2.425819427114945,129.13357368,1.4588999587483598,2026-01-21 22:00:00
2026-01-19 14:00:00,conservative,1078.53989675,1068.8983215004102,3120.4093789999997,2558.7356907799995,7.776768375630965,0.0,3112.6326106243687,767,9.0,235.24577004173,0.5,187.22456273999998,0.0,249.63275031999999,5.243228961453823,124.81637515999999,2.5335394141771426,2026-01-19 23:00:00
2026-01-19 15:00:00,conservative,1270.5065455,1282.8944891282686,3065.716881,2513.8878424199997,14.534910195159831,0.0,3051.18197080484,767,8.0,403.5812372531697,0.5,183.94301285999998,1.0432890377844097,245.25735047999999,9.332649629857247,122.62867523999999,4.158971527518174,2026-01-19 23:00:00
2026-01-19 16:00:00,conservative,1484.2531864999999,1467.3414499158807,3253.340068,2667.7388557599998,7.236254976999827,0.0,3246.103813023,767,7.0,597.5565216975218,0.15,195.20040408,0.7946246242314359,260.26720544,4.5680740119527625,130.13360272,1.873556340815628,2026-01-19 23:00:00
2026-01-19 17:00:00,conservative,1699.3634387500001,1674.6968268830071,3444.4522939999997,2824.45088108,10.754998262043959,0.0,3433.6972957379558,767,6.0,800.413643045447,0.15,206.66713763999996,1.6705857501779098,275.55618352,6.585403969690662,137.77809176,2.4990085421753863,2026-01-19 23:00:00
2026-01-19 18:00:00,conservative,1494.75094525,1502.0615615947574,3344.056253,2742.12612746,9.09058301307067,0.0,3334.9656699869297,767,5.0,631.4420308942229,0.15,200.64337518,1.505679284685762,267.52450024,5.568837614024508,133.76225012,2.0160661143604015,2026-01-19 23:00:00
2026-01-19 19:00:00,conservative,1352.0975242499999,1359.4465213832616,3151.4563139999996,2584.1941774799993,7.61276556714266,0.0,3143.843548432857,767,4.0,512.5123012744275,0.15,189.08737883999996,1.3690570347166797,252.11650511999997,4.653019877361474,126.05825255999999,1.5906886550645065,2026-01-19 23:00:00
2026-01-19 20:00:00,conservative,1175.93354925,1160.7252539888661,3053.981238,2504.2646151599997,5.617001434647986,1.6705857501779098,3050.0348223155297,767,3.0,356.9607527901452,0.15,183.23887427999998,1.050613656829806,244.31849904,3.457554443876351,122.15924952,1.1088333339418295,2026-01-19 23:00:00
2026-01-19 21:00:00,conservative,1009.949676,995.8185268314503,2933.993946,2405.8750357199997,9.27758570889135,4.712649981418288,2929.429010272527,767,2.0,204.69628584526785,0.4,176.03963676,2.049003409037388,234.71951568,5.564719217189779,117.35975784,1.6638630826641825,2026-01-19 23:00:00
2026-01-19 22:00:00,conservative,944.4415740000001,951.4030721207291,2848.657537,2335.89918034,7.239800505591763,0.0,2841.4177364944085,814,48.0,159.24724465751086,0.4,170.91945221999998,1.8607761191091126,227.89260296,4.116987322547675,113.94630148,1.2620370639349758,2026-01-21 22:00:00
2026-01-19 23:00:00,conservative,840.3421065,796.8995762550803,2825.834002,2317.18388164,1.8893795200306034,84.69718140114593,2908.6418038811153,814,47.0,121.80010274366144,0.4,169.55004012,0.28856110606248453,226.06672016000002,0.6407274079752535,113.03336008000001,0.9600910059928653,2026-01-21 22:00:00
2026-01-20 00:00:00,conservative,859.59024425,817.3663310187032,2962.601261,2429.3330340199996,3.907268202878505,0.929288514037738,2959.6232813111587,814,46.0,131.93137743327256,0.6,177.75607566,0.6079551156071487,237.00810088,1.664954401903575,118.50405044,1.6343586853677814,2026-01-21 22:00:00
2026-01-20 01:00:00,conservative,854.17392525,832.620598612427,3013.6876460000003,2471.22386972,4.005958582944069,0.0,3009.6816874170563,814,45.0,132.39445707612384,0.6,180.82125876,0.7259440101446786,241.09501168000003,1.6116896659958544,120.54750584000001,1.6683249068035353,2026-01-21 22:00:00
2026-01-20 02:00:00,conservative,824.44014325,818.0367286986445,3049.649635,2500.7127007,2.007054825260574,4.610543193651257,3052.253123368391,814,44.0,122.73593784791095,0.6,182.9789781,0.0,243.9719708,0.44100410809007934,121.9859854,1.5660507171704947,2026-01-21 22:00:00
2026-01-20 03:00:00,conservative,820.79813775,830.1253647179402,2918.433437,2393.11541834,1.9457974437060903,0.0,2916.487639556294,814,43.0,123.67420963068668,0.6,175.10600622,0.0,233.47467496000002,0.43576047772513105,116.73733748000001,1.5100369659809592,2026-01-21 22:00:00
2026-01-20 04:00:00,conservative,845.48911875,889.7498052584865,2850.345494,2337.28330508,2.4547065317083985,0.0,2847.890787468292,814,42.0,136.8319507234639,0.6,171.02072964,0.0,228.02763952,0.8244120666162189,114.01381976,1.6302944650921796,2026-01-21 22:00:00
2026-01-20 05:00:00,conservative,935.9418295,961.6716181960606,2817.943656,2310.7137979199997,4.382543152047594,0.0,2813.5611128479522,814,41.0,179.434376536728,0.6,169.07661936,0.0,225.43549248,2.2761516650126925,112.71774624,2.1063914870349016,2026-01-21 22:00:00
2026-01-20 06:00:00,conservative,1420.2364042499999,1415.438248351097,2998.254407,2458.56861374,12.16854873076108,0.0,2986.085858269239,780,6.0,512.6497293512642,0.3,179.89526442,1.3310873396220801,239.86035256,7.810028372446458,119.93017628,3.0274330186925407,2026-01-20 12:00:00
2026-01-20 07:00:00,conservative,1840.74910375,1840.1786175129193,3312.883977,2716.5648611399997,23.69198931312631,0.0,3289.1919876868737,780,5.0,903.5015661154249,0.3,198.77303862,3.79469768916337,265.03071816,14.659794205371721,132.51535908,5.237497418591218,2026-01-20 12:00:00
2026-01-20 08:00:00,conservative,2041.993721,2011.9178400608657,3428.051194,2811.0019790799997,30.615279676842672,0.0,3397.4359143231572,780,4.0,1107.525704273026,0.3,205.68307164,6.292984681900563,274.24409552000003,18.16577351254737,137.12204776000002,6.156521482394738,2026-01-20 12:00:00
2026-01-20 09:00:00,conservative,1632.0709625,1631.5155684202282,3457.0065520000003,2834.74537264,41.35025946947337,0.0,3415.656292530527,780,3.0,743.8484921490965,0.5,207.42039312,8.943814136893105,276.56052416000006,24.49330720665725,138.28026208000003,7.913138125923016,2026-01-20 12:00:00
2026-01-20 10:00:00,conservative,1305.9331957499999,1297.2734365823958,3435.709702,2817.28195564,28.42918692141489,0.0,3407.2805150785853,780,2.0,445.5255064652662,0.5,206.14258212,6.4196145559325215,274.85677616000004,16.90798574013896,137.42838808000002,5.101586625343407,2026-01-20 12:00:00
2026-01-20 11:00:00,conservative,966.9643135,976.6458703101426,3293.8143489999998,2700.9277661799997,9.798034096910497,20.362583847579117,3304.378898750668,814,35.0,217.71700425177312,0.5,197.62886093999998,2.2763554528595202,263.50514792,5.041689000076692,131.75257396,2.479989643974285,2026-01-21 22:00:00
2026-01-20 12:00:00,conservative,867.04237675,842.2254484434303,3247.0210970000003,2662.5572995400003,3.7650001826639947,125.4868763819881,3368.7429731993243,814,34.0,171.49302841664016,0.5,194.82126582,0.0,259.76168776000003,1.8305525193967191,129.88084388000001,1.9344476632672758,2026-01-21 22:00:00
2026-01-20 13:00:00,conservative,911.53097775,927.1113731772352,3210.569606,2632.66707692,4.680769590769712,0.0,3205.8888364092304,814,33.0,197.95141019242155,0.5,192.63417636,0.0,256.84556848,2.478371524070559,128.42278424,2.2023980666991525,2026-01-21 22:00:00
2026-01-20 14:00:00,conservative,1110.92666125,1156.9088286400774,3130.262085,2566.8149096999996,9.37467217012741,0.0,3120.8874128298726,796,14.0,317.63439363080425,0.5,187.81572509999998,0.0,250.4209668,5.981615121274831,125.2104834,3.393057048852579,2026-01-21 04:00:00
2026-01-20 15:00:00,conservative,1410.76718,1407.5043755462943,3166.917261,2596.87215402,19.395880962601492,0.0,3147.5213800373986,796,13.0,555.243541491084,0.5,190.01503566,1.4224969267838716,253.35338088,12.261444063449703,126.67669044,5.711939972367917,2026-01-21 04:00:00
2026-01-20 16:00:00,conservative,2072.26917925,2084.320530912968,3268.104122,2679.84538004,13.102157460069478,0.0,3255.0019645399307,792,8.0,1118.4242606575701,0.15,196.08624732,2.3401141768754052,261.44832976000004,7.811069085961592,130.72416488000002,2.950974197232479,2026-01-21 00:00:00
2026-01-20 17:00:00,conservative,1864.93581125,1885.6401310013332,3458.904372,2836.3015850399997,12.813814851074554,0.0,3446.090557148925,792,7.0,960.7709584975154,0.15,207.53426231999998,2.235002123124653,276.71234976,7.7307527901269495,138.35617488,2.8480599378229514,2026-01-21 00:00:00
2026-01-20 18:00:00,conservative,1483.57014475,1471.533530593425,3368.95808,2762.5456255999998,9.062879213017606,2.3401141768754052,3362.2353149638575,796,10.0,649.183910744585,0.15,202.13748479999998,1.4240628141834022,269.5166464,5.56118511238311,134.7583232,2.0776312864510937,2026-01-21 04:00:00
2026-01-20 19:00:00,conservative,1319.79152625,1326.5143007043125,3193.533414,2618.69739948,7.4032329605048774,2.235002123124653,3188.36518316262,796,9.0,525.4988943662944,0.15,191.61200484,1.3494228832946424,255.48267312000002,4.406212820638533,127.74133656000001,1.6475972565717019,2026-01-21 04:00:00
2026-01-20 20:00:00,conservative,1158.72109475,1159.098866773454,3057.417528,2507.0823729599997,5.7148552297143915,0.0,3051.7026727702855,796,8.0,398.8595084262395,0.15,183.44505167999998,1.145956982371597,244.59340224,3.3380177897680965,122.29670112,1.2308804575746985,2026-01-21 04:00:00
2026-01-20 21:00:00,conservative,1045.0901935,1048.0204764564648,3008.223962,2466.74364884,12.072487052413669,1.4224969267838716,2997.5739718743703,814,25.0,313.30589102851513,0.4,180.49343772,2.56005418095738,240.65791696,6.937630386316671,120.32895848,2.5748024851396187,2026-01-21 22:00:00
2026-01-20 22:00:00,conservative,875.5217345,852.331440984336,2891.98993,2371.4317426000002,6.16754174641123,39.843947912728375,2925.6663361663173,814,24.0,214.70894366220736,0.4,173.5193958,1.1006639726221872,231.3591944,3.348426994167338,115.6795972,1.7184507796217048,2026-01-21 22:00:00
2026-01-20 23:00:00,conservative,804.4930945,805.2283997277683,2824.982068,2316.4852957599996,4.138250272814094,4.406212820638533,2825.2500305478243,814,23.0,174.2071332453141,0.4,169.49892408,0.5611704919543085,225.99856544,2.2096843417826992,112.99928272,1.3673954390770862,2026-01-21 22:00:00
2026-01-21 00:00:00,conservative,744.84620225,759.7861509873635,2938.863974,2409.8684586799995,3.941694848734004,24.594896482806732,2959.5171756340724,814,22.0,139.31157976566735,0.6,176.33183843999998,0.4316759281208562,235.10911792,1.798930886478739,117.55455896,1.7110880341344086,2026-01-21 22:00:00
2026-01-21 01:00:00,conservative,746.6391355,790.1734437338512,3032.1495099999997,2486.3625981999994,4.534173495424406,0.0,3027.615336504575,814,21.0,143.30390144823122,0.6,181.92897059999999,0.6210364612067388,242.57196079999997,2.0976627156634677,121.28598039999999,1.8154743185541997,2026-01-21 22:00:00
2026-01-21 02:00:00,conservative,736.1057304999999,764.8838552825562,3028.928263,2483.7211756599995,4.302874830839273,0.0,3024.6253881691605,814,20.0,139.1380797640356,0.6,181.73569578,0.6798364041665191,242.31426104,1.8616872137137703,121.15713052,1.761351212958984,2026-01-21 22:00:00
2026-01-21 03:00:00,conservative,727.4772975,792.0727712253466,3027.5785619999997,2482.6144208399996,4.228767780957343,0.0,3023.3497942190425,814,19.0,136.04820307334435,0.6,181.65471371999996,0.7431068825957488,242.20628495999998,1.7638208296180706,121.10314247999999,1.7218400687435234,2026-01-21 22:00:00
2026-01-21 04:00:00,conservative,713.6755525,690.6551256133585,2999.839938,2459.86874916,3.4000739283180046,32.98663714437199,3029.426501216054,814,18.0,129.16740833868892,0.6,179.99039628,0.0,239.98719504000002,1.7795456796444036,119.99359752000001,1.6205282486736008,2026-01-21 22:00:00
2026-01-21 05:00:00,conservative,730.5588695,756.7284886016204,3146.445746,2580.08551172,4.301657447349303,0.0,3142.1440885526504,814,17.0,143.79380706530705,0.6,188.78674475999998,0.18337917324060846,251.71565968,2.2279969718322183,125.85782984,1.8902813022764762,2026-01-21 22:00:00
2026-01-21 06:00:00,conservative,775.96082575,781.4610859221506,3133.634426,2569.58022932,2.9245780171642686,0.0,3130.709847982836,814,16.0,179.6672214677744,0.3,188.01806556,0.2660886083727468,250.69075408,1.4858103781709793,125.34537704,1.1726790306205426,2026-01-21 22:00:00
2026-01-21 07:00:00,conservative,944.1404645,1009.8345524965301,3407.863826,2794.4483373199996,6.276399256359543,0.0,3401.58742674364,814,15.0,307.88728083397643,0.3,204.47182955999997,1.1652207757592339,272.62910608,2.95958094465261,136.31455304,2.151597535947699,2026-01-21 22:00:00
2026-01-21 08:00:00,conservative,1106.4557587499999,1082.2068101893453,3483.943574,2856.83373068,10.24383120640183,0.0,3473.699742793598,814,14.0,436.78227686776876,0.3,209.03661444,2.620883666906515,278.71548592,4.574331882566269,139.35774296,3.0486156569290466,2026-01-21 22:00:00
2026-01-21 09:00:00,conservative,1029.02403,1003.8323747345768,3488.109144,2860.2494980799997,16.573977921339665,0.0,3471.5351660786605,814,13.0,385.90200691623613,0.5,209.28654864,4.792908188359516,279.04873152,7.2410787639138325,139.52436576,4.539990969066317,2026-01-21 22:00:00
2026-01-21 10:00:00,conservative,884.02161025,866.0398308866793,3523.1753590000003,2889.0037943800003,12.83337398297725,0.0,3510.341985017023,814,12.0,279.63480127754144,0.5,211.39052154,3.745562853378194,281.85402872000003,5.706806728275697,140.92701436000002,3.3810044013233593,2026-01-21 22:00:00
2026-01-21 11:00:00,conservative,755.0994435,691.3825717707058,3532.0592829999996,2896.2886120599997,6.818074356534696,12.774043266016815,3538.0152519094813,814,11.0,181.82133669053513,0.5,211.92355697999997,0.58688650795231,282.56474263999996,4.0022485119194355,141.28237131999998,2.2289393366629504,2026-01-21 22:00:00
2026-01-21 12:00:00,conservative,740.9615515,725.1889008495772,3532.9587420000003,2897.02616844,6.240419862073804,0.58688650795231,3527.305208645879,814,10.0,173.91924437304473,0.5,211.97752452,0.0,282.63669936,4.106295590028744,141.31834968,2.1341242720450597,2026-01-21 22:00:00
2026-01-21 13:00:00,conservative,773.00999125,750.236011403389,3521.511509,2887.63943738,7.9391131363092065,0.0,3513.572395863691,814,9.0,204.20175321120493,0.5,211.29069053999999,0.30404619495368895,281.72092072,5.144667079232553,140.86046036,2.4903998621229637,2026-01-21 22:00:00
2026-01-21 14:00:00,conservative,811.37100875,815.8828223442862,3498.3590270000004,2868.65440214,10.152657308863017,0.0,3488.2063696911373,814,8.0,241.0160050629333,0.5,209.90154162000002,0.7941912915458653,279.86872216000006,6.4503883725322755,139.93436108000003,2.908077644784875,2026-01-21 22:00:00
2026-01-21 15:00:00,conservative,902.99670025,913.2493795233148,3563.003022,2921.6624780399998,15.024897971139195,0.0,3547.9781240288607,814,7.0,325.5404008127353,0.5,213.78018132,1.6364665112756023,285.04024176,9.435124064039261,142.52012088,3.953307395824332,2026-01-21 22:00:00
2026-01-21 16:00:00,conservative,919.05824575,975.3433709264766,3561.09636,2920.0990152,5.169319894639697,0.0,3555.9270401053604,814,6.0,346.36206609121217,0.15,213.6657816,0.7001460826614347,284.8877088,3.2123205435767033,142.4438544,1.256853268401559,2026-01-21 22:00:00
2026-01-21 17:00:00,conservative,881.05209375,909.5648088955816,3975.9016850000003,3260.2393817,5.758677275810114,0.0,3970.1430077241903,814,5.0,318.96965551552825,0.15,238.5541011,0.9164261672169536,318.0721348,3.544180585088927,159.0360674,1.2980705235042338,2026-01-21 22:00:00
2026-01-21 18:00:00,conservative,859.574406,842.2672963301278,3780.1061529999997,3099.68704546,5.717404334180149,0.0,3774.3887486658195,814,4.0,305.58686534020154,0.15,226.80636917999996,1.0742465770101717,302.40849224,3.458352276531175,151.20424612,1.1848054806388024,2026-01-21 22:00:00
2026-01-21 19:00:00,conservative,730.316067,703.3636268595492,3738.2523029999998,3065.3668884599997,3.738540151821086,0.30404619495368895,3734.8178090431325,814,3.0,190.02921017443973,0.15,224.29513817999998,0.6904362918634489,299.06018424,2.3090067599694812,149.53009212,0.7390970999881554,2026-01-21 22:00:00
2026-01-21 20:00:00,conservative,613.44010575,628.1976808951952,3286.2134730000002,2694.69504786,1.5671408817961527,5.121476629710028,3289.767808747914,814,2.0,81.57486560441332,0.15,197.17280838000002,0.34428300945585444,262.89707784,0.9418588798935336,131.44853892,0.2809989924467647,2026-01-21 22:00:00
2026-01-21 21:00:00,conservative,620.01413825,580.4071420393807,3232.77362,2650.8743683999996,5.032845756296528,0.6904362918634489,3228.431210535567,814,1.0,89.6666451369004,0.4,193.9664172,1.31247450870703,258.6218896,2.910391064216555,129.3109448,0.8099801833729429,2026-01-21 22:00:00
2026-01-21 22:00:00,conservative,473.59234375,528.5361067256306,3255.5227609999997,2669.5286640199997,0.9042746022896249,157.2683545596382,3411.8868409573483,821,7.0,29.503058791347133,0.4,195.33136566,0.0,260.44182087999997,0.6354002653200889,130.22091043999998,0.26887433696953605,2026-01-22 05:00:00
2026-01-21 23:00:00,conservative,522.87896575,558.2621693716386,3066.816332,2514.78939224,2.7240444458303052,0.0,3064.0922875541696,821,6.0,73.81237242237398,0.4,184.00897991999997,0.4863448958451878,245.34530655999998,1.6047462209497487,122.67265327999999,0.6329533290353689,2026-01-22 05:00:00
2026-01-22 00:00:00,conservative,559.91725275,545.8419831868589,3280.159017,2689.73039394,1.017671819399347,0.0,3279.1413451806006,822,6.0,18.77979407122317,0.6,196.80954101999998,0.10332650275685074,262.41272136,0.6556456154064217,131.20636068,0.25869970123607455,2026-01-22 06:00:00
2026-01-22 01:00:00,conservative,526.1022755,474.7082396272737,3540.602582,2903.2941172399997,5.4682903382211165,0.4863448958451878,3535.620636557624,821,4.0,79.80020240560037,0.6,212.43615491999998,0.8294987552434128,283.24820656,3.454045018655883,141.62410328,1.184746564321821,2026-01-22 05:00:00
2026-01-22 02:00:00,conservative,499.88678575,540.5029569749624,3737.068222,3064.3959420399997,4.494162660852921,0.0,3732.574059339147,821,3.0,56.72345495150842,0.6,224.22409331999998,0.8234591269170672,298.96545776,2.781120323437338,149.48272888,0.8895832104985156,2026-01-22 05:00:00
2026-01-22 03:00:00,conservative,551.75759825,548.3214028924215,3496.793945,2867.3710349,0.9092972337893278,0.0,3495.8846477662105,822,3.0,12.256598467019524,0.6,209.8076367,0.16652179805350786,279.7435156,0.5627753795252878,139.8717578,0.18000005621053214,2026-01-22 06:00:00
2026-01-22 04:00:00,conservative,464.93278525,502.0672746092039,3623.649446,2971.39254572,2.343472811259882,0.0,3621.30597318874,821,1.0,24.77651814608287,0.6,217.41896676,0.6106266415017407,289.89195568,1.355823286396109,144.94597784,0.3770228833620323,2026-01-22 05:00:00
2026-01-22 05:00:00,conservative,487.488578,439.655748236169,3527.27491,2892.3654262,0.0,15.44789996260866,3542.7228099626086,-1,0.0,0.0,0.6,211.6364946,0.0,282.1819928,0.0,141.0909964,0.0,
2026-01-22 06:00:00,conservative,556.72434475,538.7430940613868,3217.178206,2638.0861289199997,0.17294730794423038,1.9269690531886747,3218.9322277452447,839,17.0,11.778313361459325,0.3,193.03069236,0.0,257.37425648,0.09337496575526014,128.68712824,0.07957234218897025,2026-01-22 23:00:00
2026-01-22 07:00:00,conservative,728.9362062499999,729.0935172415454,3426.196614,2809.4812234799997,2.9691581774660847,0.0,3423.227455822534,838,15.0,138.52127361156337,0.3,205.57179684,0.6334250310434701,274.09572912,1.3439229161515867,137.04786456,0.9918102302710281,2026-01-22 22:00:00
2026-01-22 08:00:00,conservative,799.105586,800.5150038129423,3530.184106,2894.75096692,4.839720323208514,0.0,3525.3443856767917,838,14.0,194.3524653238125,0.3,211.81104636,1.3315524796165057,282.41472848,2.0810884066549176,141.20736424,1.4270794369370905,2026-01-22 22:00:00
2026-01-22 09:00:00,conservative,748.7472,735.2452358556227,3540.721435,2903.3915767,7.298042683099211,0.0,3533.423392316901,838,13.0,159.44973217704901,0.5,212.4432861,2.272199434609672,283.2577148,3.0625805277921985,141.6288574,1.9632627206973403,2026-01-22 22:00:00
2026-01-22 10:00:00,conservative,680.2209674999999,698.9064654704249,3619.3082200000003,2967.8327404,5.428212062148562,0.0,3613.8800079378516,838,12.0,108.76618673550833,0.5,217.1584932,1.7624071201963853,289.54465760000005,2.292145466479121,144.77232880000003,1.373659475473056,2026-01-22 22:00:00
2026-01-22 11:00:00,conservative,624.4850345,592.4564216185222,3656.744419,2998.53042358,3.433379032560862,5.999584065466033,3659.3106240329053,839,12.0,66.3194958335035,0.5,219.40466514,1.0722086452684385,292.53955352,1.513324798607174,146.26977676,0.8478455886852492,2026-01-22 23:00:00
2026-01-22 12:00:00,conservative,575.9565082500001,571.6851236993613,3997.2878330000003,3277.77602306,1.78084967558112,1.0722086452684385,3996.5791919696876,839,11.0,28.714183966198593,0.5,239.83726998,0.6332146488942458,319.78302664000006,0.7459935329785178,159.89151332000003,0.4016414937083564,2026-01-22 23:00:00
2026-01-22 13:00:00,conservative,549.7970495,553.4059184513569,3994.692186,3275.6475925199998,0.5947665333861736,0.0,3994.097419466614,830,1.0,9.135847882033575,0.5,239.68153116,0.2737041363555573,319.57537488,0.21093673048093756,159.78768744,0.11012566654967865,2026-01-22 14:00:00
2026-01-22 14:00:00,conservative,522.0317797499999,537.4649447717624,3950.229584,3239.18825888,0.0,0.9069187852498031,3951.13650278525,-1,0.0,0.0,0.5,237.01377504,0.0,316.01836672,0.0,158.00918336,0.0,
2026-01-22 15:00:00,conservative,679.38071825,700.7291645926666,3848.020086,3155.3764705199997,5.786968964108405,0.0,3842.2331170358916,838,7.0,119.47474884479394,0.5,230.88120515999998,0.3900113771252047,307.84160688000003,3.7936995263229045,153.92080344000001,1.6032580606602955,2026-01-22 22:00:00
2026-01-22 16:00:00,conservative,755.618496,721.8792332448639,3879.698944,3181.35313408,3.138220960144817,0.0,3876.5607230398555,838,6.0,189.5051420071945,0.15,232.78193664,0.42947478212492024,310.37591552000004,1.9437604803071957,155.18795776000002,0.7649856977127013,2026-01-22 22:00:00
2026-01-22 17:00:00,conservative,721.6914755,675.6680503779313,3750.779121,3075.63887922,2.7710665393893796,0.0,3748.0080544606108,838,5.0,162.6349621868274,0.15,225.04674726,0.4034762567360441,300.06232968,1.731370951643663,150.03116484,0.6362193310096729,2026-01-22 22:00:00
2026-01-22 18:00:00,conservative,691.5735435,729.9038481569553,3633.876228,2979.77850696,2.421927660206657,0.0,3631.4543003397935,838,4.0,138.11805100964094,0.15,218.03257367999998,0.36821324964220387,290.71009824000004,1.529266110393211,145.35504912000002,0.524448300171242,2026-01-22 22:00:00
2026-01-22 19:00:00,conservative,624.5410467500001,634.5104671093878,3456.7033300000003,2834.4967306,1.4244399793435862,1.222962415986169,3456.501852436643,839,4.0,77.87835514288538,0.15,207.4021998,0.2610589762074777,276.53626640000004,0.8811552226193684,138.26813320000002,0.2822257805167402,2026-01-22 23:00:00
2026-01-22 20:00:00,conservative,620.2838495,597.8292534033034,3603.817399,2955.13026718,1.586663428476785,0.0,3602.2307355715234,839,3.0,75.44232489332877,0.15,216.22904394,0.3483688499837116,288.30539192000003,0.9532341357498186,144.15269596000002,0.28506044274325476,2026-01-22 23:00:00
2026-01-22 21:00:00,conservative,586.1327615,632.6673207656758,3350.41073,2747.3367986,2.531784968164452,0.0,3347.8789450318354,839,2.0,44.154356264946294,0.4,201.0246438,0.6577164004266408,268.0328584,1.4600559005102425,134.0164292,0.4140126672275687,2026-01-22 23:00:00
2026-01-22 22:00:00,conservative,538.481806,541.9520450287857,3212.015976,2633.85310032,0.0,34.25167870540238,3246.2676547054025,-1,0.0,0.0,0.4,192.72095856,0.0,256.96127808,0.0,128.48063904,0.0,
2026-01-22 23:00:00,conservative,504.79751624999994,540.1764317719147,3207.180083,2629.88766806,0.0,2.7247956778560156,3209.9048786778562,-1,0.0,0.0,0.4,192.43080498,0.0,256.57440664,0.0,128.28720332,0.0,
2026-01-23 00:00:00,conservative,649.7308625000001,651.7564169423033,3326.868859,2728.03246438,4.297022558492661,0.0,3322.5718364415075,843,3.0,60.92940944146395,0.6,199.61213154,0.787404059671007,266.14950872000003,2.6590667370500642,133.07475436000001,0.8505517617715903,2026-01-23 03:00:00
2026-01-23 01:00:00,conservative,621.21947275,683.0419104964596,3388.13798,2778.2731436,2.7584111411514876,0.0,3385.3795688588484,843,2.0,34.766822991864565,0.6,203.2882788,0.605489486566596,271.0510384,1.6583360818005457,135.5255192,0.49458557278434584,2026-01-23 03:00:00
2026-01-23 02:00:00,conservative,604.93793775,657.5981630232961,3398.975324,2787.15976568,1.7310510403189987,0.0,3397.244272959681,843,1.0,19.510020398375673,0.6,203.93851944,0.4510392285168673,271.91802592,1.0015197375563103,135.95901296,0.27849207424582095,2026-01-23 03:00:00
2026-01-23 03:00:00,conservative,592.5027132499999,585.0337887956277,3428.7171129999997,2811.5480326599995,0.11842619371284793,8.786484739963146,3437.38517154625,865,22.0,2.9933753509574372,0.6,205.72302677999997,0.03967521260064503,274.29736904,0.035644643061106145,137.14868452,0.04310633805109676,2026-01-24 01:00:00
2026-01-23 04:00:00,conservative,561.6200484999999,590.7671770286306,3493.777163,2864.89727366,0.0,0.03967521260064503,3493.816838212601,-1,0.0,0.0,0.6,209.62662978,0.0,279.50217304,0.0,139.75108652,0.0,
2026-01-23 05:00:00,conservative,575.0261855,594.3874639875544,3370.75065,2764.015533,0.0,0.0,3370.75065,-1,0.0,0.0,0.6,202.245039,0.0,269.660052,0.0,134.830026,0.0,
2026-01-23 06:00:00,conservative,600.4941135,641.5530602259705,3565.270293,2923.52164026,0.13072982128638339,0.0,3565.1395631787136,865,19.0,8.643485581719679,0.3,213.91621758,0.0,285.22162344000003,0.06601669415713159,142.61081172000002,0.06471312712925181,2026-01-24 01:00:00
2026-01-23 07:00:00,conservative,763.0295245,734.0818206825968,3731.755871,3060.0398142199997,3.381934612379446,0.0,3728.3739363876202,865,18.0,122.21520397589737,0.3,223.90535225999997,0.3957369133675643,298.54046968,2.0320696614606497,149.27023484,0.9541280375512323,2026-01-24 01:00:00
2026-01-23 08:00:00,conservative,892.833787,913.4153307999532,3593.037412,2946.2906778399997,7.491908325350853,0.0,3585.5455036746494,852,4.0,217.33673682463498,0.3,215.58224472,1.1446440752894194,287.44299296,4.726863024556587,143.72149648,1.6204012255048468,2026-01-23 12:00:00
2026-01-23 09:00:00,conservative,902.84171275,934.5944473554877,3542.4021860000003,2904.76979252,14.299971336375734,0.0,3528.1022146636246,852,3.0,231.15233967162953,0.5,212.54413116,2.6424805495186816,283.39217488,8.830020882070988,141.69608744,2.827469904786064,2026-01-23 12:00:00
2026-01-23 10:00:00,conservative,836.46453975,783.7023551573066,3510.5896970000003,2878.6835515400003,11.8452567182882,0.0,3498.7444402817123,865,15.0,184.17456745834338,0.5,210.63538182000002,2.579227480626117,280.84717576,7.022453054420003,140.42358788,2.243576183242078,2026-01-24 01:00:00
2026-01-23 11:00:00,conservative,747.8682777500001,712.3705223700268,3472.713021,2847.6246772199997,5.333531974132607,0.0,3467.3794890258673,865,14.0,120.9355261464984,0.5,208.36278126,1.7430470037410626,277.81704168,2.126036665986408,138.90852084,1.4644483044051368,2026-01-24 01:00:00
2026-01-23 12:00:00,conservative,718.572676,657.395710667197,3424.569187,2808.14673334,3.2913308370453196,35.56441377534198,3456.842269938297,865,13.0,100.79016564509115,0.5,205.47415121999998,0.21204258407831494,273.96553496,1.8743404161859072,136.98276748,1.2049478367810977,2026-01-24 01:00:00
2026-01-23 13:00:00,conservative,715.51054775,707.4283427166632,3354.04509,2750.3169737999997,3.1581975348281226,0.21204258407831494,3351.0989350492505,865,12.0,100.41750665703172,0.5,201.2427054,0.021030022687268158,268.3236072,1.9613748275314125,134.1618036,1.175792684609442,2026-01-24 01:00:00
2026-01-23 14:00:00,conservative,725.0516735,746.5779411738789,3390.3394850000004,2780.0783777,3.716042110543678,0.0,3386.623442889457,865,11.0,110.10300762174828,0.5,203.42036910000002,0.082827490603174,271.22715880000004,2.3307387282435488,135.61357940000002,1.3024758916969552,2026-01-24 01:00:00
2026-01-23 15:00:00,conservative,769.2284645,814.2991760628809,3566.287848,2924.3560353599996,5.86444138716337,0.0,3560.4234066128365,865,10.0,148.4961332806823,0.5,213.97727088,0.4734509185565602,285.30302784,3.5478216308997563,142.65151392,1.8431688377070534,2026-01-24 01:00:00
2026-01-23 16:00:00,conservative,828.846549,831.0693924125933,3590.4354479999997,2944.1570673599995,2.7436557973681794,0.0,3587.6917922026314,865,9.0,201.2931642059939,0.15,215.42612687999997,0.3885593800167901,287.23483583999996,1.603980896574231,143.61741791999998,0.7511155207771582,2026-01-24 01:00:00
2026-01-23 17:00:00,conservative,903.5698992499999,952.4283656171386,3535.9291510000003,2899.46190382,4.155083423345922,0.0,3531.7740675766545,865,8.0,269.034594667465,0.15,212.15574906,0.8400551415013225,282.87433208000004,2.3342273103187345,141.43716604000002,0.9808009715258648,2026-01-24 01:00:00
2026-01-23 18:00:00,conservative,860.942863,819.5398192535532,3597.1961699999997,2949.7008593999994,3.992854667501179,0.0,3593.2033153324987,865,7.0,237.41128897872204,0.15,215.83177019999997,0.8986104109986979,287.7756936,2.210208586941319,143.8878468,0.8840356695611622,2026-01-24 01:00:00
2026-01-23 19:00:00,conservative,761.554476,710.4530028193453,3401.332526,2789.09267132,2.2598516836144555,2.704533364363813,3401.777207680749,865,6.0,154.05772355091773,0.15,204.07995156,0.32456600383866124,272.10660208,1.388392614097177,136.05330104,0.5468930656786173,2026-01-24 01:00:00
2026-01-23 20:00:00,conservative,722.34431275,720.6778817831014,3492.8383400000002,2864.1274388,1.9786565587405622,0.0,3490.8596834412597,865,5.0,121.69107313221926,0.15,209.5703004,0.3247063016533302,279.4270672,1.2093297380828316,139.7135336,0.4446205190044003,2026-01-24 01:00:00
2026-01-23 21:00:00,conservative,700.38663825,711.9086017181793,3222.762634,2642.66535988,4.505861118314028,0.0,3218.256772881686,865,4.0,103.8799076191971,0.4,193.36575804,0.845501044573905,257.82101072,2.72554829593528,128.91050536,0.9348117778048429,2026-01-24 01:00:00
2026-01-23 22:00:00,conservative,663.77182475,662.7909823071772,3187.7878960000003,2613.98607472,3.2653409525265795,0.0,3184.522555047474,865,3.0,71.49588819685864,0.4,191.26727376000002,0.6356085902641804,255.02303168000003,1.9924051278699824,127.51151584000002,0.6373272343924163,2026-01-24 01:00:00
2026-01-23 23:00:00,conservative,682.6860489999999,620.6627859988037,2896.018279,2374.7349887799996,4.230195240229989,7.64319014390018,2899.43127390367,865,2.0,91.11278785399703,0.4,173.76109674,1.0220332300876682,231.68146232,2.470903284000295,115.84073116,0.7372587261420249,2026-01-24 01:00:00
2026-01-24 00:00:00,conservative,605.87149975,603.1978985646164,2959.4903339999996,2426.7820738799996,1.3643242095034531,5.205463451251605,2963.3314732417475,865,1.0,17.65986899671497,0.6,177.56942003999998,0.3554828637151901,236.75922672,0.7893491266494846,118.37961336,0.21949221913877837,2026-01-24 01:00:00
2026-01-24 01:00:00,conservative,626.98896275,587.8548777348544,2837.469425,2326.7249285,0.0,35.758275970714365,2873.227700970714,-1,0.0,0.0,0.6,170.24816549999997,0.0,226.99755399999998,0.0,113.49877699999999,0.0,
2026-01-24 02:00:00,conservative,673.83576175,693.9259382149011,2688.670912,2204.71014784,2.6574111297257237,0.0,2686.013500870274,868,2.0,42.21368036270841,0.6,161.32025472,0.5833702887966155,215.09367296000002,1.597562996965867,107.54683648000001,0.4764778439632412,2026-01-24 04:00:00
2026-01-24 03:00:00,conservative,636.2686982499999,647.2666456329054,2568.0043100000003,2105.7635342,0.4185590753393852,0.0,2567.5857509246607,868,1.0,6.2432674707656215,0.6,154.0802586,0.10905473350175814,205.44034480000002,0.24216751302846345,102.72017240000001,0.06733682880916361,2026-01-24 04:00:00
2026-01-24 04:00:00,conservative,658.0957020000001,629.8993084101794,2437.4655860000003,1998.72178052,0.792657782276652,3.0759702050651088,2439.7488984227884,869,1.0,12.45699943872614,0.6,146.24793516,0.2065281052162755,194.99724688000003,0.45860799595352625,97.49862344000002,0.12752168110685025,2026-01-24 05:00:00
2026-01-24 05:00:00,conservative,660.803062,645.3870544798991,2284.594149,1873.3672021799998,0.6667865950038702,0.792657782276652,2284.720020187273,870,1.0,11.17995459246244,0.6,137.07564894,0.1737315998112963,182.76753192,0.3857834498472167,91.38376596,0.10727154534535724,2026-01-24 06:00:00
2026-01-24 06:00:00,conservative,681.173663,649.3972573433315,2319.1354,1901.691028,0.10234168356436962,0.6667865950038702,2319.69984491144,892,22.0,11.502738880283806,0.3,139.148124,0.0,185.530832,0.04632311639000915,92.765416,0.056018567174360476,2026-01-25 04:00:00
2026-01-24 07:00:00,conservative,708.95686425,707.0764913318048,2422.762767,1986.66546894,0.28786441603447904,0.0,2422.4749025839656,892,21.0,29.98997364523757,0.3,145.36576602,0.0,193.82102136000003,0.13531638717088842,96.91051068000002,0.15254802886359062,2026-01-25 04:00:00
2026-01-24 08:00:00,conservative,781.36495425,810.0192238650371,2458.0535440000003,2015.6039060800001,0.8548547950872161,0.0,2457.198689204913,892,20.0,79.13240552239118,0.3,147.48321264,0.05856964568713181,196.64428352000004,0.3884621339369032,98.32214176000002,0.40782301546318106,2026-01-25 04:00:00
2026-01-24 09:00:00,conservative,827.50221425,797.9304328599336,2517.678727,2064.49655614,3.0865093448264216,0.0,2514.5922176551735,892,19.0,112.28247779428096,0.5,151.06072362,0.4451300918843841,201.41429816000002,1.6551312476160167,100.70714908000001,0.9862480053260209,2026-01-25 04:00:00
2026-01-24 10:00:00,conservative,878.60609875,893.7274942155353,2563.993171,2102.47440022,5.675272129311784,0.0,2558.317898870688,892,18.0,150.20470469316825,0.5,153.83959026,1.1499865761360848,205.11945368000002,3.1850600966036366,102.55972684000001,1.3402254565720617,2026-01-25 04:00:00
2026-01-24 11:00:00,conservative,823.7678995,807.8601709488267,2601.2233020000003,2133.00310764,3.7574105730191234,0.0,2597.465891426981,892,17.0,114.20683822640056,0.5,156.07339812,0.7837562195852947,208.09786416000003,1.9373304943528624,104.04893208000001,1.0363238590809662,2026-01-25 04:00:00
2026-01-24 12:00:00,conservative,793.296026,769.5098410321297,2641.791085,2166.2686897,2.628989560204958,2.3788728876057634,2641.5409683274006,892,16.0,94.38684779893646,0.5,158.5074651,0.5233303559729173,211.3432868,1.2349118870995002,105.6716434,0.8707473171325408,2026-01-25 04:00:00
2026-01-24 13:00:00,conservative,760.8449477500001,757.6340369513633,2667.507078,2187.35580396,1.7177052696774324,7.359421840232565,2673.1487945705553,892,15.0,72.25323855700829,0.5,160.05042468,0.13375623945590914,213.40056624000002,0.9102702603790009,106.70028312000001,0.6736787698425224,2026-01-25 04:00:00
2026-01-24 14:00:00,conservative,782.87732525,751.8200555774188,2610.737139,2140.80445398,2.0187435769531197,1.3686681265554093,2610.087063549602,892,14.0,90.36456349724762,0.5,156.64422833999998,0.0,208.85897111999998,1.1947466185167515,104.42948555999999,0.8239969584363683,2026-01-25 04:00:00
2026-01-24 15:00:00,conservative,870.1292525,853.5197733395845,2560.019298,2099.21582436,3.829615806501648,0.0,2556.1896821934984,892,13.0,159.46578564135478,0.5,153.60115788000002,0.19545760591236971,204.80154384000002,2.214535094198465,102.40077192000001,1.4196231063908133,2026-01-25 04:00:00
2026-01-24 16:00:00,conservative,954.9538915,919.0175547223346,2633.523177,2159.48900514,1.8714814361713932,0.0,2631.6516955638285,892,12.0,229.41263254204213,0.15,158.01139062,0.19350883607611208,210.68185416,1.05198646988965,105.34092708,0.6259861302056311,2026-01-25 04:00:00
2026-01-24 17:00:00,conservative,1030.666774,1089.6085279874917,2741.941206,2248.3917889199997,2.94626832020253,0.0,2738.9949376797977,892,11.0,294.80808659263147,0.15,164.51647236,0.41213322649654766,219.35529648,1.7037094879153278,109.67764824,0.8304256057906546,2026-01-25 04:00:00
2026-01-24 18:00:00,conservative,1026.6524385,1027.710345059152,2622.390744,2150.36041008,3.07091875908122,0.0,2619.319825240919,892,10.0,297.4769450655038,0.15,157.34344463999997,0.5218620260441871,209.79125951999998,1.7479616686823467,104.89562975999999,0.8010950643546864,2026-01-25 04:00:00
2026-01-24 19:00:00,conservative,951.1635345,930.1717692602224,2503.663525,2053.0040904999996,2.352451554608722,0.0,2501.3110734453912,892,9.0,240.43274517960734,0.15,150.2198115,0.4400299587715176,200.293082,1.2895234190901692,100.146541,0.6228981767470351,2026-01-25 04:00:00
2026-01-24 20:00:00,conservative,859.91593975,866.3353370720266,2485.780759,2038.3402223800001,1.6066447390216942,0.0,2484.1741142609785,892,8.0,167.53373769422856,0.15,149.14684554000002,0.212761489089273,198.86246072000003,0.9597140408455043,99.43123036000001,0.43416920908691686,2026-01-25 04:00:00
2026-01-24 21:00:00,conservative,811.9115135,808.5416720092751,2410.042966,1976.2352321199999,3.233214512448416,5.427424298987681,2412.2371757865394,892,7.0,129.18510039931084,0.4,144.60257796,0.3106280103287585,192.80343728,2.054523938688322,96.40171864,0.8680625634313354,2026-01-25 04:00:00
2026-01-24 22:00:00,conservative,797.3290625,790.6999745140033,2289.1366120000002,1877.0920218400001,3.001784668268912,0.0,2286.1348273317312,892,6.0,118.86133872954136,0.4,137.34819672,0.31684273614325603,183.13092896000003,1.9258254632950433,91.56546448000002,0.7591164688306129,2026-01-25 04:00:00
2026-01-24 23:00:00,conservative,770.29272525,788.7177262513028,2232.228213,1830.4271346599999,2.564483352775031,0.0,2229.663729647225,892,5.0,96.79900745881281,0.4,133.93369278,0.3196435885766615,178.57825703999998,1.641265478959511,89.28912851999999,0.6035742852388587,2026-01-25 04:00:00
2026-01-25 00:00:00,conservative,742.9389719999999,765.6642033014191,2781.765401,2281.0476288199998,3.958126214556558,0.0,2777.8072747854435,892,4.0,73.50378036263913,0.6,166.90592406,0.6003155772772001,222.54123208000001,2.5002176488954335,111.27061604000001,0.8575929883839245,2026-01-25 04:00:00
2026-01-25 01:00:00,conservative,756.49448675,740.5794523216841,2704.657903,2217.81948046,5.026717990111031,0.6274707464720145,2700.258655756361,892,3.0,87.75475824902499,0.6,162.27947418,0.9217442912369399,216.37263224,3.110072521311452,108.18631612,0.9949011775626384,2026-01-25 04:00:00
2026-01-25 02:00:00,conservative,745.086213,727.8116657806596,2851.544158,2338.26620956,5.239481717106898,0.0,2846.304676282893,892,2.0,78.5665730214207,0.6,171.09264948,1.1509702211761967,228.12353264,3.149039584768761,114.06176632,0.9394719111619395,2026-01-25 04:00:00
2026-01-25 03:00:00,conservative,736.2172377500001,727.9656868354508,2693.67686,2208.8150252,5.017577088487375,0.0,2688.6592829115125,892,1.0,71.46036530412296,0.6,161.6206116,1.3080634198025782,215.4941488,2.9021028905632655,107.7470744,0.807410778121531,2026-01-25 04:00:00
2026-01-25 04:00:00,conservative,732.37091225,663.3132773079324,2652.613167,2175.1427969399997,3.905594030236535,46.68659960816689,2695.3941725779305,893,1.0,56.45180476281869,0.6,159.15679002,1.0179545740218336,212.20905336,2.2592223018844564,106.10452668,0.628417154330245,2026-01-25 05:00:00
2026-01-25 05:00:00,conservative,720.23443725,674.7787053840435,2580.019414,2115.61591948,0.3887652812482481,3.905594030236535,2583.536242748988,917,24.0,20.873782997874237,0.6,154.80116483999998,0.0,206.40155312,0.16260041519334995,103.20077656,0.22616486605489816,2026-01-26 05:00:00
2026-01-25 06:00:00,conservative,726.20929475,767.2155227733358,2546.566396,2088.18444472,0.23738744035878312,0.0,2546.3290085596414,917,23.0,25.067291209843397,0.3,152.79398376,0.0,203.72531168,0.10335433888063776,101.86265584,0.13403310147814534,2026-01-26 05:00:00
2026-01-25 07:00:00,conservative,752.3120725,801.6611039050385,2572.035246,2109.0689017199998,0.4181241250082003,0.0,2571.617121874992,917,22.0,42.38482364556179,0.3,154.32211475999998,0.0,205.76281968,0.18929698024852265,102.88140984,0.22882714475967766,2026-01-26 05:00:00
2026-01-25 08:00:00,conservative,773.746947,766.2758658133087,2757.573341,2261.2101396199996,0.6260650667458374,0.0,2756.947275933254,917,21.0,57.324770003359696,0.3,165.45440046,0.0,220.60586727999998,0.2943809453484797,110.30293363999999,0.33168412139735765,2026-01-26 05:00:00
2026-01-25 09:00:00,conservative,802.85582475,820.152533641673,2919.720779,2394.17103878,1.6353317099286406,0.0,2918.0854472900714,917,20.0,77.99507144757897,0.5,175.18324674000002,0.059415426344499964,233.57766232000003,0.7801179624259151,116.78883116000002,0.7957983211582256,2026-01-26 05:00:00
2026-01-25 10:00:00,conservative,843.57836275,852.9158673863061,2956.2756830000003,2424.1460600600003,2.844042773116814,0.0,2953.4316402268837,917,19.0,107.41924862968632,0.5,177.37654098000002,0.28265631762975435,236.50205464000004,1.453184797702052,118.25102732000002,1.1082016577850078,2026-01-26 05:00:00
2026-01-25 11:00:00,conservative,861.1482625,953.5146867536571,2996.746479,2457.33211278,3.885042739175693,0.0,2992.861436260824,917,18.0,121.84736450368955,0.5,179.80478874,0.5056448178522879,239.73971832,2.106208599987689,119.86985916,1.2731893213357162,2026-01-26 05:00:00
2026-01-25 12:00:00,conservative,895.03702375,928.6242710930374,3013.444599,2471.02457118,5.916714415227186,0.0,3007.527884584773,917,17.0,148.42985907833017,0.5,180.80667594,0.99721777313395,241.07556792,3.3627417790320346,120.53778396,1.5567548630612011,2026-01-26 05:00:00
2026-01-25 13:00:00,conservative,867.160491,863.322963255577,3050.704381,2501.5775924199997,5.178979753491291,0.0,3045.525401246509,917,16.0,131.18582371832926,0.5,183.04226286,1.0129253143362003,244.05635048,2.771442206666572,122.02817524,1.3946122324885188,2026-01-26 05:00:00
2026-01-25 14:00:00,conservative,853.7730145,825.1068012819873,3045.1363149999997,2497.0117782999996,4.9795133475338345,0.0,3040.156801652466,917,15.0,123.918266629805,0.5,182.70817889999998,1.1382540954025178,243.6109052,2.525692756789824,121.8054526,1.3155664953414925,2026-01-26 05:00:00
2026-01-25 15:00:00,conservative,834.63471025,786.4413206422728,3038.671946,2491.7109957199996,3.063108764615083,16.215383884877383,3051.8242211202623,917,14.0,111.95716247833684,0.5,182.32031676,0.0,243.09375568,1.8761993137655735,121.54687784,1.1869094508495093,2026-01-26 05:00:00
2026-01-25 16:00:00,conservative,873.07933625,879.1832453260167,3125.374793,2562.8073302599996,1.3128160711047394,0.0,3124.061976928895,917,13.0,143.86163702891747,0.15,187.52248758,0.012858241358039084,250.02998344,0.8303330831652335,125.01499172,0.46962474658146697,2026-01-26 05:00:00
2026-01-25 17:00:00,conservative,976.4447755,953.7542531414709,3367.7286459999996,2761.5374897199995,2.64948924104949,0.0,3365.07915675895,917,12.0,228.07796926077665,0.15,202.06371875999997,0.25494199823375285,269.41829168,1.5985765133989347,134.70914584,0.7959707294168026,2026-01-26 05:00:00
2026-01-25 18:00:00,conservative,1024.41183625,981.7442249620699,3209.164615,2631.5149843,3.4180276055947174,0.0,3205.746587394405,917,11.0,271.1799178053088,0.15,192.54987690000002,0.517250916994251,256.7331692,2.0037744148452847,128.3665846,0.8970022737551817,2026-01-26 05:00:00
2026-01-25 19:00:00,conservative,987.74104,968.3438534727242,2994.9736719999996,2455.8784110399997,3.001508735976624,0.0,2991.972163264023,917,10.0,246.6346069035897,0.15,179.69842031999997,0.468907437743379,239.59789375999998,1.7688241416995767,119.79894687999999,0.7637771565336682,2026-01-26 05:00:00
2026-01-25 20:00:00,conservative,926.10638525,893.6599451415682,2885.108634,2365.78907988,2.437058442093872,1.2411003529713829,2883.9126759108776,917,9.0,200.13536535672114,0.15,173.10651804,0.3847503341135006,230.80869072000002,1.4521476521002843,115.40434536000001,0.600160455880087,2026-01-26 05:00:00
2026-01-25 21:00:00,conservative,851.588436,902.202685052177,2799.77475,2295.815295,4.448588543193039,0.0,2795.326161456807,917,8.0,140.67836030378442,0.4,167.986485,0.6582300535186492,223.98198000000002,2.693065351875344,111.99099000000001,1.0972931377990458,2026-01-26 05:00:00
2026-01-25 22:00:00,conservative,835.56830025,862.0174929584836,2691.174788,2206.76332616,4.143976244105267,0.012858241358039084,2687.0436699972524,917,7.0,129.5930147482183,0.4,161.47048728,0.6624851650040172,215.29398304,2.5091342176434246,107.64699152,0.9723568614578251,2026-01-26 05:00:00
2026-01-25 23:00:00,conservative,780.394027,780.1548477605015,2712.5106900000005,2224.2587658,2.688411768180889,3.709239967481452,2713.5315181993014,917,6.0,83.2757767777977,0.4,162.75064140000003,0.4561542248601195,217.00085520000005,1.6008925412373818,108.50042760000002,0.6313650020833879,2026-01-26 05:00:00
2026-01-26 00:00:00,conservative,776.09112425,820.4894484167007,2887.7166030000003,2367.9276144600003,4.572015573249021,0.0,2883.144587426751,917,5.0,81.06463164610834,0.6,173.26299618000002,0.921770838556957,231.01732824000004,2.6687052504012954,115.50866412000002,0.9815394842907692,2026-01-26 05:00:00
2026-01-26 01:00:00,conservative,755.0879217500001,757.4089709794287,2862.2682430000004,2347.05995926,3.80973002855169,0.0,2858.4585129714487,917,4.0,63.3138462799165,0.6,171.73609458,0.8327020082102651,228.98145944000004,2.2166766419376356,114.49072972000002,0.7603513784037891,2026-01-26 05:00:00
2026-01-26 02:00:00,conservative,737.27723175,711.4387057101521,2938.199975,2409.3239795,2.9794409727378257,15.71902530770163,2950.9395593349636,917,3.0,47.81939465635518,0.6,176.2919985,0.5458318574585173,235.05599800000002,1.843840888544669,117.52799900000001,0.5897682267346392,2026-01-26 05:00:00
2026-01-26 03:00:00,conservative,715.807305,761.5010273180898,2951.335887,2420.09542734,1.9462123281698485,0.0,2949.3896746718306,917,2.0,28.15733162690786,0.6,177.08015322,0.42717938652183146,236.10687096,1.170076224145451,118.05343548,0.3489567175025661,2026-01-26 05:00:00
2026-01-26 04:00:00,conservative,709.68371075,725.8510120605398,2940.44225,2411.162645,1.7441348660277876,0.0,2938.6981151339724,917,1.0,22.723808497630284,0.6,176.426535,0.4544552586524659,235.23538000000002,1.0090807886924367,117.61769000000001,0.280598818682885,2026-01-26 05:00:00
2026-01-26 05:00:00,conservative,717.6182355,686.5008508702062,3081.285212,2526.6538738399995,0.3515650708398014,31.42687808209454,3112.360525011254,965,48.0,22.160102673785044,0.6,184.87711271999999,0.0,246.50281696,0.06481830054032076,123.25140848,0.28674677029948065,2026-01-28 05:00:00
2026-01-26 06:00:00,conservative,769.55678425,763.8466239074917,3450.3146779999997,2829.2580359599997,0.5335348905591694,0.0,3449.7811431094406,965,47.0,42.89640931280151,0.3,207.01888067999997,0.0,276.02517424,0.2228679365245785,138.01258712,0.3106669540345909,2026-01-28 05:00:00
2026-01-26 07:00:00,conservative,1003.8963577499999,977.6278101484571,3712.427303,3044.1903884599997,3.0353929776827315,0.0,3709.391910022317,941,22.0,191.62519912730653,0.3,222.74563818,0.18345459484682178,296.99418424,1.371854073189792,148.49709212,1.4800843096461178,2026-01-27 05:00:00
2026-01-26 08:00:00,conservative,1030.55640025,989.0724083210699,3603.201978,2954.62562196,3.4292704794343702,0.18345459484682178,3599.9561621154126,941,21.0,213.01318107333134,0.3,216.19211868,0.17824881498929615,288.25615824,1.657618664059912,144.12807912,1.5934030003851622,2026-01-27 05:00:00
2026-01-26 09:00:00,conservative,1047.41492875,1075.2002551759492,3542.4752009999997,2904.82966482,6.635913790984802,0.0,3535.839287209015,941,20.0,228.61694237458772,0.5,212.54851205999998,0.6399678943066158,283.39801608,3.198614865726843,141.69900804,2.797331030951342,2026-01-27 05:00:00
2026-01-26 10:00:00,conservative,1156.68753825,1213.9700374641038,3804.7934840000003,3119.9306568800002,12.71038191043982,0.0,3792.0831020895603,941,19.0,307.9626316843555,0.5,228.28760904,3.2242060713571723,304.38347872,5.481568450016605,152.19173936,4.004607389066043,2026-01-27 05:00:00
2026-01-26 11:00:00,conservative,1045.473342,1003.5163147854257,3811.239502,3125.2163916399995,7.557909275687182,4.042422780653085,3807.724015504966,941,18.0,236.5923776759031,0.5,228.67437012,0.36329776201263336,304.89916016,4.082950990589389,152.44958008,3.1116605230851593,2026-01-27 05:00:00
2026-01-26 12:00:00,conservative,1061.00635075,1077.895427850717,3856.262322,3162.13510404,8.99673591644295,0.0,3847.265586083557,941,17.0,252.4277953965345,0.5,231.37573931999998,0.8288026189802862,308.50098576,4.815279764754155,154.25049288,3.352653532708507,2026-01-27 05:00:00
2026-01-26 13:00:00,conservative,1041.832793,1022.3135159263452,3589.424399,2943.32800718,7.895949236197236,1.1921003809929196,3582.7205501447957,941,16.0,243.60431462610507,0.5,215.36546393999998,0.3536067015702534,287.15395192,4.5274671976174705,143.57697596,3.014875337009512,2026-01-27 05:00:00
2026-01-26 14:00:00,conservative,1038.71496225,1024.1012007370591,3484.145584,2856.9993788799998,7.697529227110088,0.3536067015702534,3476.80166147446,941,15.0,246.2157023892501,0.5,209.04873504,0.0,278.73164672,4.74065520176218,139.36582336,2.9568740253479087,2026-01-27 05:00:00
2026-01-26 15:00:00,conservative,1175.6370697500001,1157.865252022834,3479.3219520000002,2853.04400064,13.17729774847938,0.0,3466.144654251521,941,14.0,354.6730922074949,0.5,208.75931712000002,0.7678720274242763,278.34575616,8.223865064228898,139.17287808,4.185560656826204,2026-01-27 05:00:00
2026-01-26 16:00:00,conservative,1238.79598825,1212.8762651596055,3527.415706,2892.4808789199997,5.123312633891846,0.0,3522.2923933661077,941,13.0,410.5367482085825,0.15,211.64494236,0.48073138863101084,282.19325648,3.184235422161379,141.09662824,1.4583458230994557,2026-01-27 05:00:00
2026-01-26 17:00:00,conservative,1334.47717775,1335.9328265883448,3729.2028649999997,3057.9463492999994,7.118725147855069,0.0,3722.0841398521447,941,12.0,494.0956300933114,0.15,223.75217189999998,0.8629561526917884,298.3362292,4.433219174667285,149.1681146,1.8225498204959953,2026-01-27 05:00:00
2026-01-26 18:00:00,conservative,1327.71882775,1302.7903242576688,3590.122832,2943.90072224,7.452108495493018,0.0,3582.670723504507,941,11.0,498.65332100435074,0.15,215.40736991999998,1.1020467956677193,287.20982656,4.581175854809228,143.60491328,1.7688858450160707,2026-01-27 05:00:00
2026-01-26 19:00:00,conservative,1263.98115475,1272.0948595233951,3315.000704,2718.3005772799997,6.759992736596137,0.0,3308.2407112634037,941,10.0,456.5427932827026,0.15,198.90004224,1.1789731281584848,265.20005632,4.071369821433459,132.60002816,1.5096497870041938,2026-01-27 05:00:00
2026-01-26 20:00:00,conservative,1082.4576172499999,1080.9504739665258,3163.1567659999996,2593.7885481199996,4.4426221911841814,0.0,3158.7141438088156,941,9.0,314.1443659428242,0.15,189.78940595999998,0.8187286551122357,253.05254127999999,2.606028660466098,126.52627063999999,1.0178648756058482,2026-01-27 05:00:00
2026-01-26 21:00:00,conservative,1004.7364650000001,997.5680235940077,3060.6478930000003,2509.73127226,9.373239776452806,0.7678720274242763,3052.0425252509717,941,8.0,254.2609059355902,0.4,183.63887358000002,1.94347255808028,244.85183144000004,5.286051237214589,122.42591572000002,2.143715981157937,2026-01-27 05:00:00
2026-01-26 22:00:00,conservative,899.1417915,871.914881638752,3015.9689399999997,2473.0945307999996,5.9124272795854935,4.443436120261239,3014.499948840675,941,7.0,167.59771793043288,0.4,180.95813639999997,1.177596034711933,241.27751519999998,3.3295758364775256,120.63875759999999,1.4052554083960351,2026-01-27 05:00:00
2026-01-26 23:00:00,conservative,828.47773575,811.17459583295,2952.0918930000003,2420.71535226,3.6926128010081896,65.3830230354895,3013.782303234482,941,6.0,108.31002123205829,0.4,177.12551358000002,0.5359267440279258,236.16735144000003,2.264081615222966,118.08367572000002,0.8926044417572979,2026-01-27 05:00:00
2026-01-27 00:00:00,conservative,859.6256105,882.2873472747726,3094.2448679999998,2537.28079176,8.284586687541687,0.0,3085.960281312458,941,5.0,138.68179136536972,0.6,185.65469208,1.611980409416241,247.53958944,4.879115921647802,123.76979472,1.7934903564776437,2026-01-27 05:00:00
2026-01-27 01:00:00,conservative,820.2708427499999,835.2983583787313,3175.940293,2604.27104026,6.878222395081016,0.0,3169.062070604919,941,4.0,105.15431996998652,0.6,190.55641758,1.4014278672207192,254.07522344,4.078091235224596,127.03761172,1.3987032926357008,2026-01-27 05:00:00
2026-01-27 02:00:00,conservative,783.36172625,754.0350689060434,3197.6794560000003,2622.09715392,4.913992353156583,3.549335020664886,3196.3147986675085,941,3.0,72.51888125735331,0.6,191.86076736,0.9006982312383084,255.81435648000004,3.0406522164840197,127.90717824000002,0.9726419054342544,2026-01-27 05:00:00
2026-01-27 03:00:00,conservative,758.53163475,761.5116039128767,3070.7200850000004,2517.9904697,3.7140203126289553,0.0,3067.0060646873712,965,26.0,58.732007925971736,0.6,184.2432051,0.7911049202345263,245.65760680000002,2.1661133724261004,122.82880340000001,0.7568020199683289,2026-01-28 05:00:00
2026-01-27 04:00:00,conservative,748.6556,771.1972137011537,3001.128552,2460.92541264,3.403554341176819,0.0,2997.724997658823,965,25.0,53.92835531627606,0.6,180.06771312,0.8460713041759195,240.09028416,1.87823421724461,120.04514208,0.6792488197562891,2026-01-28 05:00:00
2026-01-27 05:00:00,conservative,756.44068625,706.3585278163589,2956.675603,2424.47399446,1.2764735270421306,67.14218244954766,3022.541311922506,965,24.0,59.83506243438217,0.6,177.40053618,0.0,236.53404824,0.534117646867784,118.26702412,0.7423558801743467,2026-01-28 05:00:00
2026-01-27 06:00:00,conservative,846.78115925,863.081965021398,3103.537223,2544.90052286,1.470940079369046,0.0,3102.066282920631,965,23.0,118.07427400840129,0.3,186.21223338,0.0,248.28297784,0.7041258621849159,124.14148892,0.76681421718413,2026-01-28 05:00:00
2026-01-27 07:00:00,conservative,1139.3469870000001,1119.4682742316247,3419.906628,2804.3234349599998,5.6533900503345995,0.0,3414.2532379496656,960,17.0,309.0138041459157,0.3,205.19439768,0.8921722140288719,273.59253024000003,2.5944883094407487,136.79626512000002,2.166729526864979,2026-01-28 00:00:00
2026-01-27 08:00:00,conservative,1259.0542070000001,1276.172167057795,3565.927409,2924.06047538,8.840469714443465,0.0,3557.0869392855566,960,16.0,402.18157961019716,0.3,213.95564453999998,2.02722811378912,285.27419272,3.9199848817240013,142.63709636,2.8932567189303438,2026-01-28 00:00:00
2026-01-27 09:00:00,conservative,1180.6247267499998,1157.7269520537243,3518.7119270000003,2885.34378014,13.39286527160752,0.0,3505.3190617283926,960,15.0,352.2041984446034,0.5,211.12271562,3.370150695667913,281.49695416000003,5.8174419531409205,140.74847708000001,4.205272622798685,2026-01-28 00:00:00
2026-01-27 10:00:00,conservative,1113.06070725,1058.9142442300645,3539.4948560000003,2902.38578192,12.502078670225506,0.0,3526.9927773297745,965,19.0,310.00664099811974,0.5,212.36969136000002,3.2560338976480003,283.15958848,5.497111173455367,141.57979424,3.748933599122139,2026-01-28 05:00:00
2026-01-27 11:00:00,conservative,995.48176525,946.655492113505,3536.974276,2900.3189063199998,9.215452574702923,9.545584921133905,3537.304408346431,965,18.0,234.23714628559634,0.5,212.21845656,2.0684148063527013,282.95794208,4.287252623835123,141.47897104,2.8597851445150986,2026-01-28 05:00:00
2026-01-27 12:00:00,conservative,918.8444605,920.2870088998415,3482.380466,2855.55198212,6.9025320276001025,0.0,3475.4779339724,965,17.0,184.42089138704463,0.5,208.94282796,1.270736085125374,278.59043728,3.4033224062567444,139.29521864,2.2284735362179844,2026-01-28 05:00:00
2026-01-27 13:00:00,conservative,845.3249597500001,853.1166348016445,3495.900107,2866.6380877399997,4.644571538812264,3.3391508914780754,3494.5946863526656,965,16.0,134.76032584624082,0.5,209.75400642,0.5487845336049046,279.67200856,2.4545065279546803,139.83600428,1.6412804772526794,2026-01-28 05:00:00
2026-01-27 14:00:00,conservative,918.508427,891.3789282468678,3494.277433,2865.30749506,6.506223637075024,0.0,3487.771209362925,965,15.0,191.69831100224084,0.5,209.65664598,0.10536642987452458,279.54219464000005,4.078135219802367,139.77109732000002,2.3227219873981326,2026-01-28 05:00:00
2026-01-27 15:00:00,conservative,815.659536,834.8173097633212,3467.545454,2843.3872722799997,4.143473929307187,0.0,3463.401980070693,965,14.0,117.83935412079981,0.5,208.05272724,0.4204097422093468,277.40363632000003,2.297964345504573,138.70181816000002,1.4250998415932672,2026-01-28 05:00:00
2026-01-27 16:00:00,conservative,843.682084,793.8364821319312,3568.323196,2926.0250207199997,1.5463657112353926,0.9691942758142514,3567.7460245645784,965,13.0,141.82669705558394,0.15,214.09939175999997,0.04540507236190366,285.46585568,0.9722841327432803,142.73292784,0.5286765061302084,2026-01-28 05:00:00
2026-01-27 17:00:00,conservative,953.47595275,951.4935587905806,3750.358009,3075.29356738,3.2347151155024982,0.0,3747.1232938844973,965,12.0,231.05870252070991,0.15,225.02148054,0.3432769152449078,300.02864072,1.9937555125529658,150.01432036,0.8976826877046249,2026-01-28 05:00:00
2026-01-27 18:00:00,conservative,1049.454532,1013.1240460071263,3641.610983,2986.1210060599997,4.844073592115781,0.0,3636.766909407884,965,11.0,312.7510119863282,0.15,218.49665898,0.7676609948603594,291.32887864,2.9095333122995335,145.66443932,1.1668792849558878,2026-01-28 05:00:00
2026-01-27 19:00:00,conservative,1020.1998485,1000.6447652659352,3390.462587,2780.1793213399997,4.581550037939801,0.0,3385.88103696206,965,10.0,295.117292470163,0.15,203.42775522,0.8416873506764224,271.23700696000003,2.711995008548365,135.61850348000002,1.0278676787150136,2026-01-28 05:00:00
2026-01-27 20:00:00,conservative,892.7635292499999,894.1854893894923,3313.239377,2716.8562891399997,2.834721770046937,0.10536642987452458,3310.5100216598275,965,9.0,194.6352959217064,0.15,198.79436262,0.42069900378015984,265.05915016,1.7433770940992432,132.52957508,0.6706456721675341,2026-01-28 05:00:00
2026-01-27 21:00:00,conservative,844.1488005,818.3363995414815,3185.547514,2612.14896148,6.103524060664673,5.918015214867594,3185.3620051542025,965,8.0,157.1404505592395,0.4,191.13285083999997,1.0786169254716758,254.84380112,3.632054257463852,127.42190056,1.3928528777291447,2026-01-28 05:00:00
2026-01-27 22:00:00,conservative,834.8701945,823.3335281731053,3034.395409,2488.2042353800002,6.111464947949473,0.0,3028.2839440520506,965,7.0,152.24846569382356,0.4,182.06372454,1.293476859579274,242.75163272000003,3.5320365843603563,121.37581636000002,1.2859515040098428,2026-01-28 05:00:00
2026-01-27 23:00:00,conservative,790.400028,820.5888122764333,2961.381863,2428.3331276599997,4.561724421378717,0.0,2956.8201385786215,965,6.0,115.88258922479163,0.4,177.68291177999998,1.1200232407232629,236.91054904,2.484097496337299,118.45527452,0.9576036843181551,2026-01-28 05:00:00
2026-01-28 00:00:00,conservative,722.5055435,705.1987874143056,3153.883002,2586.18406164,3.26588251586963,64.29155671812872,3214.908676202259,965,5.0,56.79010275904006,0.6,189.23298012,0.4709194930641283,252.31064016000002,2.0433223516532943,126.15532008000001,0.7516406711522075,2026-01-28 05:00:00
2026-01-28 01:00:00,conservative,726.22017125,751.2909346119543,3238.109786,2655.25002452,3.9972915444480357,0.0,3234.1124944555518,965,4.0,61.366372531796216,0.6,194.28658715999998,0.732753947493828,259.04878288,2.4307523543174083,129.52439144,0.8337852426367993,2026-01-28 05:00:00
2026-01-28 02:00:00,conservative,726.1641755,692.2729698602715,3181.735512,2609.02311984,4.218898988771179,1.2036734405579563,3178.7202864517867,965,3.0,62.553320678138185,0.6,190.90413072,0.773114885386747,254.53884096000002,2.6106997483118684,127.26942048000001,0.8350843550725637,2026-01-28 05:00:00
2026-01-28 03:00:00,conservative,729.3001624999999,745.1942878374584,3056.428532,2506.27139624,4.7791359430535785,0.0,3051.6493960569464,965,2.0,66.83000476987881,0.6,183.38571191999998,1.0495725176972241,244.51428256,2.872643180949953,122.25714128,0.8569202444064018,2026-01-28 05:00:00
2026-01-28 04:00:00,conservative,725.88417625,769.131234869737,2945.3626289999997,2415.1973557799997,4.978840119001331,0.0,2940.3837888809985,965,1.0,64.83171522994078,0.6,176.72175774,1.2978334706462658,235.62901032,2.87986360646224,117.81450516,0.8011430418928259,2026-01-28 05:00:00
2026-01-28 05:00:00,conservative,733.8921085000001,659.7427734961814,3087.573337,2531.8101363399996,0.8322243381558065,46.26758246070045,3133.0086951225444,1012,47.0,38.52868108602311,0.6,185.25440021999998,0.0,247.00586696,0.3327809967102988,123.50293348,0.4994433414455078,2026-01-30 04:00:00
2026-01-28 06:00:00,conservative,814.102046,790.1951883358856,3202.399703,2625.9677564599997,1.069393343186238,0.0,3201.330309656814,987,21.0,84.36334747177338,0.3,192.14398218,0.0,256.19197624000003,0.5030747756875802,128.09598812000002,0.5663185674986577,2026-01-29 03:00:00
2026-01-28 07:00:00,conservative,1033.32143875,1050.6336025654161,3525.480479,2890.8939927799997,3.3402024288154877,0.0,3522.140276571184,987,20.0,233.01475357993093,0.3,211.52882874,0.0,282.03843832,1.6385893582403306,141.01921916,1.7016130705751569,2026-01-29 03:00:00
2026-01-28 08:00:00,conservative,1276.93793575,1270.8465741687103,3587.704706,2941.9178589199996,7.147703087778299,0.0,3580.557002912222,987,19.0,404.32188479404743,0.3,215.26228236,0.7084703127524328,287.01637648,3.5140333713793166,143.50818824,2.92519940364655,2026-01-29 03:00:00
2026-01-28 09:00:00,conservative,1288.43650725,1299.5708834511393,3559.101155,2918.4629471,13.250038811016974,0.0,3545.851116188983,987,18.0,420.5120097882159,0.5,213.54606929999997,1.70325524101826,284.7280924,6.53278515541784,142.3640462,5.0139984145808745,2026-01-29 03:00:00
2026-01-28 10:00:00,conservative,1277.6658992500002,1259.5463436485256,3570.887205,2928.1275081,14.159586556122305,0.0,3556.727618443878,987,17.0,421.3407167507727,0.5,214.25323229999998,2.146981763203896,285.67097640000003,6.97293218492307,142.83548820000001,5.039672607995339,2026-01-29 03:00:00
2026-01-28 11:00:00,conservative,1212.7811845,1215.3788781241872,3581.637993,2936.9431542599996,13.401367736031652,0.0,3568.236625263968,987,16.0,382.73639070045846,0.5,214.89827957999998,2.1956217367816193,286.53103944,6.5795350236451835,143.26551972,4.626210975604848,2026-01-29 03:00:00
2026-01-28 12:00:00,conservative,1135.9498612500001,1131.2795441882377,3595.665269,2948.44552058,11.903839667590972,3.850237004222156,3587.611666336631,987,15.0,333.5501344869248,0.5,215.73991614,1.8420574426397107,287.65322152,5.979371503746871,143.82661076,4.08241072120439,2026-01-29 03:00:00
2026-01-28 13:00:00,conservative,1060.35051025,1095.3839720997944,3579.6588070000003,2935.32022174,9.624781833422825,0.0,3570.0340251665775,987,14.0,283.1515338192606,0.5,214.77952842000002,0.9752788806732885,286.37270456000005,5.172800704405264,143.18635228000002,3.4767022483442718,2026-01-29 03:00:00
2026-01-28 14:00:00,conservative,1003.6603849999999,1011.2930102990363,3544.531485,2906.5158177,7.772778087905191,5.7214283728470505,3542.4801352849418,987,13.0,245.16056325962546,0.5,212.6718891,0.07436405645049256,283.5625188,4.702795695025056,141.7812594,2.995618336429643,2026-01-29 03:00:00
2026-01-28 15:00:00,conservative,1023.1295055,1033.2575853622561,3510.5921459999995,2878.685559719999,9.206229659738591,0.0,3501.385916340261,987,12.0,265.4280877749463,0.5,210.63552875999997,0.6015069623123743,280.84737168,5.400789026395337,140.42368584,3.20393367103088,2026-01-29 03:00:00
2026-01-28 16:00:00,conservative,1093.70756425,1081.3512552663258,3589.778072,2943.61801904,3.8386197980610945,0.0,3585.939452201939,987,11.0,327.4303096993146,0.15,215.38668432,0.37604785384147,287.18224576,2.2610948576136773,143.59112288,1.2014770866059474,2026-01-29 03:00:00
2026-01-28 17:00:00,conservative,1209.8691865,1195.2409997778252,3718.747077,3049.3726031399997,5.8598120030513545,0.0,3712.8872649969485,987,10.0,429.1499331841191,0.15,223.12482462,0.8163677138206837,297.49976616,3.4423072205109904,148.74988308,1.6011370687196798,2026-01-29 03:00:00
2026-01-28 18:00:00,conservative,1269.73266675,1256.7559211154112,3667.42965,3007.292313,7.264040755282793,0.0,3660.1656092447174,987,9.0,487.8215187110629,0.15,220.04577899999998,1.2806452050728132,293.39437200000003,4.211233630083959,146.69718600000002,1.7721619201260215,2026-01-29 03:00:00
2026-01-28 19:00:00,conservative,1148.51243625,1160.346000521349,3456.303903,2834.16920046,5.784854865361208,0.0,3450.519048134639,987,8.0,394.37910056528614,0.15,207.37823418,1.1173015036678744,276.50431224,3.290534672984,138.25215612,1.3770186887093332,2026-01-29 03:00:00
2026-01-28 20:00:00,conservative,999.3670435,986.7375090753922,3351.3245890000003,2748.08616298,3.820733259185277,0.07436405645049256,3347.578219797266,987,7.0,272.68531141624976,0.15,201.07947534000002,0.6379058347248592,268.10596712,2.2410812624209018,134.05298356,0.9417461620395159,2026-01-29 03:00:00
2026-01-28 21:00:00,conservative,876.205512,884.8987577068924,3249.553834,2664.6341438799996,6.236612323082012,26.06075941524426,3269.377981092162,987,6.0,168.9594408077372,0.4,194.97323003999998,0.8344609328569409,259.96430671999997,3.8759346484335544,129.98215335999998,1.5262167417915173,2026-01-29 03:00:00
2026-01-28 22:00:00,conservative,830.82724125,893.0892652093632,3210.213292,2632.37489944,5.0053437551185,0.0,3205.207948244881,987,5.0,131.31269058185816,0.4,192.61279752,0.6335339729853968,256.81706336,3.1966596734920665,128.40853168,1.1751501086410368,2026-01-29 03:00:00
2026-01-28 23:00:00,conservative,789.480942,815.6146831029508,3072.969783,2519.83522206,3.796072871144561,0.0,3069.1737101288554,987,4.0,95.79793819386194,0.4,184.37818697999998,0.5761220271727987,245.83758264,2.397600303141235,122.91879132,0.8223505408305276,2026-01-29 03:00:00
2026-01-29 00:00:00,conservative,780.6539495,770.8732435349647,3257.684457,2671.30125474,6.169024710674027,28.193638888748325,3279.7090711780743,987,3.0,89.42023644246406,0.6,195.46106741999998,1.1312649057363084,260.61475656,3.816778132685479,130.30737828,1.2209816722522393,2026-01-29 03:00:00
2026-01-29 01:00:00,conservative,776.5472,812.5836176649183,3311.184742,2715.17148844,6.756310832242993,0.0,3304.428431167757,987,2.0,87.2809234952671,0.6,198.67108452,1.4845017966942449,264.89477936,4.06034969822857,132.44738968,1.2114593373201787,2026-01-29 03:00:00
2026-01-29 02:00:00,conservative,760.7175895,748.4753283093535,3273.770908,2684.49214456,6.288510579697336,0.0,3267.4823974203027,1012,26.0,74.587471065302,0.6,196.42625447999998,1.6356639171524208,261.90167264,3.6287346521230366,130.95083632,1.0241120104218786,2026-01-30 04:00:00
2026-01-29 03:00:00,conservative,746.8480105,685.7042744446644,3238.534621,2655.5983892199997,2.549844188475577,87.10409821328581,3323.08887502481,1012,25.0,67.68191302922145,0.6,194.31207725999997,0.50624552123149,259.08276968,1.1240744851382183,129.54138484,0.9195241821058687,2026-01-30 04:00:00
2026-01-29 04:00:00,conservative,753.6427965,723.400207172478,3195.04002,2619.9328164,3.060387063120113,1.6303200063697083,3193.6099529432495,1012,24.0,73.25367909566297,0.6,191.7024012,0.6455124464359788,255.6032016,1.4332151729686249,127.8016008,0.9816594437155092,2026-01-30 04:00:00
2026-01-29 05:00:00,conservative,779.459263,723.3355053692243,3085.411892,2530.0377514399997,2.086532416241174,2.078727619404604,3085.4040872031637,1012,23.0,91.0310146615127,0.6,185.12471352,0.0,246.83295136,0.9093745064632139,123.41647568,1.1771579097779599,2026-01-30 04:00:00
2026-01-29 06:00:00,conservative,833.48154825,822.9361437287607,3298.5972319999996,2704.8497302399996,1.611678510414269,0.0,3296.9855534895855,1012,22.0,127.6622823928131,0.3,197.91583391999998,0.0,263.88777855999996,0.7310148619286707,131.94388927999998,0.8806636484855984,2026-01-30 04:00:00
2026-01-29 07:00:00,conservative,999.5618509999999,1000.1144023756865,3502.334609,2871.91437938,3.9139082780151924,0.0,3498.4207007219848,1012,21.0,239.36376632383133,0.3,210.14007654,0.32834564393829135,280.18676872000003,1.850363898442361,140.09338436000002,1.7351987356345402,2026-01-30 04:00:00
2026-01-29 08:00:00,conservative,1174.45297925,1224.7460986182584,3638.431717,2983.51400794,7.416755784632755,0.0,3631.0149612153673,1012,20.0,361.4322642971889,0.3,218.30590302,1.3201025559592212,291.07453736,3.423583414655408,145.53726868,2.6730698140181253,2026-01-30 04:00:00
2026-01-29 09:00:00,conservative,1182.0691172499999,1191.8769384629247,3647.650551,2991.07345182,14.022769056963647,0.0,3633.6277819430366,1012,19.0,373.9420632303324,0.5,218.85903306,3.055828945725992,291.81204408,6.356280813146594,145.90602204,4.6106592980910595,2026-01-30 04:00:00
2026-01-29 10:00:00,conservative,1102.84633775,1096.273321885734,3666.8066639999997,3006.7814644799996,12.823630068895994,0.0,3653.983033931104,1012,18.0,326.2243362572596,0.5,220.00839983999998,2.95680209641441,293.34453312,5.790245110560364,146.67226656,4.076582861921221,2026-01-30 04:00:00
2026-01-29 11:00:00,conservative,1033.498444,1058.3806114355048,3700.5980329999998,3034.4903870599996,11.43823907365956,0.0,3689.15979392634,1012,17.0,283.45473228165065,0.5,222.03588197999997,2.61007683715884,296.04784264,5.230303871364179,148.02392132,3.5978583651365397,2026-01-30 04:00:00
2026-01-29 12:00:00,conservative,972.5133715,906.1793122297634,3711.9771459999997,3043.8212597199995,8.272046503200666,10.271156079196754,3713.9762555759958,1012,16.0,244.896646038921,0.5,222.71862875999997,0.5231433925760222,296.95817167999996,4.615045965105174,148.47908583999998,3.133857145519471,2026-01-30 04:00:00
2026-01-29 13:00:00,conservative,959.147805,966.2162417432569,3844.989094,3152.89105708,8.650648625751378,0.0,3836.3384453742487,1012,15.0,239.94243126403214,0.5,230.69934564,0.5199761664651463,307.59912752,4.9482782733291915,153.79956376,3.1823941859570404,2026-01-30 04:00:00
2026-01-29 14:00:00,conservative,965.1025705,988.228526316609,3814.160747,3127.61181254,8.878001027236902,0.0,3805.282745972763,1012,14.0,249.29010485392482,0.5,228.84964481999998,0.10060225233066747,305.13285976,5.501280286727254,152.56642988,3.2761184881789807,2026-01-30 04:00:00
2026-01-29 15:00:00,conservative,970.6466585,926.2890711266047,3605.327772,2956.3687730399997,9.628636181010485,1.0431195590411684,3596.742255378031,1012,13.0,258.60087687161905,0.5,216.31966632,0.6066172568047068,288.42622176000003,5.813400866802607,144.21311088000002,3.208618057403171,2026-01-30 04:00:00
2026-01-29 16:00:00,conservative,1063.96297475,1098.275596046208,3644.9079100000004,2988.8244862,4.3113934276466415,0.0,3640.5965165723537,1012,12.0,337.2301753708675,0.15,218.6944746,0.4187877596475748,291.59263280000005,2.638172360311578,145.79631640000002,1.2544333076874892,2026-01-30 04:00:00
2026-01-29 17:00:00,conservative,972.5506702499999,982.7055624748324,3860.106936,3165.28768752,3.6834944094205646,0.0,3856.4234415905794,1012,11.0,270.68258408449674,0.15,231.60641616,0.3598660432505706,308.80855488000003,2.246586023063949,154.40427744000002,1.0770423431060452,2026-01-30 04:00:00
2026-01-29 18:00:00,conservative,1030.4184,1017.9597625829759,3673.567818,3012.32561076,4.734285721012062,0.0,3668.833532278988,1012,10.0,323.52882496203927,0.15,220.41406908,0.6556433968623587,293.88542544,2.863012788134462,146.94271272,1.2156295360152414,2026-01-30 04:00:00
2026-01-29 19:00:00,conservative,947.611588,966.5950439831885,3648.829588,2992.0402621599997,3.819592879662759,0.0,3645.0099951203374,1012,9.0,260.8984773980207,0.15,218.92977528,0.5526678745907726,291.90636704,2.284361828874742,145.95318352,0.9825631761972446,2026-01-30 04:00:00
2026-01-29 20:00:00,conservative,875.70630775,943.8270934841319,3398.5734580000003,2786.83023556,2.7968876859322687,0.10060225233066747,3395.8771725663987,1012,8.0,204.8953382934887,0.15,203.91440748000002,0.4717597857494715,271.88587664000005,1.6016929043781907,135.94293832000002,0.7234349958046066,2026-01-30 04:00:00
2026-01-29 21:00:00,conservative,829.4494705,834.9054581517548,3349.33788,2746.4570616,6.460375918734023,2.0409144565652113,3344.9184185378313,1012,7.0,168.82073628546289,0.4,200.96027279999998,1.164215633783194,267.9470304,3.72435079970722,133.9735152,1.571809485243609,2026-01-30 04:00:00
2026-01-29 22:00:00,conservative,795.9048825,803.3515000890101,3281.966239,2691.21231598,5.659890919178753,0.0,3276.306348080821,1012,6.0,142.47976074427567,0.4,196.91797433999997,1.0512914512382994,262.55729912,3.3060224044003452,131.27864956,1.302577063540109,2026-01-30 04:00:00
2026-01-29 23:00:00,conservative,737.55183875,723.7710117637927,3178.352153,2606.2487654599995,3.505947045981456,56.8008502458796,3231.647056199898,1012,5.0,92.55802539671222,0.4,190.70112917999998,0.4491325814839311,254.26817223999998,2.2349010852546156,127.13408611999999,0.8219133792429095,2026-01-30 04:00:00
2026-01-30 00:00:00,conservative,736.808356,711.3130249160563,3377.483891,2769.53679062,6.148920150684711,0.0,3371.334970849315,1012,4.0,93.74150046017482,0.6,202.64903345999997,0.9538368415660602,270.19871128,3.8682937679976823,135.09935564,1.3267895411209696,2026-01-30 04:00:00
2026-01-30 01:00:00,conservative,713.2673775000001,738.1774519963275,3299.157531,2705.3091754199995,5.135927390959175,0.0,3294.0216036090405,1012,3.0,73.46514574841984,0.6,197.94945185999998,0.9413994924120329,263.93260248,3.177960751156062,131.96630124,1.0165671473910798,2026-01-30 04:00:00
2026-01-30 02:00:00,conservative,705.2959335,679.6134187227341,3368.404543,2762.0917252599997,5.303148093247276,1.4029694230499912,3364.5043643298027,1012,2.0,67.29036092780467,0.6,202.10427257999999,1.1646646688776066,269.47236344000004,3.187605126546855,134.73618172000002,0.9508782978228147,2026-01-30 04:00:00
2026-01-30 03:00:00,conservative,670.6845344999999,672.8315216165817,3423.3224419999997,2807.1244024399994,3.1763042586131354,0.0,3420.1461377413866,1036,25.0,39.883551701143254,0.6,205.39934651999997,0.8083766906321392,273.86579536,1.7947163675702074,136.93289768,0.573211200410789,2026-01-31 04:00:00
2026-01-30 04:00:00,conservative,649.5891242499999,635.2594008470464,3382.3405940000002,2773.51928708,0.6747301548920837,74.67092918830943,3456.3367930334175,1036,24.0,27.63576338449572,0.6,202.94043564,0.0,270.58724752,0.28221768692541715,135.29362376,0.3925124679666665,2026-01-31 04:00:00
2026-01-30 05:00:00,conservative,635.94245425,650.3118490223917,3370.0993399999998,2763.4814587999995,0.49076928926235974,0.0,3369.6085707107372,1036,23.0,19.579123250894906,0.6,202.20596039999998,0.0,269.6079472,0.21366531894091942,134.8039736,0.27710397032144035,2026-01-31 04:00:00
2026-01-30 06:00:00,conservative,689.96909875,699.9789619086084,3449.668372,2828.72806504,0.7472678407417219,0.0,3448.9211041592584,1036,22.0,54.769774544023164,0.3,206.98010232,0.0,275.97346976,0.3508024367336134,137.98673488,0.3964654040081086,2026-01-31 04:00:00
2026-01-30 07:00:00,conservative,820.667271,851.7934693277371,3681.057732,3018.46734024,2.522985798303093,0.0,3678.534746201697,1036,21.0,141.75101581527878,0.3,220.86346392000002,0.17764799201734222,294.48461856,1.2551558111771568,147.24230928,1.0901819951085943,2026-01-31 04:00:00
2026-01-30 08:00:00,conservative,948.32245375,933.0219617843576,3841.680839,3150.17828798,5.403075430881136,0.0,3836.277763569119,1034,18.0,233.23936844029478,0.3,230.50085034,1.0894588867885289,307.33446712,2.457647060717623,153.66723356,1.8559694833749842,2026-01-31 02:00:00
2026-01-30 09:00:00,conservative,931.7821925000001,923.6859444411989,3921.718538,3215.8092011599997,9.62537273032807,0.0,3912.093165269672,1034,17.0,226.17824914129258,0.5,235.30311228,2.2341045736682954,313.73748304000003,4.326648479209837,156.86874152000001,3.064619677449939,2026-01-31 02:00:00
2026-01-30 10:00:00,conservative,907.81181425,878.4489027765308,3752.1737160000002,3076.78244712,9.308662134333987,0.0,3742.865053865666,1034,16.0,213.34128577432247,0.5,225.13042296,2.3854543621940207,300.17389728,4.153576951238644,150.08694864,2.7696308209013236,2026-01-31 02:00:00
2026-01-30 11:00:00,conservative,806.4418555,793.1130576977166,3798.609246,3114.85958172,5.924595904288104,5.709017822650845,3798.3936679183626,1036,17.0,143.43181368061275,0.5,227.91655476,1.1825492792722982,303.88873968,2.8450510695768827,151.94436984,1.8969955554389228,2026-01-31 04:00:00
2026-01-30 12:00:00,conservative,761.2827485,772.6017632913456,3896.818682,3195.39131924,4.770277024478622,0.17764799201734222,3892.2260529675386,1036,16.0,113.53708645627137,0.5,233.80912092,0.9138520719796183,311.74549456,2.312982203986488,155.87274728,1.5434427485125162,2026-01-31 04:00:00
2026-01-30 13:00:00,conservative,752.13518175,774.8448402493606,3970.155879,3255.5278207799997,4.944978968014173,0.0,3965.2109000319856,1036,15.0,109.05400362211942,0.5,238.20935273999999,1.054971159047755,317.61247032,2.3792255789961265,158.80623516,1.510782229970291,2026-01-31 04:00:00
2026-01-30 14:00:00,conservative,731.95454975,704.2895900246712,3758.803253,3082.21866746,3.9945193978857194,3.1513725102996717,3757.960106112414,1036,14.0,96.00484707266773,0.5,225.52819517999998,0.7034312113500177,300.70426024,2.031029091175754,150.35213012,1.2600590953599478,2026-01-31 04:00:00
2026-01-30 15:00:00,conservative,733.9147350000001,760.0029126031699,3682.221293,3019.42146026,4.437700494342547,0.0,3677.7835925056575,1036,13.0,99.45567757808072,0.5,220.93327758,0.9463142720861135,294.57770344,2.2128497525906714,147.28885172,1.278536469665762,2026-01-31 04:00:00
2026-01-30 16:00:00,conservative,768.33946925,809.0086050141485,3600.2169,2952.1778579999996,1.944099048321868,0.0,3598.272800951678,1036,12.0,128.5442706092889,0.15,216.013014,0.48761417373004645,288.017352,0.9725970768001186,144.008676,0.4838877977917029,2026-01-31 04:00:00
2026-01-30 17:00:00,conservative,799.0678035,811.470850596711,3772.5027379999997,3093.4522451599996,2.2184440731657746,0.0,3770.284293926834,1036,11.0,155.8011029940577,0.15,226.35016427999997,0.21912286239883155,301.80021904,1.3859680946135646,150.90010952,0.6133531161533785,2026-01-31 04:00:00
2026-01-30 18:00:00,conservative,786.76526775,843.069142126742,3659.6765809999997,3000.9347964199997,2.1883712500185233,0.0,3657.4882097499813,1036,10.0,148.876029692818,0.15,219.58059485999996,0.2643080451284346,292.77412648,1.3551973100923913,146.38706324,0.5688658947976974,2026-01-31 04:00:00
2026-01-30 19:00:00,conservative,643.31650825,620.1028322768927,3564.067257,2922.53515074,0.36754232264667286,2.137359657166178,3565.8370743345195,1036,9.0,32.06504931622626,0.15,213.84403542,0.0011021411365799774,285.12538056,0.24647556621950742,142.56269028,0.1199646152905855,2026-01-31 04:00:00
2026-01-30 20:00:00,conservative,654.76029125,617.4206501506575,3587.720174,2941.9305426799997,0.5666252909529874,0.0,3587.153548709047,1036,8.0,42.4645548861652,0.15,215.26321044,0.05436967377397399,287.01761392000003,0.35236070702299666,143.50880696000002,0.15989491015601678,2026-01-31 04:00:00
2026-01-30 21:00:00,conservative,641.67368575,588.3120782828717,3680.954284,3018.38251288,1.2433633354255076,0.0,3679.7109206645746,1036,7.0,31.94544753366514,0.4,220.85725703999998,0.1363069059460881,294.47634272,0.7778909044245208,147.23817136,0.32916552505489877,2026-01-31 04:00:00
2026-01-30 22:00:00,conservative,598.68011725,643.5614465946754,3550.805807,2911.66076174,0.261569734459081,0.0,3550.544237265541,1051,21.0,13.943641718872804,0.4,213.04834842,0.0,284.06446456000003,0.12294535362139426,142.03223228000002,0.13862438083768672,2026-01-31 19:00:00
2026-01-30 23:00:00,conservative,623.22922625,642.8601959406218,3163.6366510000003,2594.18205382,0.6228898847404722,23.92858268507268,3186.9423438003328,1036,5.0,16.559928868387512,0.4,189.81819906,0.07751426383845128,253.09093208000002,0.3986950122251451,126.54546604000001,0.14668060867687588,2026-01-31 04:00:00
2026-01-31 00:00:00,conservative,709.40300175,707.7354616226864,3204.614823,2627.78415486,6.9288028457941495,0.0,3197.686020154206,1036,4.0,96.44288241617892,0.6,192.27688938,1.5084998234451428,256.36918584,4.125313925643475,128.18459292,1.294989096705532,2026-01-31 04:00:00
2026-01-31 01:00:00,conservative,694.206841,702.6058997895947,3432.2577370000004,2814.45134434,7.108829981203131,0.0,3425.148907018797,1036,3.0,84.07995263603357,0.6,205.93546422,1.8329949940576873,274.58061896000004,4.06596393913515,137.29030948000002,1.2098710480102937,2026-01-31 04:00:00
2026-01-31 02:00:00,conservative,647.77827775,614.0136063310488,3330.8107509999995,2731.2648158199995,3.2107971470256547,24.0083505242278,3351.608304377202,1036,2.0,41.170407103051915,0.6,199.84864505999997,0.7048434489853463,266.46486008,1.9302532069642022,133.23243004,0.575700491076106,2026-01-31 04:00:00
2026-01-31 03:00:00,conservative,614.79105675,688.1636161385048,3282.182858,2691.38994356,0.828408707997999,0.0,3281.3544492920023,1036,1.0,9.668074235703916,0.6,196.93097148,0.2158415617491326,262.57462864,0.4792942978132471,131.28731432,0.1332728484356193,2026-01-31 04:00:00
2026-01-31 04:00:00,conservative,601.051039,604.9276744592568,3257.4469240000003,2671.10647768,0.5618487180425827,21.533989064020634,3278.4190643459783,1051,15.0,17.47783416979049,0.6,195.44681544000002,0.0,260.59575392000005,0.32274826589889977,130.29787696000002,0.23910045214368297,2026-01-31 19:00:00
2026-01-31 05:00:00,conservative,613.3722325,616.6540763381468,3204.964919,2628.07123358,0.8941953401738616,0.0,3204.070723659826,1051,14.0,27.143067563415684,0.6,192.29789513999998,0.0,256.39719352000003,0.5288951894886544,128.19859676000002,0.3653001506852072,2026-01-31 19:00:00
2026-01-31 06:00:00,conservative,610.4226185,632.1956172169607,3455.119997,2833.19839754,0.4707064852326087,0.0,3454.649290514767,1051,13.0,25.41708934842505,0.3,207.30719981999997,0.0,276.40959976,0.2863167881847984,138.20479988,0.18438969704781036,2026-01-31 19:00:00
2026-01-31 07:00:00,conservative,624.2559695,638.6862464521014,3680.391107,3017.9207077399997,0.08245658847080214,0.0,3680.308650411529,1059,20.0,5.467907191192668,0.3,220.82346642,0.0,294.43128856,0.04019643322386606,147.21564428,0.04226015524693609,2026-02-01 03:00:00
2026-01-31 08:00:00,conservative,655.61905675,662.3355774783739,3373.515239,2766.2824959799996,0.41166923367766395,0.0,3373.1035697663224,1059,19.0,27.02637128763179,0.3,202.41091433999998,0.0,269.88121911999997,0.22023977847755039,134.94060955999998,0.1914294552001136,2026-02-01 03:00:00
2026-01-31 09:00:00,conservative,717.038411,693.3241773366407,3392.8327719999997,2782.12287304,2.7119512549496045,0.0,3390.12082074505,1059,18.0,70.42316962649774,0.5,203.56996631999996,0.421336194381945,271.42662176,1.4554027772307132,135.71331088,0.8352122833369465,2026-02-01 03:00:00
2026-01-31 10:00:00,conservative,680.54150075,694.6855514640798,3438.30328,2819.4086896,1.4622829195645282,0.421336194381945,3437.2623332748176,1059,17.0,45.868394433403985,0.5,206.2981968,0.10374773846448586,275.0642624,0.8068482908405912,137.5321312,0.5516868902594511,2026-02-01 03:00:00
2026-01-31 11:00:00,conservative,693.9081247500001,750.3688596442511,3582.515673,2937.6628518599996,2.139053840137575,0.0,3580.3766191598625,1059,16.0,56.50115861236071,0.5,214.95094038,0.29192586978437995,286.60125383999997,1.1392476003138625,143.30062691999998,0.7078803700393326,2026-02-01 03:00:00
2026-01-31 12:00:00,conservative,686.3660785,726.7286798846493,3338.6354069999998,2737.6810337399997,1.9068593638487736,0.0,3336.728547636151,1059,15.0,52.05527244617036,0.5,200.31812441999998,0.2635941524719865,267.09083255999997,1.0354080026063885,133.54541627999998,0.6078572087703987,2026-02-01 03:00:00
2026-01-31 13:00:00,conservative,687.46749975,735.2630985491819,3462.0481290000002,2838.87946578,2.2389008335016327,0.0,3459.8092281664985,1059,14.0,53.939294978284735,0.5,207.72288774,0.39013837195051426,276.96385032,1.1956558077997657,138.48192516,0.6531066537513529,2026-02-01 03:00:00
2026-01-31 14:00:00,conservative,682.5203562500001,667.1838859570645,3270.725992,2681.99531344,2.299641400005987,2.5048089099020796,3270.9311595098966,1059,13.0,51.2144381760718,0.5,196.24355952,0.5749492529521609,261.65807936,1.138804902655105,130.82903968,0.5858872443987211,2026-02-01 03:00:00
2026-01-31 15:00:00,conservative,717.5797975,687.8916528922426,3372.323831,2765.30554142,3.081792905989048,0.0,3369.242038094011,1059,12.0,79.82777173662186,0.5,202.33942986,0.08085016163333632,269.78590648,2.060254256922036,134.89295324,0.9406884874336754,2026-02-01 03:00:00
2026-01-31 16:00:00,conservative,717.0384112500001,713.2648036470106,3386.856886,2777.2226465199997,1.3947187038361433,0.08085016163333632,3385.5430174577973,1059,11.0,81.00592705446822,0.15,203.21141316,0.43198792377482526,270.94855088,0.6751389833553485,135.47427544,0.2875917967059696,2026-02-01 03:00:00
2026-01-31 17:00:00,conservative,666.558785,668.2305323686608,3510.242494,2878.39884508,0.5551984902623261,0.0,3509.687295509738,1059,10.0,41.313132916320434,0.15,210.61454964,0.05487210105972815,280.81939952,0.34812261037603354,140.40969976,0.1522037788265644,2026-02-01 03:00:00
2026-01-31 18:00:00,conservative,629.40846625,662.2342118041284,3551.948195,2912.5975199,0.13533720315414258,0.0,3551.812857796846,1059,9.0,11.117158965624942,0.15,213.1168917,0.008703251440379355,284.1558556,0.08517330807927218,142.0779278,0.04146064363449104,2026-02-01 03:00:00
2026-01-31 19:00:00,conservative,628.2323695,577.4584306085554,3845.38282,3153.2139123999996,0.14337824019914097,3.195257454635121,3848.434699214436,1059,8.0,10.339536933285231,0.15,230.72296919999997,0.009653836275817054,307.6306256,0.09197809132011114,153.8153128,0.04174631260321278,2026-02-01 03:00:00
2026-01-31 20:00:00,conservative,608.70510725,654.5916168338184,3762.745848,3085.45159536,0.6689636581151958,0.0,3762.076884341885,1054,2.0,30.36632342987303,0.15,225.76475087999998,0.14683552991680227,301.01966784,0.4021825585147436,150.50983392,0.11994556968364989,2026-01-31 22:00:00
2026-01-31 21:00:00,conservative,608.85445925,604.1142222926303,3587.369403,2941.64291046,1.9428405568958993,0.0,3585.426562443104,1054,1.0,31.126158487098067,0.4,215.24216418,0.5062561543313878,286.98955224,1.1240108042227495,143.49477612,0.3125735983417621,2026-01-31 22:00:00
2026-01-31 22:00:00,conservative,589.90594275,577.0995106515774,3592.256554,2945.65037428,0.18730438922796994,2.6118042150110954,3594.6810538257832,1058,4.0,4.03566202791556,0.4,215.53539324,0.028380713787984183,287.38052432,0.11833187072375431,143.69026216,0.04059180471623146,2026-02-01 02:00:00
2026-01-31 23:00:00,conservative,654.8909854999999,624.527854242195,3289.705411,2697.55843702,1.5216205114599788,8.692949422122606,3296.8767399106628,1059,4.0,35.80969084721974,0.4,197.38232466,0.2306105913772152,263.17643288,0.9612684904733108,131.58821644,0.3297414296094527,2026-02-01 03:00:00
2026-02-01 00:00:00,conservative,694.41219625,644.7664960940269,3147.820846,2581.21309372,4.919472443633818,0.0,3142.9013735563663,1059,3.0,73.752769196936,0.6,188.86925076,0.9017304986521048,251.82566768,3.0440191719769425,125.91283384,0.9737227730047717,2026-02-01 03:00:00
2026-02-01 01:00:00,conservative,699.43402825,724.1291457688574,3061.9617369999996,2510.8086243399994,5.733238664273544,0.0,3056.2284983357263,1059,2.0,80.06759711619536,0.6,183.71770421999997,1.2594806343414005,244.95693895999997,3.445750938082251,122.47846947999999,1.028007091849893,2026-02-01 03:00:00
2026-02-01 02:00:00,conservative,583.33462325,585.5341622656522,3465.36598,2841.6001036,0.0,0.18730438922796994,3465.553284389228,-1,0.0,0.0,0.6,207.9219588,0.0,277.2292784,0.0,138.6146392,0.0,
2026-02-01 03:00:00,conservative,654.7976375000001,616.0988105077685,3289.024372,2696.9999850399995,2.7082865610141766,18.030690732197755,3304.3467761711836,1060,1.0,31.55035300293207,0.6,197.34146231999998,0.7057145428824488,263.12194976,1.5668492079530534,131.56097488,0.4357228101786746,2026-02-01 04:00:00
2026-02-01 04:00:00,conservative,661.46228825,622.6099250880916,3221.313592,2641.4771454399997,2.4795645271016005,2.7082865610141766,3221.5423140339126,1063,3.0,36.29065477759201,0.6,193.27881552,0.4541793896120044,257.70508736,1.53455506655509,128.85254368,0.49083007093450637,2026-02-01 07:00:00
2026-02-01 05:00:00,conservative,675.482354,665.4088130212962,3251.621111,2666.3293110199997,3.8434519841567725,0.0,3247.7776590158433,1063,2.0,50.494105743368905,0.6,195.09726666,0.8438355399753321,260.12968888,2.3104764635788646,130.06484444,0.6891399806025755,2026-02-01 07:00:00
2026-02-01 06:00:00,conservative,639.8628375000001,689.9334832586819,3091.106625,2534.7074325,0.669743901735536,0.0,3090.436881098264,1063,1.0,16.599951525709667,0.3,185.4663975,0.17450508203659523,247.28853,0.3874907346694602,123.644265,0.10774808502948054,2026-02-01 07:00:00
2026-02-01 07:00:00,conservative,630.71528525,622.9275447090919,3259.5320389999997,2672.81627198,1.0224608323216706,6.992760412993909,3265.502338580672,1067,4.0,32.37872659509258,0.3,195.57192234,0.15495355920972054,260.76256312,0.6459336101506563,130.38128156,0.22157366296129374,2026-02-01 11:00:00
2026-02-01 08:00:00,conservative,679.75741075,634.6631221564568,3616.6996860000004,2965.6937425200003,3.034989353205295,0.0,3613.664696646795,1067,3.0,79.21895470816109,0.3,217.00198116,0.5563875864549422,289.33597488000004,1.8778901022153465,144.66798744000002,0.6007116645350066,2026-02-01 11:00:00
2026-02-01 09:00:00,conservative,669.2097215,661.8374295774216,3655.69212,2997.6675384,5.037560875126857,0.0,3650.6545591248732,1067,2.0,70.68517530992438,0.5,219.3415272,1.106415869868633,292.45536960000004,3.027885143270917,146.22768480000002,0.9032598619873072,2026-02-01 11:00:00
2026-02-01 10:00:00,conservative,680.01878475,671.8370776575699,3677.6077490000002,3015.63835418,6.6037146188675955,0.0,3671.0040343811324,1067,1.0,82.7081400285498,0.5,220.65646494,1.7218976165312079,294.20861992000005,3.8190833235933987,147.10430996000002,1.0627336787429884,2026-02-01 11:00:00
2026-02-01 11:00:00,conservative,676.54642875,595.6398294617529,3635.455881,2981.0738224199995,1.630369729726378,15.698725679521418,3649.524236949795,1079,12.0,45.51931610914689,0.5,218.12735285999997,0.08718790045757978,290.83647048,0.964295779153087,145.41823524,0.5788860501157113,2026-02-01 23:00:00
2026-02-01 12:00:00,conservative,689.184996,687.5561500044656,3446.054382,2825.7645932399996,2.253833089353186,0.0,3443.8005489106467,1079,11.0,56.58155508909105,0.5,206.76326292,0.3535256271532752,275.68435056,1.2184235937411596,137.84217528,0.681883868458751,2026-02-01 23:00:00
2026-02-01 13:00:00,conservative,677.6478775,670.7198415937397,3471.8670690000004,2846.9309965800003,1.7097315800157515,0.44071352761085497,3470.5980509475958,1079,10.0,48.27878460483355,0.5,208.31202414,0.0,277.74936552,1.1234189782119177,138.87468276,0.5863126018038339,2026-02-01 23:00:00
2026-02-01 14:00:00,conservative,702.0662815000001,722.9524724444026,3453.715028,2832.04632296,2.813623495577495,0.0,3450.9014045044228,1079,9.0,69.65004622012015,0.5,207.22290168,0.24417562562379294,276.29720224,1.7285587341677113,138.14860112,0.8408891357859904,2026-02-01 23:00:00
2026-02-01 15:00:00,conservative,715.2835642499999,770.7522470983603,3479.940102,2853.55088364,3.6169614829828647,0.0,3476.3231405170172,1079,8.0,82.3200958891147,0.5,208.79640612,0.40905385547835466,278.39520816,2.206996538968034,139.19760408,1.0009110885364763,2026-02-01 23:00:00
2026-02-01 16:00:00,conservative,762.23486225,796.0318131364327,3925.389934,3218.8197458799996,2.120239010227019,0.0,3923.2696949897727,1079,7.0,124.80056971616938,0.15,235.52339603999997,0.31163849483981076,314.03119472,1.2962500034694018,157.01559736,0.5123505119178066,2026-02-01 23:00:00
2026-02-01 17:00:00,conservative,794.75538375,786.688723033355,3669.0489,3008.6200979999994,2.7888399324324338,0.0,3666.2600600675673,1079,6.0,156.16482359158823,0.15,220.14293399999997,0.5018917118867197,293.523912,1.6890397150336116,146.761956,0.5979085055121027,2026-02-01 23:00:00
2026-02-01 18:00:00,conservative,769.5342365,736.3384592377499,3993.550585,3274.7114797,2.8569187715077717,0.0,3990.693666228492,1079,5.0,136.49852453558555,0.15,239.6130351,0.6129844468215266,319.4840468,1.674271051905256,159.7420234,0.5696632727809889,2026-02-01 23:00:00
2026-02-01 19:00:00,conservative,642.271076,719.4718700974959,4024.126156,3299.7834479199996,0.4245509757561207,0.0,4023.7016050242437,1079,4.0,21.777273892503352,0.15,241.44756936,0.0643339904446158,321.93009248,0.2682118982933621,160.96504624,0.09200508701814282,2026-02-01 23:00:00
2026-02-01 20:00:00,conservative,643.2605025,645.0370555204347,3546.4408139999996,2908.0814674799994,0.4354035212057116,6.739304905058473,3552.744715383852,1079,3.0,23.149010793550033,0.15,212.78644883999996,0.079741765953987,283.71526511999997,0.26947211572557034,141.85763255999998,0.08618963952615419,2026-02-01 23:00:00
2026-02-01 21:00:00,conservative,683.78981425,684.2076930073883,3622.9055670000002,2970.78256494,3.567460502831177,0.0,3619.338106497169,1079,2.0,62.55678653738566,0.4,217.37433402000002,0.8082466242861873,289.83244536,2.125262367560714,144.91622268,0.6339515109842758,2026-02-01 23:00:00
2026-02-01 22:00:00,conservative,634.29963375,633.5758811366999,3753.110103,3077.5502844599996,1.000016922082049,0.8082466242861873,3752.918332702204,1079,1.0,15.310308185396767,0.4,225.18660617999998,0.2605581433424087,300.24880824,0.5785768404176042,150.12440412,0.16088193832203618,2026-02-01 23:00:00
2026-02-01 23:00:00,conservative,612.737494,618.6800368230356,3487.507452,2859.75611064,0.0,17.229683956742438,3504.7371359567423,-1,0.0,0.0,0.4,209.25044712,0.0,279.00059616,0.0,139.50029808,0.0,
