timestamp,scenario,actual_price,forecast_price,baseline_load,inflexible_load,shifted_out,shifted_in,shifted_total_load,target_hour_idx,wait_hours,shift_score,flex_short_flex_load,shift_out_short_flex,flex_day_flex_load,shift_out_day_flex,flex_multi_day_flex_load,shift_out_multi_day_flex,target_timestamp
2025-12-19 00:00:00,medium,73.516608,100.83588641561781,3605.324047,2523.7268329,23.473338536467026,0.0,3581.850708463533,4,4.0,50.91287572763658,360.53240470000003,5.414570959737408,432.63888564,11.00332892580318,288.42592376,7.055438650926437,2025-12-19 04:00:00
2025-12-19 01:00:00,medium,43.762554,36.158017435584846,3868.834526,2708.1841682,11.793964009503329,5.414570959737408,3862.455132950234,4,3.0,24.597611522558946,386.88345260000006,1.8536267174386472,464.26014312,6.277916261498168,309.50676208,3.662421030566513,2025-12-19 04:00:00
2025-12-19 02:00:00,medium,32.350296,67.97316559553809,3809.755944,2666.8291608,7.628364391394564,0.0,3802.1275796086056,4,2.0,14.364627413271936,380.97559440000003,1.550982558047363,457.17071328,3.9707153747148287,304.78047552,2.106666458632373,2025-12-19 04:00:00
2025-12-19 03:00:00,medium,26.261268,110.0279101024414,3814.2640050000005,2669.9848035,5.348278535403278,0.0,3808.9157264645974,4,1.0,8.789580324509377,381.42640050000006,1.3824767049306308,457.7116806,2.675122145996998,305.14112040000003,1.2906796844756483,2025-12-19 04:00:00
2025-12-19 04:00:00,medium,30.127614,17.24917839021652,3628.1016170000003,2539.6711319,0.0,42.82937451303079,3670.930991513031,-1,0.0,0.0,362.81016170000004,0.0,435.37219404,0.0,290.24812936,0.0,
2025-12-19 05:00:00,medium,68.60429400000001,55.72676136779508,3331.6494279999997,2332.1545995999995,0.0,0.0,3331.6494279999997,-1,0.0,0.0,333.1649428,0.0,399.79793135999995,0.0,266.53195424,0.0,
2025-12-19 06:00:00,medium,233.77384625000002,320.63055110290657,3006.963525,2104.8744675,0.0,0.0,3006.963525,-1,0.0,0.0,300.69635250000005,0.0,360.835623,0.0,240.557082,0.0,
2025-12-19 07:00:00,medium,377.837266,420.04617610341,3138.483303,2196.9383120999996,10.606429286223628,0.0,3127.876873713776,19,12.0,48.82701413179469,313.84833030000004,0.4157305952812225,376.61799636,4.29970046271126,251.07866424,5.890998228231146,2025-12-19 19:00:00
2025-12-19 08:00:00,medium,445.7317975,419.91070627357766,3281.613261,2297.1292826999997,29.758107347029394,0.0,3251.855153652971,19,11.0,101.63386932620858,328.1613261,2.457387634554159,393.79359131999996,14.543023029487918,262.52906088,12.757696682987316,2025-12-19 19:00:00
2025-12-19 09:00:00,medium,464.52186,494.36266239722806,3215.1992120000004,2250.6394484,38.20539238434178,0.0,3176.9938196156586,19,10.0,118.84045836652624,321.51992120000006,4.322429529626525,385.82390544000003,19.30182505138313,257.21593696,14.581137803332124,2025-12-19 19:00:00
2025-12-19 10:00:00,medium,469.0792975,443.5913243953146,3202.467313,2241.7271191,44.53445094931577,0.0,3157.9328620506844,19,9.0,125.4881066529854,320.2467313,6.6828761830210555,384.29607756,22.53125850047001,256.19738504000003,15.320316265824701,2025-12-19 19:00:00
2025-12-19 11:00:00,medium,472.62811375,447.01297730363586,3161.184896,2212.8294272,51.766313805887435,0.0,3109.418582194113,19,8.0,131.57037819818598,316.11848960000003,10.130791704102615,379.34218752000004,25.795101266968516,252.89479168000003,15.840420834816305,2025-12-19 19:00:00
2025-12-19 12:00:00,medium,462.5233105,475.83123543613186,3058.465123,2140.9255860999997,53.83425503261788,0.0,3004.630867967382,19,7.0,126.41855014801372,305.84651230000003,13.35723694300647,367.01581475999996,25.739256305606705,244.67720984,14.737761784004713,2025-12-19 19:00:00
2025-12-19 13:00:00,medium,458.731676,353.5012625438211,3001.023889,2100.7167223,44.007386111433036,145.27691674350834,3102.2934196320757,19,6.0,126.35536092369581,300.1023889,10.085544590870418,360.12286668,19.46795533051262,240.08191112,14.453886190049998,2025-12-19 19:00:00
2025-12-19 14:00:00,medium,469.84508800000003,374.9746072117832,2936.925435,2055.8478045,41.521391457218954,29.553499921383036,2924.957543464164,19,5.0,139.3616137815334,293.6925435,3.7647526310634674,352.4310522,22.188873926243087,234.95403480000002,15.567764899912405,2025-12-19 19:00:00
2025-12-19 15:00:00,medium,549.955034,519.0292198917465,3037.017339,2125.9121373,71.73258547150512,0.0,2965.284753528495,19,4.0,215.37604652853187,303.7017339,8.741840324046398,364.44208068,38.51910540488856,242.96138712,24.471639742570158,2025-12-19 19:00:00
2025-12-19 16:00:00,medium,602.70170425,546.9959926316067,3000.074526,2100.0521682,97.03040072972502,0.0,2903.044125270275,19,3.0,269.7636968544343,300.0074526,15.674625984014922,360.00894311999997,51.551783281572845,240.00596208,29.803991464137262,2025-12-19 19:00:00
2025-12-19 17:00:00,medium,607.74475825,625.0283615427401,3075.6760830000003,2152.9732581,115.93211101596174,0.0,2959.7439719840386,19,2.0,281.3898987075658,307.5676083000001,24.209041760510768,369.08112996,59.97151286340147,246.05408664000004,31.75155639204949,2025-12-19 19:00:00
2025-12-19 18:00:00,medium,550.459351,500.5180268463334,3073.051817,2151.1362719,110.4543641544655,0.0,2962.5974528455345,19,1.0,232.64229240219987,307.30518170000005,28.928912287721563,368.76621804,54.90288070410292,245.84414536,26.622571162641012,2025-12-19 19:00:00
2025-12-19 19:00:00,medium,389.6043945,311.92769092655897,2872.7645380000004,2010.9351766000002,10.81859219007153,534.552771080834,3396.498716890763,23,4.0,33.67217878528444,287.27645380000007,1.2949780022706394,344.73174456000004,5.802081708316495,229.82116304000004,3.7215324794843974,2025-12-19 23:00:00
2025-12-19 20:00:00,medium,410.635826,491.2465082906855,2767.861198,1937.5028386,19.58276693198664,0.0,2748.2784310680136,23,3.0,54.03636763184417,276.7861198,3.9797081121098943,332.14334376,9.855372749990048,221.42889584,5.747686069886699,2025-12-19 23:00:00
2025-12-19 21:00:00,medium,387.28832650000004,374.87062997324057,2808.5492059999997,1965.9844441999996,12.989671535528732,3.9797081121098943,2799.539242576581,23,2.0,33.19547627823098,280.85492059999996,2.6418688468283174,337.02590471999997,6.760894827572081,224.68393647999997,3.586907861128336,2025-12-19 23:00:00
2025-12-19 22:00:00,medium,379.98522825,383.6992795078358,2746.8584539999997,1922.8009177999998,11.788632809708098,0.0,2735.069821190292,23,1.0,26.913039649338376,274.6858454,3.0477436094201633,329.62301447999994,5.896024715659821,219.74867632,2.8448644846281135,2025-12-19 23:00:00
2025-12-19 23:00:00,medium,430.752032,352.39088175825987,2550.3685979999996,1785.2580185999996,1.877455178610976,51.19995535518511,2599.6910981765736,74,51.0,19.125200214172988,255.03685979999997,0.0,306.04423175999995,0.0,204.02948783999997,1.877455178610976,2025-12-22 02:00:00
2025-12-20 00:00:00,medium,503.57756725,473.636517401115,2608.9155180000002,1826.2408626000001,6.1063448220399055,0.0,2602.8091731779605,74,50.0,40.47422214568448,260.89155180000006,0.5744401558412666,313.06986216,1.4707341771735372,208.71324144000002,4.061170489025102,2025-12-22 02:00:00
2025-12-20 01:00:00,medium,502.86777725,508.96851968404263,2554.5576060000003,1788.1903242,6.305326088322529,0.0,2548.2522799116778,74,49.0,41.29032567932234,255.45576060000005,0.7661774665483294,306.54691272,1.482583359846816,204.36460848000002,4.056565261927384,2025-12-22 02:00:00
2025-12-20 02:00:00,medium,558.71500825,495.4103614917733,2435.881391,1705.1169736999998,5.535574627515796,4.2939351594099495,2434.639751531894,74,48.0,59.15645797891099,243.5881391,0.0,292.30576692,0.0,194.87051128,5.535574627515796,2025-12-22 02:00:00
2025-12-20 03:00:00,medium,589.496345,610.159736009012,2253.918224,1577.7427567999998,8.63187765848338,0.0,2245.2863463415165,74,47.0,70.15987185101382,225.39182240000002,0.8730833249815781,270.47018687999997,1.6894280705176068,180.31345792,6.069366262984195,2025-12-22 02:00:00
2025-12-20 04:00:00,medium,612.89989025,579.8647623044658,2155.078793,1508.5551551,8.562235751655878,2.562511395499185,2149.0790686438436,74,46.0,79.34640042287718,215.5078793,0.683065123239977,258.60945516,1.3217546744952453,172.40630344000002,6.557415953920656,2025-12-22 02:00:00
2025-12-20 05:00:00,medium,621.06216875,605.0190125113697,2090.941551,1463.6590856999999,10.608395124879863,2.0048197977352222,2082.3379756728555,74,45.0,84.00496796705292,209.0941551,1.3205884518459212,250.91298611999997,2.555216856652687,167.27532408,6.732589816381253,2025-12-22 02:00:00
2025-12-20 06:00:00,medium,638.4513832499999,605.3575195773831,2160.6608969999997,1512.4626278999997,8.821336143404016,3.8758053084986086,2155.715366165094,74,44.0,91.91993053106299,216.0660897,0.0,259.27930763999996,1.2153929415816678,172.85287175999997,7.605943201822349,2025-12-22 02:00:00
2025-12-20 07:00:00,medium,723.10010475,824.9754048979916,2308.4748080000004,1615.9323656000001,15.864564312634503,0.0,2292.6102436873657,74,43.0,123.13731328810297,230.84748080000006,0.5680730047697321,277.01697696,4.4558972235641345,184.67798464000003,10.840594084300635,2025-12-22 02:00:00
2025-12-20 08:00:00,medium,779.7131045,778.9707571394136,2487.288853,1741.1021971,29.103654419224846,0.0,2458.1851985807752,74,42.0,146.06557491799103,248.7288853,3.138047462077643,298.47466235999997,12.16335906002402,198.98310824,13.802247897123182,2025-12-22 02:00:00
2025-12-20 09:00:00,medium,818.3205435,760.1464424074254,2550.4762889999997,1785.3334022999998,42.56316877831239,0.0,2507.913120221687,74,41.0,163.61545520308584,255.04762889999998,7.443341186211322,306.05715467999994,19.319546548613253,204.03810312,15.800281043487816,2025-12-22 02:00:00
2025-12-20 10:00:00,medium,798.633926,843.8738961656753,2623.4177179999997,1836.3924025999997,44.566518086366564,0.0,2578.851199913633,74,40.0,160.51509832675532,262.3417718,9.340108701418023,314.8101261599999,19.27234529490073,209.87341743999997,15.954064090047808,2025-12-22 02:00:00
2025-12-20 11:00:00,medium,777.02348375,709.8770830015937,2620.61685,1834.4317949999997,40.37428636875724,19.92149734970699,2600.1640609809497,74,39.0,156.4272638130695,262.061685,6.993522911991465,314.474022,17.83718990423556,209.649348,15.543573552530214,2025-12-22 02:00:00
2025-12-20 12:00:00,medium,770.2620420000001,781.7495397252616,2542.565407,1779.7957849,42.79680370007027,0.0,2499.76860329993,74,38.0,157.772311947381,254.25654070000002,9.418940008230852,305.10784884,18.171526354534357,203.40523256,15.206337337305058,2025-12-22 02:00:00
2025-12-20 13:00:00,medium,785.67139,677.8895331866123,2513.085286,1759.1597001999999,31.940203224672267,108.2004003108641,2589.345483086192,74,37.0,167.8766276692071,251.30852860000002,2.0443347452392984,301.57023432,13.935635612436934,201.04682288,15.960232866996032,2025-12-22 02:00:00
2025-12-20 14:00:00,medium,838.492772,765.4425393105863,2514.783413,1760.3483891,42.858463351499054,2.0443347452392984,2473.96928439374,49,11.0,199.5515801949443,251.4783413,2.733106456297808,301.77400956,21.275624862684587,201.18267304000003,18.849732032516656,2025-12-21 01:00:00
2025-12-20 15:00:00,medium,849.43808225,860.2654502228017,2570.778849,1799.5451942999998,50.68388903173613,0.0,2520.0949599682635,49,10.0,213.12746869207908,257.0778849,4.394934095915886,308.49346188,25.778468863119823,205.66230792,20.51048607270042,2025-12-21 01:00:00
2025-12-20 16:00:00,medium,855.69522325,896.3108851497476,2708.803738,1896.1626165999999,61.12006297998072,0.0,2647.6836750200196,49,9.0,223.5192448206498,270.88037380000003,7.107797844253841,325.05644856,31.408920670437084,216.70429904000002,22.6033444652898,2025-12-21 01:00:00
2025-12-20 17:00:00,medium,876.8387045,886.2639599654483,2817.6254360000003,1972.3378052,77.93212056757159,0.0,2739.693315432429,49,8.0,246.48847976931646,281.7625436,12.075511910879527,338.11505232,40.096744202578456,225.41003488,25.7598644541136,2025-12-21 01:00:00
2025-12-20 18:00:00,medium,845.85189325,839.4912377186467,2750.9773990000003,1925.6841793,76.9512189754105,0.0,2674.02618002459,49,7.0,226.71626908749724,275.0977399,15.2590932994934,330.11728788000005,38.42874006130287,220.07819192000002,23.263385614614233,2025-12-21 01:00:00
2025-12-20 19:00:00,medium,777.82662075,761.2659174925891,2599.1350589999997,1819.3945412999997,60.92464291362114,0.0,2538.2104160863787,74,31.0,191.43069972529176,259.91350589999996,14.441879169263409,311.89620707999995,27.757392865289056,207.93080471999997,18.725370879068674,2025-12-22 02:00:00
2025-12-20 20:00:00,medium,720.09294675,638.7742372797915,2489.021841,1742.3152887,39.59032939629608,254.6938499139527,2704.125361517657,74,30.0,169.00533439645974,248.90218410000003,6.4765459450382465,298.68262092000003,17.20381358584512,199.12174728000002,15.909969865412712,2025-12-22 02:00:00
2025-12-20 21:00:00,medium,694.89631375,655.304882288291,2389.025949,1672.3181642999998,33.4026761862436,6.4765459450382465,2362.0998187587943,74,29.0,161.08037638912603,238.9025949,3.4458376238209687,286.68311387999995,15.378673769424646,191.12207592,14.578164792997988,2025-12-22 02:00:00
2025-12-20 22:00:00,medium,689.18084975,663.8457173472117,2313.2725809999997,1619.2908066999996,34.93015247460352,0.0,2278.3424285253964,74,28.0,162.31993010478826,231.3272581,4.736665549025001,277.59270971999996,15.97246611081079,185.06180647999997,14.221020814767723,2025-12-22 02:00:00
2025-12-20 23:00:00,medium,677.43238725,735.5741096920403,2271.145538,1589.8018766,35.86805393761432,0.0,2235.277484062386,74,27.0,160.44727358476587,227.11455380000004,6.214586258692873,272.53746456,15.847364068361815,181.69164304000003,13.806103610559628,2025-12-22 02:00:00
2025-12-21 00:00:00,medium,714.99383075,733.8928366762655,2311.7398700000003,1618.2179090000002,53.62209420684259,0.0,2258.1177757931578,74,26.0,184.11780860160275,231.17398700000004,12.859986294562736,277.4087844,24.716592696182417,184.93918960000002,16.045515216097435,2025-12-22 02:00:00
2025-12-21 01:00:00,medium,672.744204,575.7769954550496,2338.690154,1637.0831077999999,28.26530349839376,228.57819153754275,2539.003042039149,74,25.0,166.16417754844687,233.8690154,3.5241510121727377,280.64281847999996,10.03481115552229,187.09521232,14.706341330698733,2025-12-22 02:00:00
2025-12-21 02:00:00,medium,646.14673575,663.9713540667137,2347.258344,1643.0808407999998,23.696154745665083,0.0,2323.562189254335,74,24.0,155.77364366368693,234.7258344,2.767443195025392,281.67100128,7.062927326095249,187.78066751999998,13.865784224544443,2025-12-22 02:00:00
2025-12-21 03:00:00,medium,638.0031407500001,616.8236153271026,2316.554998,1621.5884985999999,23.329106925702085,6.29159420719813,2299.517485281496,74,23.0,155.1346316714707,231.65549980000003,3.3055415640272163,277.98659976,6.393617936916887,185.32439984,13.629947424757981,2025-12-22 02:00:00
2025-12-21 04:00:00,medium,639.7401835,602.5094734831722,2260.632344,1582.4426408,17.636369342579258,26.796897982561642,2269.7928726399828,74,22.0,160.06407005498207,226.06323440000003,0.0,271.27588128,3.925958045405912,180.85058752,13.710411297173346,2025-12-22 02:00:00
2025-12-21 05:00:00,medium,610.0981899999999,643.7403858862476,2215.1501180000005,1550.6050826000003,16.208359596187414,0.0,2198.941758403813,74,21.0,146.5812310146033,221.51501180000005,0.0,265.8180141600001,3.873996749304248,177.21200944000003,12.334362846883167,2025-12-22 02:00:00
2025-12-21 06:00:00,medium,611.984659,668.6896327372773,2227.517045,1559.2619315,17.22787223198275,0.0,2210.289172768017,74,20.0,151.4361538314546,222.75170450000002,0.0,267.3020454,4.425294355236837,178.2013636,12.802577876745914,2025-12-22 02:00:00
2025-12-21 07:00:00,medium,663.0316365,714.252043051391,2309.589622,1616.7127354,22.50082263527439,0.0,2287.0887993647257,74,19.0,187.0151308024099,230.9589622,0.0,277.15075464,6.228675193472012,184.76716976,16.272147441802378,2025-12-22 02:00:00
2025-12-21 08:00:00,medium,720.279723,674.1227592227549,2478.314879,1734.8204153,30.625599843293152,0.0,2447.689279156707,74,18.0,228.25243295744318,247.8314879,0.5703702257151217,297.39778548,8.964470562108538,198.26519032000002,21.09075905546949,2025-12-22 02:00:00
2025-12-21 09:00:00,medium,758.45754425,741.4508635781832,2574.160003,1801.9120020999999,38.52334345894652,0.0,2535.6366595410536,74,17.0,258.99017680309316,257.4160003,2.2804549675679215,308.89920036,11.608275984556272,205.93280024,24.634612506822325,2025-12-22 02:00:00
2025-12-21 10:00:00,medium,766.4143775,784.633866227196,2661.5813420000004,1863.1069394,44.42253221356099,0.0,2617.1588097864396,74,16.0,270.8801691739445,266.15813420000006,4.087088632085381,319.38976104000005,13.79423499674921,212.92650736000004,26.541208584726398,2025-12-22 02:00:00
2025-12-21 11:00:00,medium,756.83255625,810.4875382417298,2688.746705,1882.1226935,47.28827604559253,0.0,2641.4584289544073,74,15.0,271.15205028784413,268.87467050000004,5.12242983898603,322.6496046,15.329174199084669,215.0997364,26.836672007521834,2025-12-22 02:00:00
2025-12-21 12:00:00,medium,735.782441,709.427857918509,2689.302066,1882.5114462,46.66291700732416,11.489973438639332,2654.1291224313154,74,14.0,263.18253161744553,268.9302066,4.187477618741038,322.71624792,16.35631761624106,215.14416528,26.119121772342062,2025-12-22 02:00:00
2025-12-21 13:00:00,medium,708.7740695,698.5628257834901,2717.414285,1902.1899994999997,45.844796482009116,0.0,2671.5694885179905,74,13.0,250.33074193918856,271.7414285,3.3625971098625036,326.08971419999995,17.28000376018181,217.3931428,25.2021956119648,2025-12-22 02:00:00
2025-12-21 14:00:00,medium,738.8456462500001,677.9972226796685,2682.1104339999997,1877.4773037999996,53.819401767708946,8.120444954318664,2636.4114771866098,74,12.0,278.94546682337756,268.2110434,5.4985093238639235,321.85325207999995,20.850659994070014,214.56883471999998,27.470232449775008,2025-12-22 02:00:00
2025-12-21 15:00:00,medium,753.61993675,687.828572425563,2789.314698,1952.5202886,59.587826753278144,5.4985093238639235,2735.225380570586,74,11.0,297.2291441399818,278.9314698,3.992228799646234,334.71776376,25.34247773428798,223.14517584,30.25312021934393,2025-12-22 02:00:00
2025-12-21 16:00:00,medium,728.55406425,773.2429844816809,2816.701361,1971.6909526999998,60.58796545134994,0.0,2756.11339554865,74,10.0,285.23221461589037,281.6701361,4.173838795312682,338.00416332,26.976751713149227,225.33610887999998,29.437374942888027,2025-12-22 02:00:00
2025-12-21 17:00:00,medium,725.21069875,799.8039003213953,3001.341555,2100.9390885,70.35884427425374,0.0,2930.982710725746,74,9.0,289.78317092935083,300.1341555,6.509892852900395,360.1609866,32.03035203494869,240.1073244,31.818599386404657,2025-12-22 02:00:00
2025-12-21 18:00:00,medium,678.347606,674.3870493130817,2931.663684,2052.1645788,65.77124134409966,3.992228799646234,2869.884671455547,74,8.0,258.7508116086077,293.1663684,7.004317471893332,351.79964208,30.734878431619823,234.53309472,28.032045440586504,2025-12-22 02:00:00
2025-12-21 19:00:00,medium,635.05199825,690.2463076340613,2855.2801,1998.6960699999997,60.36364242398165,0.0,2794.9164575760183,74,7.0,228.95631769606618,285.52801,6.84807488316831,342.63361199999997,29.146580443083813,228.422408,24.36898709772953,2025-12-22 02:00:00
2025-12-21 20:00:00,medium,610.0608414999999,629.9508228776198,2664.939101,1865.4573706999997,55.97617943468033,0.0,2608.9629215653194,74,6.0,213.2422865185575,266.4939101,6.8584602924858755,319.79269211999997,27.845169435981397,213.19512808,21.272549706213063,2025-12-22 02:00:00
2025-12-21 21:00:00,medium,581.46482925,545.9832427467181,2521.725336,1765.2077352,49.11207340902427,31.394584295760595,2504.0078468867364,74,5.0,193.4046484657835,252.1725336,4.484637929858765,302.60704032,26.280929400446098,201.73802688,18.346506078719408,2025-12-22 02:00:00
2025-12-21 22:00:00,medium,569.21205025,589.0888085529627,2498.109187,1748.6764309,51.53826700475162,0.0,2446.5709199952485,74,4.0,187.21393753755433,249.8109187,6.253040796849231,299.77310244,27.66696075255677,199.84873496,17.61826545534561,2025-12-22 02:00:00
2025-12-21 23:00:00,medium,529.74542675,614.3374379056283,2470.962544,1729.6737807999998,47.048608007300565,0.0,2423.9139359926994,74,3.0,155.33837805066403,247.09625440000002,7.462555776711587,296.51550528,25.029089083269742,197.67700352,14.556963147319237,2025-12-22 02:00:00
2025-12-22 00:00:00,medium,524.641554,522.6711218489527,2615.876197,1831.1133378999998,55.62271478250339,0.0,2560.2534822174966,74,2.0,154.4158338743786,261.5876197,11.402793891094605,313.90514364,28.89806197808783,209.27009576,15.32185891332095,2025-12-22 02:00:00
2025-12-22 01:00:00,medium,514.16403775,600.2194388197704,2620.5707479999996,1834.3995235999996,61.107405918846545,0.0,2559.4633420811533,74,1.0,148.1060638677257,262.05707479999995,15.881913075217103,314.46848975999995,30.48597585295726,209.64565983999998,14.739516990672179,2025-12-22 02:00:00
2025-12-22 02:00:00,medium,506.39463175000003,362.3086510250641,2674.4810669999997,1872.1367468999997,11.22534711930542,1238.4309484391845,3901.6866683198787,100,26.0,78.37370041340095,267.4481067,0.8950319849181383,320.93772803999997,2.2914639325974835,213.95848535999997,8.038851201789798,2025-12-23 04:00:00
2025-12-22 03:00:00,medium,495.07666574999996,540.2813034906372,2682.2609850000003,1877.5826895,8.925089118069867,0.0,2673.3358958819304,100,25.0,74.29966943622229,268.22609850000003,0.1181820858128514,321.8713182,1.1607820987108133,214.58087880000002,7.6461249335462025,2025-12-23 04:00:00
2025-12-22 04:00:00,medium,489.1935645,493.9811532530994,2745.493765,1921.8456355,9.482955229564388,3.304678003328473,2739.315487773764,100,24.0,72.95186010060617,274.54937650000005,0.0,329.4592518,1.7975925289961163,219.6395012,7.685362700568271,2025-12-23 04:00:00
2025-12-22 05:00:00,medium,510.95167775,494.5062734743773,2538.6100239999996,1777.0270167999997,10.753805238312863,0.0,2527.8562187616867,100,23.0,87.04204149336242,253.86100239999996,0.10627845032286126,304.63320287999994,2.1807310282147907,203.08880191999998,8.466795759775211,2025-12-23 04:00:00
2025-12-22 06:00:00,medium,540.1430675,545.1899102094527,2464.900996,1725.4306971999997,18.93767619363325,0.0,2445.9633198063666,100,22.0,106.08748804546462,246.4900996,3.0469028197824026,295.78811951999995,5.894013692800748,197.19207968,9.996759681050099,2025-12-23 04:00:00
2025-12-22 07:00:00,medium,618.715103,509.3988126969509,2711.831568,1898.2820975999998,22.596600896983816,9.047194962906012,2698.282162065922,100,21.0,155.2528146807143,271.1831568,0.4228713206795022,325.41978816,6.206294083360955,216.94652544000002,15.967435492943359,2025-12-23 04:00:00
2025-12-22 08:00:00,medium,632.4983432500001,620.4163894189369,2892.469316,2024.7285212,27.767016262438904,0.0,2864.702299737561,100,20.0,167.54301619792363,289.24693160000004,1.3932808720249543,347.09631792,8.03933408154373,231.39754528000003,18.33440130887022,2025-12-23 04:00:00
2025-12-22 09:00:00,medium,675.30490575,694.9460971831461,2982.545728,2087.7820096,42.078035890216405,0.0,2940.4676921097835,100,19.0,198.40514938338626,298.2545728,5.581304149404206,357.90548736,14.263115117958444,238.60365824000002,22.233616622853756,2025-12-23 04:00:00
2025-12-22 10:00:00,medium,664.24837675,745.5325492107834,2983.742691,2088.6198836999997,42.557759882742346,0.0,2941.1849311172577,100,18.0,196.3778455030715,298.3742691,7.000882638588662,358.04912292,13.530875500821136,238.69941528,22.026001743332547,2025-12-23 04:00:00
2025-12-22 11:00:00,medium,634.3473245,605.8424624949494,3005.055731,2103.5390116999997,36.783137362731416,42.192329599476906,3010.4649232367456,100,17.0,181.80076982567059,300.5055731,4.1019135861076395,360.60668771999997,12.075278981101722,240.40445848,20.605944795522056,2025-12-23 04:00:00
2025-12-22 12:00:00,medium,644.86217375,600.3950255908746,2981.016335,2086.7114344999995,37.28647823347249,4.1019135861076395,2947.831770352635,100,16.0,193.45139245855918,298.1016335,1.3649849288570848,357.72196019999996,14.228468919634611,238.4813068,21.693024384980788,2025-12-23 04:00:00
2025-12-22 13:00:00,medium,661.07339225,633.4767548528505,3009.544183,2106.6809281,41.08361906210757,1.3649849288570848,2969.8255488667496,100,15.0,209.49043444545404,300.9544183,0.0,361.14530196,17.460272780149776,240.76353464,23.6233462819578,2025-12-23 04:00:00
2025-12-22 14:00:00,medium,687.23916125,737.5862777236141,3008.732987,2106.1130909,49.588109914139835,0.0,2959.14487708586,100,14.0,233.23241581478686,300.8732987,1.4929700839748161,361.04795843999995,21.967979513334026,240.69863895999998,26.127160316830995,2025-12-23 04:00:00
2025-12-22 15:00:00,medium,709.707,727.7883110312827,3056.241657,2139.3691599,59.05796217827138,0.0,2997.1836948217287,100,13.0,255.37035060543616,305.6241657,2.8196196635219337,366.74899884,27.367037487606027,244.49933256,28.871305027143425,2025-12-23 04:00:00
2025-12-22 16:00:00,medium,747.1160405,717.9792292928129,3057.073124,2139.9511868,72.92353204593766,0.0,2984.1495919540625,100,12.0,289.5483806299988,305.70731240000003,5.5897302058988085,366.84877488,34.9480420712926,244.56584992,32.385759768746254,2025-12-23 04:00:00
2025-12-22 17:00:00,medium,795.712288,823.9419968212345,3148.730783,2204.1115480999997,95.7006249331392,0.0,3053.0301580668606,100,11.0,333.79068767764136,314.87307830000003,11.329460057064804,377.84769395999996,46.527628030017276,251.89846264,37.84353684605712,2025-12-23 04:00:00
2025-12-22 18:00:00,medium,753.78353625,759.1228014641422,3101.5345580000003,2171.0741906,93.60670974092588,0.0,3007.9278482590744,100,10.0,309.58649447002637,310.1534558000001,13.137970038588419,372.18414696,45.583406322750406,248.12276464000004,34.885333379587045,2025-12-23 04:00:00
2025-12-22 19:00:00,medium,700.6675665,753.9430409793089,2969.7715329999996,2078.8400730999997,83.4627414373821,0.0,2886.3087915626174,100,9.0,275.00975056976307,296.9771533,12.447399268481862,356.37258395999993,40.989433535314525,237.58172263999998,30.02590863358572,2025-12-23 04:00:00
2025-12-22 20:00:00,medium,634.68349025,596.0705700867456,2782.297354,1947.6081477999996,65.89399728317376,46.81714931753064,2763.2205060343567,100,8.0,227.9484631115122,278.2297354,9.728145538949198,333.87568247999997,32.51772182141125,222.58378832,23.648129922813308,2025-12-23 04:00:00
2025-12-22 21:00:00,medium,584.3503392499999,566.3289211871227,2917.848486,2042.4939401999998,60.89870954847625,0.0,2856.9497764515236,100,7.0,191.4664889441518,291.7848486,11.264077867145756,350.14181831999997,28.609347652342112,233.42787887999998,21.025284028988384,2025-12-23 04:00:00
2025-12-22 22:00:00,medium,558.61409825,537.0481498277313,2689.680722,1882.7765054,54.83853518254499,0.0,2634.842186817455,100,6.0,174.16209827626463,268.9680722,12.694884269403916,322.76168664,24.445717012146897,215.17445776,17.697933900994176,2025-12-23 04:00:00
2025-12-22 23:00:00,medium,521.20508725,440.71176510273347,2570.880656,1799.6164591999998,37.934607704859985,395.81385206621565,2928.7599003613554,100,5.0,145.55769644866268,257.0880656,3.441945047701935,308.50567872,20.274855905038734,205.67045248,14.21780675211932,2025-12-23 04:00:00
2025-12-23 00:00:00,medium,519.44035525,535.7269704885517,2693.239995,1885.2679964999998,44.07209302749503,0.0,2649.1679019725048,100,4.0,147.64571153111336,269.3239995,5.319270909202413,323.1887994,23.650387215134323,215.4591996,15.102434903158292,2025-12-23 04:00:00
2025-12-23 01:00:00,medium,485.80576875,500.16380871989395,2798.5822740000003,1959.0075918,41.41217502110031,0.0,2757.1700989789,100,3.0,120.17911197270926,279.85822740000003,6.543974290250547,335.82987288000004,22.03603980911344,223.88658192000003,12.832160921736328,2025-12-23 04:00:00
2025-12-23 02:00:00,medium,463.189751,463.4709911153353,2889.365071,2022.5555497,40.748741362955606,0.0,2848.6163296370446,100,2.0,101.70843912798678,288.93650710000003,8.314552495749519,346.72380852000003,21.1932726795747,231.14920568000002,11.240916187631383,2025-12-23 04:00:00
2025-12-23 03:00:00,medium,441.19001575,428.2877234143669,2890.1941039999997,2023.1358727999996,38.03187386691048,0.0,2852.162230133089,100,1.0,82.82664067153918,289.01941039999997,9.847685126790367,346.82329247999996,19.007503710848685,231.21552831999998,9.176685029271429,2025-12-23 04:00:00
2025-12-23 04:00:00,medium,434.1119995,356.26660868722723,2803.607838,1962.5254865999998,11.905382328341279,645.0058312724688,3436.7082869441274,123,23.0,49.70134656172496,280.3607838,2.2314950291027693,336.43294055999996,4.3175145037989315,224.28862704,5.356372795439578,2025-12-24 03:00:00
2025-12-23 05:00:00,medium,437.45490675,414.31941399790526,2635.3495639999996,1844.7446947999997,6.869350524319893,6.549009532901701,2635.0292230085815,123,22.0,52.88823184416848,263.5349564,0.0,316.24194767999995,1.5126992031955677,210.82796512,5.356651321124326,2025-12-24 03:00:00
2025-12-23 06:00:00,medium,506.83438524999997,487.9850868410276,2649.318509,1854.5229563,12.979764112999607,0.0,2636.3387448870008,123,21.0,95.26890649127463,264.93185090000003,0.0,317.91822108,3.317656460616641,211.94548072,9.662107652382966,2025-12-24 03:00:00
2025-12-23 07:00:00,medium,578.10010825,533.974858442811,2903.968935,2032.7782544999998,25.65323425262071,0.0,2878.315700747379,123,20.0,140.90549632741957,290.3968935,0.0,348.4762722,10.09380473626713,232.3175148,15.55942951635358,2025-12-24 03:00:00
2025-12-23 08:00:00,medium,620.6802407499999,611.8095266083694,2838.78196,1987.1473719999997,36.667046188100414,0.0,2802.1149138118994,123,19.0,170.95248405355318,283.878196,2.077417064741009,340.65383519999995,16.24237691015386,227.1025568,18.34725221320554,2025-12-24 03:00:00
2025-12-23 09:00:00,medium,638.44064325,660.6634403747996,2959.124487,2071.3871409,46.0212709796704,0.0,2913.1032160203295,123,18.0,186.60469940945316,295.9124487,3.656473316246613,355.09493843999996,21.560175577991703,236.72995896,20.80462208543208,2025-12-24 03:00:00
2025-12-23 10:00:00,medium,626.28289075,730.0231153165792,3057.4482419999995,2140.2137693999994,49.424316616175105,0.0,3008.0239253838245,123,17.0,183.3802486258414,305.7448242,5.184460759410928,366.89378903999994,23.099971310509144,244.59585935999996,21.13988454625503,2025-12-24 03:00:00
2025-12-23 11:00:00,medium,611.56660025,621.1683799557511,3063.176513,2144.2235591,50.881046437074815,0.0,3012.295466562925,123,16.0,178.15791719617044,306.3176513,6.931391059996665,367.58118155999995,23.349508104653538,245.05412103999998,20.600147272424614,2025-12-24 03:00:00
2025-12-23 12:00:00,medium,601.2390525,615.404323989752,3064.391483,2145.0740380999996,53.959398967995256,0.0,3010.4320840320047,123,15.0,175.56999349759587,306.4391483,9.483375609126801,367.72697796,24.155657875445584,245.15131864,20.320365483422872,2025-12-24 03:00:00
2025-12-23 13:00:00,medium,591.7332155,587.6386901328608,2998.237977,2098.7665838999997,56.74497008609384,0.0,2941.493006913906,123,14.0,173.31591892675328,299.8237977,12.676037017811304,359.78855723999993,24.433018821890432,239.85903815999998,19.635914246392108,2025-12-24 03:00:00
2025-12-23 14:00:00,medium,591.751878,486.21946115855275,2968.263818,2077.7846726,35.66008428061909,182.9436681642447,3115.5474018836253,123,13.0,177.71691646992355,296.8263818,0.17688246226537016,356.19165816,15.568847664601398,237.46110543999998,19.914354153752317,2025-12-24 03:00:00
2025-12-23 15:00:00,medium,611.26779975,609.8095366002931,2978.29703,2084.807921,43.88784503770397,0.0,2934.4091849622964,123,12.0,196.67359205538813,297.82970300000005,2.482435581848083,357.3956436,19.38805649502114,238.26376240000002,22.017352960834742,2025-12-24 03:00:00
2025-12-23 16:00:00,medium,625.1623475,628.4750090467564,3037.319358,2126.1235506,52.50742329695703,0.0,2984.8119347030433,123,11.0,212.20631887796083,303.73193580000003,4.118404765456644,364.47832296,24.255331263093233,242.98554864000002,24.13368726840715,2025-12-24 03:00:00
2025-12-23 17:00:00,medium,616.048709,751.5270251866907,3082.7781099999997,2157.9446769999995,56.41650296917089,0.0,3026.361607030829,123,10.0,210.4806386159721,308.277811,5.893448494543366,369.93337319999995,26.216613463071933,246.6222488,24.30644101155559,2025-12-24 03:00:00
2025-12-23 18:00:00,medium,627.08593875,616.5060856870382,3019.1373160000003,2113.3961212,65.36648807275884,0.0,2953.7708279272415,123,9.0,224.62238831614266,301.91373160000006,9.2013877543912,362.29647792000003,30.855423140673714,241.53098528000004,25.30967717769393,2025-12-24 03:00:00
2025-12-23 19:00:00,medium,616.03005975,632.6151635783486,2956.492839,2069.5449873,68.77122614048392,0.0,2887.721612859516,123,8.0,221.25694300924178,295.6492839,12.539601575681203,354.77914068,31.796316534176924,236.51942712000002,24.435308030625798,2025-12-24 03:00:00
2025-12-23 20:00:00,medium,582.71294175,580.8037944162116,2690.915739,1883.6410173,61.099512237034176,0.17688246226537016,2629.9931092252314,123,7.0,198.88980057149135,269.0915739,13.414816639040891,322.90988868,27.578414397737095,215.27325912,20.106281200256188,2025-12-24 03:00:00
2025-12-23 21:00:00,medium,522.39108775,458.1137956809257,2684.272823,1878.9909760999997,42.9488252168249,180.16183570699835,2821.4858334901733,123,6.0,152.00521895349047,268.4272823,5.0397461850019925,322.11273875999996,22.424990192736406,214.74182584,15.4840888390865,2025-12-24 03:00:00
2025-12-23 22:00:00,medium,536.62182625,599.4770810483261,2602.231912,1821.5623384,51.17521931973394,0.0,2551.056692680266,123,5.0,168.41183203938166,260.22319120000003,7.947712263861813,312.26782944,26.650264214331347,208.17855296000002,16.577242841540784,2025-12-24 03:00:00
2025-12-23 23:00:00,medium,478.78378425,520.1401010477725,2597.5175520000003,1818.2622864,39.57595727177292,0.0,2557.9415947282273,123,4.0,120.34117327766305,259.75175520000005,7.793224444612851,311.70210624000003,19.856729503778684,207.80140416000003,11.926003323381389,2025-12-24 03:00:00
2025-12-24 00:00:00,medium,450.0608765,493.5676335873676,2834.951649,1984.4661543,38.08958036045629,0.0,2796.862068639544,123,3.0,96.74013400975987,283.4951649,9.416020767757583,340.19419788,18.176632833621902,226.79613192000002,10.496926759076803,2025-12-24 03:00:00
2025-12-24 01:00:00,medium,417.30404899999996,367.2877389862893,2946.543197,2062.5802378999997,27.877459732946505,163.7702389286577,3082.435976195711,123,2.0,68.02986399047214,294.65431970000003,5.676839650685652,353.58518363999997,14.505612676453813,235.72345576,7.695007405807038,2025-12-24 03:00:00
2025-12-24 02:00:00,medium,429.125637,506.27932410148543,2905.709489,2033.9966422999998,37.528607497989796,0.0,2868.18088150201,123,1.0,81.28176014896665,290.5709489,9.7167552773487,348.68513867999997,18.756548145178932,232.45675912,9.055304075462168,2025-12-24 03:00:00
2025-12-24 03:00:00,medium,422.88802775,345.7862192964245,2886.3410010000002,2020.4387007,16.56793099897773,438.40887713277584,3308.1819471337985,126,3.0,46.350099721927535,288.6341001,2.6055206813087057,346.36092012,8.818757966691377,230.90728008000002,5.143652350977645,2025-12-24 06:00:00
2025-12-24 04:00:00,medium,417.19199275,449.4691329090149,2752.717294,1926.9021057999998,16.142956356542673,0.0,2736.5743376434575,126,2.0,42.105221987721514,275.2717294,3.2839696970562047,330.32607528,8.401670298889869,220.21738352,4.4573163605966,2025-12-24 06:00:00
2025-12-24 05:00:00,medium,417.21067174999996,537.6857311695487,2675.528764,1872.8701348,18.414070258344005,0.0,2657.114693741656,126,1.0,43.18933857089525,267.5528764,4.762008128887919,321.06345168,9.208443322114755,214.04230112000002,4.443618807341329,2025-12-24 06:00:00
2025-12-24 06:00:00,medium,427.40748775,372.92798986781213,2650.0597449999996,1855.0418214999995,6.543658352581335,51.1249576138644,2694.641044261283,147,21.0,49.01585510294165,265.0059745,0.0,318.00716939999995,1.5502612521902421,212.00477959999998,4.9933971003910935,2025-12-25 03:00:00
2025-12-24 07:00:00,medium,503.8276445,472.6812693718476,2680.968597,1876.6780179,17.4958779906722,0.0,2663.4727190093276,147,20.0,96.60786547140094,268.09685970000004,1.0946377482725462,321.71623164,6.487877866386405,214.47748776,9.913362376013245,2025-12-25 03:00:00
2025-12-24 08:00:00,medium,605.0862,610.5670250798203,2787.7790069999996,1951.4453048999997,49.66784620860597,0.0,2738.1111607913936,147,19.0,162.0246877341011,278.7779007,9.183681697408524,334.5334808399999,23.376242378818965,223.02232055999997,17.107922132378484,2025-12-25 03:00:00
2025-12-24 09:00:00,medium,616.0673885,588.376227523609,2749.441925,1924.6093475,60.86579311629681,0.0,2688.576131883703,147,18.0,173.1282771578881,274.94419250000004,14.669082213759191,329.93303099999997,28.208976677569733,219.955354,17.98773422496788,2025-12-25 03:00:00
2025-12-24 10:00:00,medium,567.903287,482.61679829136267,2928.101401,2049.6709806999997,48.204364303795955,75.43798296755641,2955.3350196637602,147,17.0,146.02280607169962,292.8101401,9.009826890468396,351.37216811999997,22.95080280032378,234.24811208,16.243734613003777,2025-12-25 03:00:00
2025-12-24 11:00:00,medium,517.59148425,521.3624478643316,3067.307652,2147.1153563999997,36.71959172314992,0.0,3030.5880602768502,147,16.0,115.994381071204,306.7307652,7.890359706460818,368.07691824,15.246278166548597,245.38461216,13.582953850140498,2025-12-25 03:00:00
2025-12-24 12:00:00,medium,511.970155,453.5434507450642,3080.5869199999997,2156.4108439999995,22.31085288220668,62.679783178460546,3120.9558502962536,147,15.0,115.06731348209894,308.058692,0.9596620296702009,369.67043039999993,7.81665642761286,246.44695359999997,13.534534424923622,2025-12-25 03:00:00
2025-12-24 13:00:00,medium,508.04831875,534.095902434935,2973.1749870000003,2081.2224909,22.28189880189885,0.0,2950.8930881981014,147,14.0,115.21658509611844,297.31749870000004,0.9127715719586977,356.78099844,8.289840806205424,237.85399896000004,13.079286423734729,2025-12-25 03:00:00
2025-12-24 14:00:00,medium,550.98327475,500.4149418671408,3037.301767,2126.1112368999998,31.85476316062545,1.8724336016288987,3007.3194374410036,147,13.0,149.15498697165856,303.7301767,2.0351655463923626,364.47621203999995,12.618484990342473,242.98414136,17.201112623890612,2025-12-25 03:00:00
2025-12-24 15:00:00,medium,620.41878375,705.6651760259647,2934.849022,2054.3943154,51.93103317757209,0.0,2882.917988822428,147,12.0,204.36995367317513,293.4849022,5.3987428088155545,352.18188263999997,24.029409466985175,234.78792176,22.502880901771363,2025-12-25 03:00:00
2025-12-24 16:00:00,medium,656.630578,613.551646921507,3049.381091,2134.5667637,71.83524485879657,0.0,2977.5458461412036,147,11.0,237.04907312624172,304.9381091,10.34481579603147,365.92573092000003,34.60596943608821,243.95048728000003,26.884459626676893,2025-12-25 03:00:00
2025-12-24 17:00:00,medium,667.6864835,649.9731001086878,3158.214166,2210.7499162,88.81310851118212,0.0,3069.401057488818,147,10.0,251.6603468436001,315.8214166,16.862061556455895,378.98569992,42.51688367234927,252.65713328,29.434163282376957,2025-12-25 03:00:00
2025-12-24 18:00:00,medium,589.4548175,634.1982644553318,2881.992603,2017.3948221,62.01443974112658,0.0,2819.978163258874,147,9.0,195.56190473359888,288.19926030000005,13.956196906408897,345.83911236,26.867626875972196,230.55940824,21.19061595874549,2025-12-25 03:00:00
2025-12-24 19:00:00,medium,536.1549367499999,468.4573993461324,2684.646473,1879.2525310999997,39.409222760753465,176.61687206549905,2821.8541223047455,147,8.0,156.87432641650264,268.46464729999997,5.287201501952697,322.15757676,18.15454234448437,214.77171783999998,15.9674789143164,2025-12-25 03:00:00
2025-12-24 20:00:00,medium,509.15015825,521.6604546532271,2593.207015,1815.2449104999998,36.166834999272965,0.0,2557.040180000727,147,7.0,138.17626799078272,259.3207015,5.7312851402980955,311.18484179999996,16.80387066353263,207.4565612,13.63167919544224,2025-12-25 03:00:00
2025-12-24 21:00:00,medium,507.880217,579.7730684855336,2628.88648,1840.220536,41.601532319557585,0.0,2587.2849476804427,147,6.0,140.58116830511895,262.88864800000005,8.5235343143975,315.4663776,19.02408349581951,210.31091840000002,14.053914509340572,2025-12-25 03:00:00
2025-12-24 22:00:00,medium,515.4998115,427.0882335991324,2544.013918,1780.8097426,41.20861692860252,32.16050594699077,2534.965807018388,147,5.0,150.86426606942862,254.40139180000003,4.8899264894530745,305.28167016,21.75071947797201,203.52111344000002,14.567970961177434,2025-12-25 03:00:00
2025-12-24 23:00:00,medium,486.77690199999995,496.93176421927666,2576.024124,1803.2168867999999,39.0460861826242,0.0,2536.978037817376,147,4.0,128.69384987734517,257.6024124,6.048296498426734,309.12289488,20.365900811686615,206.08192992,12.631888872510855,2025-12-25 03:00:00
2025-12-25 00:00:00,medium,472.26603825,486.5595919336633,2711.91407,1898.3398489999997,42.171395947713705,0.0,2669.742674052286,147,3.0,118.48939087267934,271.19140699999997,8.43194037729114,325.4296884,21.476444382122107,216.9531256,12.263011188300457,2025-12-25 03:00:00
2025-12-25 01:00:00,medium,436.57716525,479.57742319775207,2732.5698780000002,1912.7989146,35.20358356798762,0.0,2697.3662944320126,147,2.0,87.54065795861831,273.25698780000005,8.759312772173866,327.90838536,17.278870408191278,218.60559024000003,9.165400387622473,2025-12-25 03:00:00
2025-12-25 02:00:00,medium,424.7368965,356.7046074017055,2745.060829,1921.5425802999998,34.12349440004226,161.81153454678036,2872.7488691467383,147,1.0,78.20882879267421,274.5060829,8.834030580913653,329.40729948,17.055690768704103,219.60486632,8.233773050424507,2025-12-25 03:00:00
2025-12-25 03:00:00,medium,417.1733155,344.5482017803648,2714.664195,1900.2649364999997,16.133219615633944,368.89012762814883,3067.421103012515,155,8.0,66.63150131905782,271.4664195,1.7720218743153096,325.7597034,7.416654703323136,217.1731356,6.944543037995498,2025-12-25 11:00:00
2025-12-25 04:00:00,medium,407.35000425,436.05679035892933,2707.2682409999998,1895.0877686999997,15.499474935458842,0.0,2691.768766064541,155,7.0,60.07203820965976,270.7268241,1.9194004328360128,324.87218892,7.332977034281809,216.58145928,6.247097468341021,2025-12-25 11:00:00
2025-12-25 05:00:00,medium,392.96986749999996,409.3040245278252,2707.213219,1895.0492533,13.027049722147037,0.0,2694.186169277853,155,6.0,49.215670694277264,270.7213219,1.2978510955704876,324.86558628,6.607377994571945,216.57705752,5.121820632004606,2025-12-25 11:00:00
2025-12-25 06:00:00,medium,367.27239050000003,381.0494972690232,2645.347167,1851.7430168999997,7.514260229649588,4.98927340272181,2642.822180173072,155,5.0,27.783627472854675,264.5347167,0.6762617227542417,317.44166004,4.009726662738148,211.62777336,2.828271844157199,2025-12-25 11:00:00
2025-12-25 07:00:00,medium,403.5962325,422.6508840223336,2617.773867,1832.4417068999999,17.942026593479603,0.0,2599.8318404065203,155,4.0,61.35414475936192,261.7773867,2.1499310061079453,314.13286403999996,9.623189068356059,209.42190936,6.1689065190156,2025-12-25 11:00:00
2025-12-25 08:00:00,medium,479.624191,442.222831313183,2691.687863,1884.1815041,44.15658142143465,0.0,2647.5312815785655,155,3.0,133.44177560585098,269.1687863,6.986758807611755,323.00254356,23.494375364896047,215.33502904000002,13.675447248926849,2025-12-25 11:00:00
2025-12-25 09:00:00,medium,483.37796275,496.15191609385516,2751.4400729999998,1926.0080510999996,53.30400403529379,0.0,2698.136068964706,155,2.0,140.39056837976642,275.1440073,10.911871092388111,330.17280875999995,27.702507481717515,220.11520584,14.68962546118816,2025-12-25 11:00:00
2025-12-25 10:00:00,medium,401.6352995,417.75428553142746,2923.306108,2046.3142756,29.87546303539603,0.0,2893.430644964604,155,1.0,64.22014283547414,292.33061080000004,7.730409086216131,350.79673296,14.935978754126005,233.86448864000002,7.209075195053893,2025-12-25 11:00:00
2025-12-25 11:00:00,medium,375.07874400000003,335.7894160085498,3038.1039929999997,2126.6727951,0.1433691517842601,192.46280618577168,3230.423430033987,262,107.0,1.2257242038964244,303.8103993,0.0,364.57247915999994,0.0,243.04831943999997,0.1433691517842601,2025-12-29 22:00:00
2025-12-25 12:00:00,medium,362.211315,464.82891311296163,3039.475736,2127.6330151999996,0.04068241472510634,0.0,3039.4350535852745,262,106.0,0.3476540920288206,303.9475736,0.0,364.73708832,0.0,243.15805888,0.04068241472510634,2025-12-29 22:00:00
2025-12-25 13:00:00,medium,357.56112875,383.62193940014834,3004.030307,2102.8212149,0.002266452107449275,0.0,3004.0280405478925,262,105.0,0.019596635155324903,300.4030307,0.0,360.48363684,0.0,240.32242456,0.002266452107449275,2025-12-29 22:00:00
2025-12-25 14:00:00,medium,512.063538,446.54184565385435,2755.333043,1928.7331301,4.115681550814785,0.0,2751.2173614491853,204,46.0,38.83465299454674,275.5333043,0.0,330.63996516,0.0,220.42664344000002,4.115681550814785,2025-12-27 12:00:00
2025-12-25 15:00:00,medium,667.947937,704.0583854748606,2729.170201,1910.4191406999998,19.93020743501609,0.0,2709.2399935649837,204,45.0,90.42601167365154,272.9170201,3.570648308686212,327.50042412,6.906882751239301,218.33361607999998,9.452676375090576,2025-12-27 12:00:00
2025-12-25 16:00:00,medium,689.01390075,635.4064088874973,2848.965456,1994.2758192,21.935553777536533,10.477531059925514,2837.5074332823892,204,44.0,99.72740724032037,284.8965456,2.5235119960864507,341.87585471999995,8.5414731486947,227.91723647999999,10.870568632755383,2025-12-27 12:00:00
2025-12-25 17:00:00,medium,702.23616025,745.5258134558349,2933.54962,2053.4847339999997,29.46968102665828,0.0,2904.0799389733415,204,43.0,106.76474606155514,293.354962,4.919873767493375,352.02595439999993,12.577500079129681,234.68396959999998,11.972307180035225,2025-12-27 12:00:00
2025-12-25 18:00:00,medium,702.60966275,766.3324195954073,2864.0214929999997,2004.8150450999997,33.11718674960608,0.0,2830.904306250394,204,42.0,109.59821110000081,286.40214929999996,7.203344301555155,343.68257915999993,13.919672306693505,229.12171944,11.99417014135742,2025-12-27 12:00:00
2025-12-25 19:00:00,medium,685.1293949999999,639.9918674906559,2759.473039,1931.6311273,22.033841416152093,49.685375599652865,2787.124573183501,204,41.0,106.10084474020947,275.9473039,0.6969874801817061,331.13676468,10.144025829032133,220.75784312,11.192828106938254,2025-12-27 12:00:00
2025-12-25 20:00:00,medium,680.03099075,733.0166778584377,2647.918891,1853.5432236999998,22.549600926596366,0.0,2625.3692900734036,204,40.0,106.91120230619552,264.7918891,1.2665446424007378,317.75026691999994,10.461843094005335,211.83351127999998,10.821213190190292,2025-12-27 12:00:00
2025-12-25 21:00:00,medium,692.48753275,715.1904837315075,2560.745919,1792.5221433,26.018330665800853,0.0,2534.727588334199,204,39.0,114.31618467222675,256.07459190000003,2.0860734120436466,307.28951028,12.753881443489648,204.85967352,11.17837581026756,2025-12-27 12:00:00
2025-12-25 22:00:00,medium,718.27840725,763.491716049697,2467.4654,1727.22578,32.59801373526255,0.0,2434.8673862647374,204,38.0,127.18450186501363,246.74654,3.7681734886217493,296.095848,16.869320855891793,197.397232,11.960519390749006,2025-12-27 12:00:00
2025-12-25 23:00:00,medium,683.2991885,787.6228025459671,2433.7938059999997,1703.6556641999996,29.01731814856351,0.0,2404.7764878514363,204,37.0,116.53383360949381,243.3793806,4.006694742734723,292.05525671999993,14.183780794409719,194.70350448,10.826842611419066,2025-12-27 12:00:00
2025-12-26 00:00:00,medium,725.35640925,711.8600628698421,2463.7183280000004,1724.6028296000002,44.28560989147772,0.0,2419.4327181085227,171,3.0,138.98264604795483,246.37183280000005,8.823994794971249,295.64619936,22.43684123106306,197.09746624000005,13.024773865443413,2025-12-26 03:00:00
2025-12-26 01:00:00,medium,680.1803837499999,638.724894710338,2502.2470780000003,1751.5729546000002,38.37106483708628,0.6969874801817061,2464.573000643096,204,35.0,121.20853977648575,250.22470780000003,8.836112924806077,300.26964936,17.965068286716143,200.17976624000002,11.569883625564064,2025-12-27 12:00:00
2025-12-26 02:00:00,medium,641.073883,592.1505893705962,2516.821408,1761.7749855999998,29.76709348258607,51.22443523664124,2538.278749754055,204,34.0,107.56224621270349,251.68214079999998,6.623124624340012,302.01856896,12.79677724445822,201.34571264,10.34719161378784,2025-12-27 12:00:00
2025-12-26 03:00:00,medium,620.4187835,575.5492178269009,2507.1867970000003,1755.0307579,13.734973533309924,114.82259603778641,2608.2744195044766,204,33.0,101.23341006571107,250.71867970000005,0.924742751595609,300.86241564000005,3.101130029192148,200.57494376000002,9.709100752522167,2025-12-27 12:00:00
2025-12-26 04:00:00,medium,615.4884535,611.2478594822243,2465.8284620000004,1726.0799234,12.657894207498483,0.924742751595609,2454.0953105440976,204,32.0,101.5808059709674,246.58284620000006,0.0,295.89941544000004,3.076607090822984,197.26627696000003,9.5812871166755,2025-12-27 12:00:00
2025-12-26 05:00:00,medium,618.7940245,637.5573831149154,2413.186613,1689.2306290999998,13.411988504917694,0.0,2399.774624495082,204,31.0,105.6752253751516,241.3186613,0.0,289.58239355999996,3.662465789950113,193.05492904,9.749522714967581,2025-12-27 12:00:00
2025-12-26 06:00:00,medium,635.11639125,650.334385213151,2380.870643,1666.6094501,16.093044688644333,0.0,2364.777598311356,204,30.0,116.0605465562418,238.08706430000004,0.0,285.70447716,5.5439256342849825,190.46965144,10.54911905435935,2025-12-27 12:00:00
2025-12-26 07:00:00,medium,695.587671,741.0827496969813,2452.941911,1717.0593376999998,28.4780210718097,0.0,2424.4638899281904,204,29.0,148.28635977954204,245.2941911,1.9248802146222646,294.35302931999996,12.740120770483813,196.23535288,13.81302008670362,2025-12-27 12:00:00
2025-12-26 08:00:00,medium,738.802778,739.5178820532849,2587.321729,1811.1252102999997,43.434317023337655,0.0,2543.887411976662,204,28.0,173.50023388746322,258.73217289999997,6.036831706788802,310.47860747999994,20.435369276039594,206.98573832,16.962116040509255,2025-12-27 12:00:00
2025-12-26 09:00:00,medium,722.5924552500001,802.5368294936525,2745.1187990000003,1921.5831593,47.415490524057006,0.0,2697.7033084759432,204,27.0,169.63882331105788,274.51187990000005,7.763311528721775,329.41425588000004,22.04177298288536,219.60950392000004,17.61040601244987,2025-12-27 12:00:00
2025-12-26 10:00:00,medium,666.71535,652.1592241719123,2865.95519,2006.168633,36.85997367036495,15.725023450132841,2844.820239779768,204,26.0,144.76284375540624,286.595519,4.819255094783729,343.9146228,16.275353862340403,229.2764152,15.76536471324082,2025-12-27 12:00:00
2025-12-26 11:00:00,medium,634.9109755,784.520279662429,2865.8588510000004,2006.1011957,31.177856375110927,0.0,2834.6809946248895,204,25.0,131.40387766451047,286.58588510000004,4.733493540021237,343.90306212,12.101578255000492,229.26870808000004,14.342784580089196,2025-12-27 12:00:00
2025-12-26 12:00:00,medium,614.89083925,649.3025433770754,2782.2658340000003,1947.5860838,26.673111875169738,0.0,2755.5927221248307,204,24.0,123.74309893477704,278.22658340000004,4.616553513297386,333.87190008000005,8.927986333742666,222.58126672000003,13.128572028129685,2025-12-27 12:00:00
2025-12-26 13:00:00,medium,620.7549425,573.6112768971044,2671.844917,1870.2914418999999,18.123491455907,122.07561217284491,2775.797037716938,204,23.0,130.17542984833892,267.1844917,0.0,320.62139004,4.874055090423932,213.74759336,13.249436365483069,2025-12-27 12:00:00
2025-12-26 14:00:00,medium,692.4875455,633.5884581066389,2629.023679,1840.3165752999998,24.919347828367528,0.0,2604.1043311716326,204,22.0,174.8569482432177,262.9023679,0.0,315.48284148,7.554101516381435,210.32189431999998,17.36524631198609,2025-12-27 12:00:00
2025-12-26 15:00:00,medium,815.31630175,841.8522845883751,2557.5224719999997,1790.2657303999997,38.15929527777298,0.0,2519.363176722227,204,21.0,251.94348262072003,255.75224719999997,0.9146496254869946,306.90269663999993,13.38406733996669,204.60179775999998,23.860578312319298,2025-12-27 12:00:00
2025-12-26 16:00:00,medium,872.313922,860.0234688070783,2666.127276,1866.2890932,51.71405053705324,0.0,2614.413225462947,199,15.0,296.83422083560214,266.6127276,2.6558852961179604,319.93527312000003,20.17560719022083,213.29018208000002,28.882558050714447,2025-12-27 07:00:00
2025-12-26 17:00:00,medium,899.9349755,939.205002675065,2755.7793220000003,1929.0455254,63.22484028005074,0.0,2692.5544817199498,199,14.0,323.81284233876363,275.5779322,5.014801489071381,330.69351864000004,25.957892279098143,220.46234576000003,32.252146511881215,2025-12-27 07:00:00
2025-12-26 18:00:00,medium,873.8079825,899.836051851545,2704.510679,1893.1574752999998,62.85340132455326,0.0,2641.6572776754465,199,13.0,313.1327363590124,270.4510679,6.063776759237333,324.54128148,26.06086742271242,216.36085432000002,30.728757142603506,2025-12-27 07:00:00
2025-12-26 19:00:00,medium,868.504135,864.498544803872,2624.471748,1837.1302236,66.41089714416309,0.0,2558.0608508558366,199,12.0,317.1305424523679,262.4471748,8.394353147355954,314.93660975999995,27.860514959697277,209.95773984,30.156029037109864,2025-12-27 07:00:00
2025-12-26 20:00:00,medium,849.54851175,802.9748572562377,2528.72579,1770.108053,66.62495455057633,0.0,2462.100835449424,199,11.0,310.76057735747196,252.872579,10.129936355254777,303.4470948,27.956706729798583,202.2980632,28.538311465522973,2025-12-27 07:00:00
2025-12-26 21:00:00,medium,832.92729975,749.6107023922774,2445.324827,1711.7273788999998,61.85933262914998,33.173402672524404,2416.6388970433745,199,10.0,305.6829059063216,244.5324827,6.396318647748263,293.43897924,28.267436971564095,195.62598616,27.195577009837628,2025-12-27 07:00:00
2025-12-26 22:00:00,medium,808.6864955,784.1281731363138,2428.026145,1699.6183014999997,62.69440175542811,0.0,2365.3317432445715,204,14.0,295.45477497055646,242.8026145,8.403507961206165,291.36313739999997,28.097448310301058,194.24209159999998,26.19344548392089,2025-12-27 12:00:00
2025-12-26 23:00:00,medium,742.2951025,789.397036187791,2318.032516,1622.6227612,52.93467192973371,0.0,2265.0978440702665,204,13.0,254.9646507195533,231.80325160000004,7.830904514176177,278.16390192,23.238171401384857,185.44260128000002,21.865596014172677,2025-12-27 12:00:00
2025-12-27 00:00:00,medium,722.293625,734.0687809271612,2299.955417,1609.9687919,55.01201142602412,0.0,2244.943405573976,204,12.0,246.6016526094323,229.99554170000002,9.732177132608202,275.99465004,24.243764839474007,183.99643336000003,21.03606945394191,2025-12-27 12:00:00
2025-12-27 01:00:00,medium,685.2041135,616.6884806708406,2353.6078190000003,1647.5254733000002,49.3112069534085,230.1234494590979,2534.42006150569,204,11.0,224.67224416733148,235.36078190000003,5.272040490970266,282.43293828000003,24.304565361772912,188.28862552000004,19.734601100665323,2025-12-27 12:00:00
2025-12-27 02:00:00,medium,627.7395925,637.264543421815,2284.549378,1599.1845646,40.49874185204553,0.0,2244.0506361479547,204,10.0,185.6064351532982,228.45493780000004,4.1001419295055195,274.14592536000004,20.418986475967564,182.76395024,15.979613446572444,2025-12-27 12:00:00
2025-12-27 03:00:00,medium,604.11508125,625.307537135086,2291.218938,1603.8532566,39.57158352814003,0.0,2251.64735447186,204,9.0,171.4405290359252,229.1218938,4.539621380583068,274.94627256,20.182897867586338,183.29751504,14.849064279970628,2025-12-27 12:00:00
2025-12-27 04:00:00,medium,609.7363937499999,561.1242347589376,2302.957205,1612.0700435,46.28871789862125,9.372182420475784,2266.040669521855,204,8.0,180.3829081076531,230.29572050000002,7.03282733407778,276.3548646,23.582530078726975,184.23657640000002,15.673360485816497,2025-12-27 12:00:00
2025-12-27 05:00:00,medium,540.87982175,549.334702577004,2575.269996,1802.6889972,37.20341586607216,0.0,2538.066580133928,204,7.0,127.14719037544496,257.5269996,6.963960795808868,309.03239952,17.759964100729583,206.02159968,12.479490969533712,2025-12-27 12:00:00
2025-12-27 06:00:00,medium,510.55082649999997,513.75230601453,2495.133169,1746.5932183,30.545419528152355,0.0,2464.587749471848,204,6.0,104.26152869550911,249.51331690000004,7.025878180266954,299.41598028,13.571959304422993,199.61065352000003,9.947582043462408,2025-12-27 12:00:00
2025-12-27 07:00:00,medium,503.2860455,440.4226791193157,2577.995213,1804.5966491,26.382915969936395,383.04666294527686,2934.6589599753406,204,5.0,100.48977513004174,257.79952130000004,2.3832836468172633,309.35942556000003,14.088731699962791,206.23961704,9.91090062315634,2025-12-27 12:00:00
2025-12-27 08:00:00,medium,509.50498949999997,529.1832943191555,2746.203481,1922.3424366999998,33.21746848776297,0.0,2712.986012512237,204,4.0,108.66081913080167,274.6203481,3.9932251827935312,329.54441772,17.820391405404955,219.69627848000002,11.403851899564486,2025-12-27 12:00:00
2025-12-27 09:00:00,medium,500.42869075,531.2718397002528,2954.375246,2068.0626721999997,37.53240632833284,0.0,2916.842839671667,204,3.0,102.99110381809662,295.4375246,5.922040711360613,354.52502952,19.973487990159647,236.35001968,11.636877626812577,2025-12-27 12:00:00
2025-12-27 10:00:00,medium,491.57650724999996,551.1443256246401,3074.8630430000003,2152.4041301,41.45245532098973,0.0,3033.4105876790104,204,2.0,97.17787860791596,307.48630430000003,8.455474791146305,368.98356516,21.560827052825488,245.98904344000002,11.436153477017937,2025-12-27 12:00:00
2025-12-27 11:00:00,medium,481.34233325,539.3014461119196,3136.5150860000003,2195.5605602,44.644798242487596,0.0,3091.870287757513,204,1.0,89.65645697356108,313.65150860000006,11.56339777773344,376.38181032,22.309374144687435,250.92120688000003,10.772026320066722,2025-12-27 12:00:00
2025-12-27 12:00:00,medium,465.1880275,389.41621226236,3193.16959,2235.2187129999998,22.99153494749103,652.9776799459713,3823.1557349984805,205,1.0,45.18860276988169,319.316959,5.946038180878396,383.1803508,11.497282301334453,255.4535672,5.548214465278183,2025-12-27 13:00:00
2025-12-27 13:00:00,medium,470.43584699999997,418.8554698046682,3016.1660039999997,2111.3162027999997,4.961852365076991,22.99153494749103,3034.1956865824136,240,35.0,42.778774024593396,301.6166004,0.0,361.93992047999996,0.0,241.29328031999998,4.961852365076991,2025-12-29 00:00:00
2025-12-27 14:00:00,medium,498.35571375,526.6826534464763,2944.245742,2060.9720194,6.312187761335349,0.0,2937.933554238665,240,34.0,55.795091791882065,294.4245742,0.0,353.30948904,0.0,235.53965936,6.312187761335349,2025-12-29 00:00:00
2025-12-27 15:00:00,medium,570.3124005,598.5706278001715,2756.020515,1929.2143604999999,11.552275696071009,0.0,2744.4682393039293,240,33.0,88.74148934095408,275.6020515,0.0,330.7224618,2.18265575267074,220.4816412,9.369619943400268,2025-12-29 00:00:00
2025-12-27 16:00:00,medium,675.97838125,704.3060039968326,2754.99727,1928.4980889999997,22.694160815455163,0.0,2732.3031091845446,240,32.0,138.46677651196543,275.499727,0.0,330.5996724,8.182275587325888,220.39978159999998,14.511885228129275,2025-12-29 00:00:00
2025-12-27 17:00:00,medium,763.37974375,975.2799757360096,2867.457304,2007.2201128,40.526338267153136,0.0,2826.9309657328467,240,31.0,182.2382178162062,286.7457304,1.8090013606733633,344.09487648,19.009527267476308,229.39658432000002,19.70780963900346,2025-12-29 00:00:00
2025-12-27 18:00:00,medium,795.74438675,827.1433648381242,2838.331798,1986.8322586,50.934666509721936,0.0,2787.3971314902783,221,11.0,208.01683551359943,283.83317980000004,3.782914204400598,340.59981576,25.020791215298477,227.06654384,22.13096109002286,2025-12-28 05:00:00
2025-12-27 19:00:00,medium,777.25563825,839.7117484599329,2691.0348710000003,1883.7244097,48.917613159847065,0.0,2642.1172578401533,221,10.0,198.88375496592622,269.10348710000005,4.450882458943599,322.92418452000004,24.360141109012847,215.28278968000004,20.10658959189062,2025-12-28 05:00:00
2025-12-27 20:00:00,medium,753.8365592499999,806.3066562421261,2567.1238089999997,1796.9866662999996,46.660128127278455,0.0,2520.4636808727214,240,28.0,191.69268149547995,256.71238089999997,5.168485615667812,308.05485708,22.972719162867378,205.36990472,18.518923348743268,2025-12-29 00:00:00
2025-12-27 21:00:00,medium,693.23456775,729.0610865718189,2502.48661,1751.740627,36.5941261928903,0.0,2465.89248380711,240,27.0,165.68951175735992,250.248661,4.778387566651757,300.29839319999996,16.12283092598723,200.1989288,15.69290770025131,2025-12-29 00:00:00
2025-12-27 22:00:00,medium,703.02051075,685.680702294781,2435.1123620000003,1704.5786534000001,42.9441058538622,10.04279802401756,2402.2110541701554,240,26.0,174.99267193190525,243.51123620000004,7.569028946426297,292.21348344,19.278639317442867,194.80898896000002,16.096437589993037,2025-12-29 00:00:00
2025-12-27 23:00:00,medium,671.5896575,713.3329646271297,2397.227023,1678.0589160999998,38.46375728365041,0.0,2358.7632657163495,240,25.0,162.59890910258758,239.7227023,8.088784484558099,287.66724275999997,15.613330970745798,191.77816184,14.761641828346512,2025-12-29 00:00:00
2025-12-28 00:00:00,medium,629.99931125,587.4939244504335,2442.961054,1710.0727378,29.948507227039528,176.16494216946074,2589.177488942421,240,24.0,143.88985411248063,244.2961054,3.9085842264517003,293.15532648,12.680369049012821,195.43688432,13.359553951575005,2025-12-29 00:00:00
2025-12-28 01:00:00,medium,622.7905792500001,609.7655558792995,2486.7722430000003,1740.7405701000002,32.35252633368725,0.0,2454.419716666313,240,23.0,143.4760545172561,248.67722430000003,5.212891902699088,298.41266916,13.578605529451554,198.94177944000003,13.561028901536607,2025-12-29 00:00:00
2025-12-28 02:00:00,medium,597.3171995,570.6222043693994,2558.0384219999996,1790.6268953999997,28.168632852168507,9.121476129150789,2538.9912652769817,240,22.0,132.4113065132173,255.80384219999996,3.4857824736915677,306.96461063999993,11.784594401394207,204.64307375999996,12.89825597708273,2025-12-29 00:00:00
2025-12-28 03:00:00,medium,588.78248125,593.2855589162477,2463.875,1724.7124999999999,28.05841707797039,0.0,2435.8165829220297,240,21.0,130.71455633224966,246.38750000000002,4.440761481841862,295.66499999999996,11.349992660017492,197.11,12.267662936111035,2025-12-29 00:00:00
2025-12-28 04:00:00,medium,600.9589165,728.265137667043,2338.86162,1637.203134,34.329815655730755,0.0,2304.5318043442694,240,20.0,141.40899238522843,233.886162,7.422732318629961,280.6633944,14.33181985657297,187.1089296,12.57526348052782,2025-12-29 00:00:00
2025-12-28 05:00:00,medium,624.5834275,521.8838419074539,2262.5520530000003,1583.7864371,22.290045657158778,123.49486420519665,2363.7568715480384,240,19.0,159.680508427892,226.25520530000006,1.518938916399509,271.50624636000003,7.08090015923182,181.00416424000002,13.690206581527448,2025-12-29 00:00:00
2025-12-28 06:00:00,medium,646.0042149999999,683.7485254705982,2289.316218,1602.5213525999998,28.467492423406693,0.0,2260.848725576593,240,18.0,177.38133688405395,228.93162180000002,4.2622365269793026,274.71794616,8.873905933427176,183.14529744,15.331349963000214,2025-12-29 00:00:00
2025-12-28 07:00:00,medium,688.37893,599.6795570845691,2438.24298,1706.770086,36.920434270420216,5.781175443378812,2407.1037211729586,240,17.0,209.5750751265466,243.824298,2.5847715569481666,292.58915759999996,15.189411034407891,195.0594384,19.146251679064154,2025-12-29 00:00:00
2025-12-28 08:00:00,medium,714.26317125,688.3069186315812,2591.678665,1814.1750654999998,49.472508734903414,0.0,2542.2061562650965,240,16.0,232.231219198589,259.1678665,5.307309168428745,311.00143979999996,21.749974034024447,207.3342932,22.41522553245022,2025-12-29 00:00:00
2025-12-28 09:00:00,medium,721.3598665,781.2521493332051,2728.3360040000002,1909.8352028,60.36652011433321,0.0,2667.969483885667,240,15.0,242.98766306230812,272.8336004,8.84491256851647,327.40032048,26.90710246087076,218.26688032,24.614505084945982,2025-12-29 00:00:00
2025-12-28 10:00:00,medium,658.96501575,662.5004168002505,2793.283826,1955.2986781999998,48.33130221064731,0.0,2744.9525237893527,240,14.0,205.17001685537804,279.3283826,7.558417038503674,335.19405911999996,19.27588782279065,223.46270608,21.496997349352988,2025-12-29 00:00:00
2025-12-28 11:00:00,medium,660.1229002499999,600.8469374638881,2761.281069,1932.8967483,54.79147008685701,16.73699329389338,2723.2265922070364,240,13.0,211.20052378367916,276.12810690000003,11.253105773199987,331.35372828,21.6963531993243,220.90248552000003,21.842011114332728,2025-12-29 00:00:00
2025-12-28 12:00:00,medium,597.7840719999999,558.4423679907017,2777.086083,1943.9602581,37.35858060350443,123.63025136312172,2863.3577537596175,240,12.0,170.36535067453727,277.70860830000004,1.8966126928584217,333.25032996,17.572902038885815,222.16688664000003,17.88906587176019,2025-12-29 00:00:00
2025-12-28 13:00:00,medium,597.802751,635.1806271914071,2744.086133,1920.8602930999998,40.46043574412074,0.0,2703.625697255879,240,11.0,174.6923581077395,274.4086133,2.7960794977923653,329.29033595999994,19.555520307618643,219.52689063999998,18.108835938709728,2025-12-29 00:00:00
2025-12-28 14:00:00,medium,630.8210225,590.6508577555575,2764.802211,1935.3615477,53.069952077283595,0.0,2711.7322589227165,240,10.0,204.82937190779793,276.48022110000005,5.847943409893516,331.77626532,25.977729602241435,221.18417688000002,21.244279065148643,2025-12-29 00:00:00
2025-12-28 15:00:00,medium,637.69362125,649.5988436770086,2866.986574,2006.8906017999998,63.87872352634921,0.0,2803.1078504736506,240,9.0,215.50253371148727,286.6986574,9.563926367510685,344.03838888,31.200424510598086,229.35892592000002,23.11437264824044,2025-12-29 00:00:00
2025-12-28 16:00:00,medium,601.05228475,603.5587359447097,2919.3906690000003,2043.5734683,61.35172477048233,0.0,2858.038944229518,240,8.0,190.95861729928464,291.93906690000006,10.233733472724598,350.32688028,30.13490677432914,233.55125352000005,20.983084523428595,2025-12-29 00:00:00
2025-12-28 17:00:00,medium,549.50790825,513.6698891316801,3149.856991,2204.8998937,53.18839253269199,30.338295440779586,3127.006893908088,240,7.0,152.52346897729797,314.98569910000003,8.011209795934159,377.98283892,26.947224077904583,251.98855928,18.22995865885325,2025-12-29 00:00:00
2025-12-28 18:00:00,medium,526.16354425,644.0804691628929,3170.62534,2219.437738,52.01678757047879,0.0,3118.6085524295213,240,6.0,136.29193867789226,317.062534,10.02992505433903,380.4750408,25.54189420197011,253.6500272,16.44496831416965,2025-12-29 00:00:00
2025-12-28 19:00:00,medium,520.112675,554.9782212274906,2962.334794,2073.6343558,53.88385002465776,0.0,2908.450943975342,240,5.0,134.4023121609618,296.2334794,13.232832021701485,355.48017527999997,25.494599327715576,236.98678352,15.156418675240698,2025-12-29 00:00:00
2025-12-28 20:00:00,medium,519.96326725,408.58042498383156,2891.3741609999997,2023.9619126999996,44.17206147715849,249.65397380589707,3096.8560733287386,240,4.0,137.66953316933385,289.1374161,5.325304697232218,346.96489932,23.702133638485737,231.30993288,15.144623141440544,2025-12-29 00:00:00
2025-12-28 21:00:00,medium,515.59320775,525.8481950623186,2769.182849,1938.4279942999997,46.65184483892375,0.0,2722.531004161076,240,3.0,137.10035975806426,276.9182849,7.3844058608816185,332.30194187999996,24.8214039170409,221.53462792,14.44603506100123,2025-12-29 00:00:00
2025-12-28 22:00:00,medium,512.530411,476.1321554377386,2722.9287000000004,1906.0500900000002,51.744912162864594,0.0,2671.1837878371357,240,2.0,137.65764949941698,272.29287000000005,10.589923754484007,326.75144400000005,26.893861802657526,217.83429600000002,14.26112660572306,2025-12-29 00:00:00
2025-12-28 23:00:00,medium,512.43704275,559.3208761637924,2769.7431149999998,1938.8201804999997,61.5842983805397,0.0,2708.15881661946,240,1.0,141.05140650791066,276.9743115,15.99785042756821,332.36917379999994,30.73120987732172,221.5794492,14.855238075649773,2025-12-29 00:00:00
2025-12-29 00:00:00,medium,411.40354349999996,367.8149028862014,3009.015329,2106.3107302999997,8.145187120620584,678.4556785108241,3679.3258203902033,317,77.0,59.72481999541533,300.9015329,0.22215312561305062,361.08183948,1.019599248253178,240.72122632,6.903434746754354,2026-01-01 05:00:00
2025-12-29 01:00:00,medium,478.53297825,472.22247396932056,2970.93693,2079.655851,25.394827013825246,0.0,2945.5421029861745,262,21.0,71.72157596149297,297.093693,3.929948290911203,356.51243159999996,13.28777919494268,237.6749544,8.177099527971365,2025-12-29 22:00:00
2025-12-29 02:00:00,medium,473.49126125,501.2655615939251,2852.445692,1996.7119843999997,26.545257337703596,0.0,2825.900434662296,317,75.0,72.30843689446951,285.2445692,5.239616886963254,342.29348303999996,13.390851172715918,228.19565536,7.914789278024424,2026-01-01 05:00:00
2025-12-29 03:00:00,medium,471.19448375,518.8110194293567,2747.229561,1923.0606927,29.09062281734737,0.0,2718.1389381826525,317,74.0,73.77779490363315,274.72295610000003,7.269158717251706,329.66754732,14.044767669955014,219.77836488000003,7.776696430140649,2026-01-01 05:00:00
2025-12-29 04:00:00,medium,471.3252005,405.3088981119323,2577.81607,1804.4712489999997,10.456977800124706,57.38427505835283,2624.743367258228,317,73.0,75.66656252012851,257.781607,0.0,309.33792839999995,2.974359703749704,206.2252856,7.482618096375003,2026-01-01 05:00:00
2025-12-29 05:00:00,medium,499.93222175,481.53465377874784,2468.231063,1727.7617441,14.534456454500349,0.0,2453.6966065455,262,17.0,93.25477877613179,246.82310630000003,1.705056569254811,296.18772756,4.015937728745248,197.45848504000003,8.81346215650029,2025-12-29 22:00:00
2025-12-29 06:00:00,medium,508.87660525,482.75461313614744,2587.014716,1810.9103012,17.175239042593685,1.705056569254811,2571.5445335266613,262,16.0,101.61113429980892,258.70147160000005,2.077313934939575,310.44176592,5.0427910204565825,206.96117728000002,10.055134087197528,2025-12-29 22:00:00
2025-12-29 07:00:00,medium,524.84200925,488.9089014584459,2739.306148,1917.5143036,20.521618488929917,2.077313934939575,2720.8618434460095,262,15.0,115.15628341199904,273.9306148,1.8244218446347351,328.71673776,6.652924743034473,219.14449184,12.044271901260707,2025-12-29 22:00:00
2025-12-29 08:00:00,medium,541.124869,638.2248522154603,3023.47245,2116.430715,30.32524480949698,0.0,2993.1472051905034,262,14.0,129.54581593810428,302.34724500000004,4.3297345630075315,362.816694,11.073386340162235,241.87779600000002,14.922123906327213,2025-12-29 22:00:00
2025-12-29 09:00:00,medium,556.791516,579.0655101028526,2949.1075490000003,2064.3752843,40.04468132146184,0.0,2909.0628676785386,262,13.0,144.1448648793674,294.91075490000003,8.148265622532014,353.89290588,15.741106031515594,235.92860392000003,16.155309667414233,2025-12-29 22:00:00
2025-12-29 10:00:00,medium,557.33303475,487.98441726157256,3010.498829,2107.3491803,29.603375585565225,41.11691440185211,3022.012367816287,262,12.0,148.19507646360688,301.0498829,0.16493089653506912,361.25985948,12.495859436842014,240.83990632,16.94258525218814,2025-12-29 22:00:00
2025-12-29 11:00:00,medium,564.59682975,615.0792368380127,2998.836328,2099.1854295999997,33.07353595258164,0.0,2965.7627920474183,262,11.0,157.4640288762309,299.8836328,0.6387425130859196,359.86035935999996,14.533605744545437,239.90690623999998,17.901187694950288,2025-12-29 22:00:00
2025-12-29 12:00:00,medium,568.14470175,684.8632925856948,2886.7807749999997,2020.7465424999996,35.170922192947,0.0,2851.609852807053,262,10.0,164.21333523733193,288.6780775,1.19337166286699,346.41369299999997,16.030667892518938,230.94246199999998,17.946882637561078,2025-12-29 22:00:00
2025-12-29 13:00:00,medium,600.54235475,657.327944080313,2808.546673,1965.9826710999998,46.14216175144523,0.0,2762.4045112485546,262,9.0,194.24046698082182,280.8546673,5.3875376661882095,337.02560076,20.23713485878726,224.68373384,20.51748922646976,2025-12-29 22:00:00
2025-12-29 14:00:00,medium,636.3758290000001,552.8104808725293,2818.5607660000005,1972.9925362000001,52.20217813241031,7.384582738676189,2773.7431706062666,262,8.0,228.4956551712657,281.85607660000005,2.024929901678762,338.22729192,26.167002917831237,225.48486128000005,24.010245312900306,2025-12-29 22:00:00
2025-12-29 15:00:00,medium,652.80807625,626.1752022423561,2896.7539159999997,2027.7277411999996,62.10394396376991,0.0,2834.64997203623,262,7.0,248.07421554226258,289.67539159999995,3.4904418188446984,347.61046991999996,31.972330927324794,231.74031327999998,26.641171217600412,2025-12-29 22:00:00
2025-12-29 16:00:00,medium,662.59273925,732.2728524552642,2946.327944,2062.4295607999998,71.90853846609558,0.0,2874.4194055339044,262,6.0,262.77598169844924,294.6327944,5.6427516630635575,353.55935328,37.69094620689102,235.70623552,28.574840596141,2025-12-29 22:00:00
2025-12-29 17:00:00,medium,696.0547367500001,657.1329161409672,3066.484014,2146.5388098,92.58753130489389,0.0,2973.8964826951064,262,5.0,298.95829649411417,306.6484014,10.59586958496008,367.97808168,48.55899001433336,245.31872112000002,33.43267170560044,2025-12-29 22:00:00
2025-12-29 18:00:00,medium,668.82952875,693.2395972980426,3045.503729,2131.8526103,94.83504970606353,0.0,2950.6686792939363,262,4.0,281.8920748894285,304.5503729,13.447874669172142,365.46044747999997,49.8962369999329,243.64029832,31.490938036958486,2025-12-29 22:00:00
2025-12-29 19:00:00,medium,611.93288125,654.5377541886136,2935.203749,2054.6426242999996,83.771741422214,0.0,2851.432007577786,262,3.0,236.24271262807903,293.5203749,13.447963093345441,352.22444987999995,44.528065377970236,234.81629991999998,25.795712950898327,2025-12-29 22:00:00
2025-12-29 20:00:00,medium,555.3537005000001,504.3725245632055,2881.890963,2017.3236740999998,74.32557015555639,35.20186763771924,2842.767260482163,262,2.0,188.4034438277325,288.1890963,15.297753950101082,345.82691556,38.57932111435687,230.55127704,20.448495091098437,2025-12-29 22:00:00
2025-12-29 21:00:00,medium,540.62068875,537.346794166601,2845.486342,1991.8404394,79.62970890806233,0.0,2765.856633091938,262,1.0,178.80364732164406,284.54863420000004,20.746427510255465,341.45836104,39.68047533231692,227.63890736000002,19.20280606548995,2025-12-29 22:00:00
2025-12-29 22:00:00,medium,535.56030925,357.29060554620105,2753.79861,1927.6590269999997,34.11916173593604,802.8271388747371,3522.506587138801,317,55.0,134.9099709672952,275.379861,6.812558059758395,330.4558332,13.165115660006018,220.30388879999998,14.141488016171628,2026-01-01 05:00:00
2025-12-29 23:00:00,medium,530.3131852500001,473.97186497661414,2739.320181,1917.5241267,31.6582727391635,19.97767371976441,2727.639581980601,317,54.0,136.9649673488782,273.9320181,3.8919492456797107,328.71842172,13.489857260759383,219.14561448,14.276466232724408,2026-01-01 05:00:00
2025-12-30 00:00:00,medium,562.4641792499999,548.5729309233761,2740.303675,1918.2125724999999,45.351049776348866,0.0,2694.9526252236515,317,53.0,148.97808134778975,274.0303675,9.33144564843138,328.836441,20.518378236205614,219.22429400000001,15.501225891711874,2026-01-01 05:00:00
2025-12-30 01:00:00,medium,546.21931275,477.59123774193324,2734.325869,1914.0281082999998,43.3074767972929,13.223394894111092,2704.241787096818,317,52.0,148.32223683776408,273.4325869,7.8632510488627,328.11910428,20.04305072191956,218.74606952,15.401175026510641,2026-01-01 05:00:00
2025-12-30 02:00:00,medium,535.50145975,625.28408146624,2790.8600109999998,1953.6020076999996,47.303640060809514,0.0,2743.5563709391904,317,51.0,149.08213209872022,279.0860011,10.757302635208188,334.90320131999994,20.748403305178144,223.26880088,15.797934120423184,2026-01-01 05:00:00
2025-12-30 03:00:00,medium,518.024232,439.3664562121652,2891.567573,2024.0973010999996,26.58260802190638,93.4202432081336,2958.4052081862274,317,50.0,147.84885465464515,289.1567573,3.525823960967857,346.98810876,6.820513786545563,231.32540584,16.23627027439296,2026-01-01 05:00:00
2025-12-30 04:00:00,medium,511.89975225,487.6973054816659,2681.6421809999997,1877.1495266999996,15.250030550497142,10.34633774751342,2676.738488197016,317,49.0,149.7925531425882,268.16421809999997,0.0,321.79706171999993,0.0,214.53137447999998,15.250030550497142,2026-01-01 05:00:00
2025-12-30 05:00:00,medium,537.36868275,544.559414500735,2780.4806209999997,1946.3364346999997,17.634583292589593,0.0,2762.8460377074102,317,48.0,161.25566412924886,278.0480621,0.18252016331251555,333.65767451999994,0.46731596787344737,222.43844968,16.98474716140363,2026-01-01 05:00:00
2025-12-30 06:00:00,medium,568.17789525,647.4479261486364,2765.657591,1935.9603137,29.113830037740776,0.0,2736.5437609622595,317,47.0,174.85234027116906,276.56575910000004,3.6964472057569338,331.87891092,7.150104554942359,221.25260728,18.267278277041484,2026-01-01 05:00:00
2025-12-30 07:00:00,medium,613.9062315,534.9338131851308,2904.7110239999997,2033.2977167999998,31.70617963350559,11.496387891885256,2884.5012322583793,317,46.0,193.75802099839115,290.4711024,1.4124213338823821,348.56532287999994,9.124040966980662,232.37688192,21.16971733264255,2026-01-01 05:00:00
2025-12-30 08:00:00,medium,687.9603677499999,751.9343741185227,2882.288587,2017.6020108999999,52.18277013944996,0.0,2830.10581686055,317,45.0,222.70488670419417,288.2288587,7.833267556890462,345.87463044,20.380900421719748,230.58308696,23.968602160839744,2026-01-01 05:00:00
2025-12-30 09:00:00,medium,705.008156,705.5709743560773,2962.169816,2073.5188712,66.7437956044136,0.0,2895.4260203955864,317,44.0,234.017403501923,296.2169816,13.99365580010379,355.46037792,26.946438545693717,236.97358528,25.80370125861611,2026-01-01 05:00:00
2025-12-30 10:00:00,medium,640.98099425,586.9980184423626,3021.793934,2115.2557537999996,48.68194347374181,50.18578323657035,3023.2977737628285,317,43.0,218.08925569281945,302.1793934,5.495251955679866,362.61527207999995,18.548519472290316,241.74351471999998,24.63817204577163,2026-01-01 05:00:00
2025-12-30 11:00:00,medium,592.8812895,618.2969805844799,3091.635737,2164.1450159,39.56028214359487,0.0,3052.075454856405,317,42.0,206.77830907263998,309.16357370000003,4.382284115205784,370.99628844,11.208034508875642,247.33085896,23.969963519513442,2026-01-01 05:00:00
2025-12-30 12:00:00,medium,568.7940847499999,579.7423680065408,3122.828384,2185.9798687999996,34.338736000858816,0.0,3088.489647999141,317,41.0,203.370522962842,312.2828384,3.580048688107265,374.73940608,6.925671084681774,249.82627072,23.833016228069777,2026-01-01 05:00:00
2025-12-30 13:00:00,medium,573.294103,540.2821747562663,3123.815718,2186.6710025999996,26.682354343530047,79.64475121354107,3176.778114870011,317,40.0,210.17433646183378,312.3815718,0.0,374.85788615999996,2.0862696116956996,249.90525743999999,24.59608473183435,2026-01-01 05:00:00
2025-12-30 14:00:00,medium,651.08269075,654.921805424451,2959.2574,2071.48018,34.04253752423739,0.0,2925.2148624757624,317,39.0,244.8361856142836,295.92574,0.0,355.110888,7.156120032689913,236.740592,26.886417491547476,2026-01-01 05:00:00
2025-12-30 15:00:00,medium,743.3983005,722.2060526726032,2932.052093,2052.4364650999996,52.74324399295163,0.0,2879.308849007048,317,38.0,286.73647655739194,293.2052093,2.492365581439418,351.84625115999995,19.461934438300375,234.56416743999998,30.788943973211843,2026-01-01 05:00:00
2025-12-30 16:00:00,medium,814.632919,820.8763729888186,3057.507001,2140.2549007,74.3086436043243,0.0,2983.1983573956754,317,37.0,322.24200938126313,305.7507001,5.642403195957965,366.90084012,33.03557845349885,244.60056008,35.630661954867485,2026-01-01 05:00:00
2025-12-30 17:00:00,medium,826.9192634999999,863.3364505986575,3170.201298,2219.1409086,87.93325021800172,0.0,3082.268047781998,317,36.0,335.3948595896047,317.0201298,9.189626358603649,380.42415575999996,40.48247189396985,253.61610384,38.261151965428226,2026-01-01 05:00:00
2025-12-30 18:00:00,medium,815.0063755,902.2373003879943,3134.9369220000003,2194.4558454000003,93.81523586764771,0.0,3041.121686132353,317,35.0,338.9193903315056,313.49369220000005,12.860339420285849,376.19243064,42.773715948573766,250.79495376000003,38.181180498788095,2026-01-01 05:00:00
2025-12-30 19:00:00,medium,788.77185875,720.6920063145233,2944.603473,2061.2224311,91.61080065809865,0.0,2852.9926723419017,317,34.0,336.28615135440464,294.4603473,15.903770549356357,353.35241676,40.08639095933881,235.56827784,35.62063914940349,2026-01-01 05:00:00
2025-12-30 20:00:00,medium,751.819474,869.1363096060946,2838.454103,1986.9178720999998,87.97086579737487,0.0,2750.4832372026253,317,33.0,328.6054477541595,283.8454103,18.622639096888776,340.61449236,35.69745583187401,227.07632824,33.650770868612085,2026-01-01 05:00:00
2025-12-30 21:00:00,medium,694.570348,587.2055190262623,2741.9273479999997,1919.3491435999997,51.72019680852894,283.4048117607776,2973.6119629522486,317,32.0,311.20044378684366,274.1927348,3.284342421179568,329.03128175999996,17.452543852261684,219.35418783999998,30.983310535087693,2026-01-01 05:00:00
2025-12-30 22:00:00,medium,687.47490025,679.1267200230429,2762.2735359999997,1933.5914751999996,55.07393380929173,0.0,2707.199602190708,317,31.0,315.8096209222578,276.22735359999996,4.580673227176046,331.47282432,18.870751561974743,220.98188287999997,31.62250902014094,2026-01-01 05:00:00
2025-12-30 23:00:00,medium,640.88764225,673.2450886066517,2591.797465,1814.2582255,45.79235169435013,0.0,2546.00511330565,317,30.0,301.7981170755627,259.1797465,3.159274578215296,311.0156958,14.135686782020894,207.3437972,28.497390334113945,2026-01-01 05:00:00
2025-12-31 00:00:00,medium,657.8793880000001,673.3339407254268,2682.734159,1877.9139112999999,56.496236877559184,0.0,2626.237922122441,317,29.0,317.6676927195441,268.27341590000003,6.704580822244328,321.92809908,18.920050275462074,214.61873272000003,30.871605779852786,2026-01-01 05:00:00
2025-12-31 01:00:00,medium,629.90834975,595.6598761598673,2652.4084080000002,1856.6858856000001,52.695561809490044,17.728871048815236,2617.4417172393255,317,28.0,311.81948212071916,265.24084080000006,6.075481989178781,318.28900896,16.595416885029007,212.19267264,30.024662935282258,2026-01-01 05:00:00
2025-12-31 02:00:00,medium,599.09913925,587.6524154803499,2640.547148,1848.3830036,48.03942923080152,0.0,2592.5077187691986,317,27.0,304.02652255254566,264.0547148,5.755239172371358,316.86565776,13.05940829698311,211.24377184000002,29.22478176144705,2026-01-01 05:00:00
2025-12-31 03:00:00,medium,571.9683602499999,544.8533088437641,2701.505663,1891.0539640999998,43.575036807877034,48.15401657578657,2706.0846427679094,317,26.0,297.55948201639984,270.1505663,4.855670714773893,324.18067956,9.389432044192477,216.12045304,29.329934048910662,2026-01-01 05:00:00
2025-12-31 04:00:00,medium,559.663355,527.2482933680684,2618.5805920000003,1833.0064144,35.9436048300312,79.04193461015716,2661.678921780126,317,25.0,298.505841478783,261.8580592,0.0,314.22967104,7.432956260843044,209.48644736000003,28.510648569188152,2026-01-01 05:00:00
2025-12-31 05:00:00,medium,577.55137575,624.2794910861564,2574.1551839999997,1801.9086287999996,37.99840244116004,0.0,2536.1567815588396,317,24.0,315.8797067673558,257.4155184,0.0,308.89862207999994,8.52368789265916,205.93241472,29.47471454850088,2026-01-01 05:00:00
2025-12-31 06:00:00,medium,597.8667785,617.5026302280776,2457.427387,1720.1991709000001,39.4843852294077,0.0,2417.9430017705927,317,23.0,335.3078156545919,245.74273870000002,0.31016126203871897,294.89128644,9.52224425085254,196.59419096000002,29.651979716516443,2026-01-01 05:00:00
2025-12-31 07:00:00,medium,633.71749275,595.607465010664,2401.2343530000003,1680.8640471,43.44908563420509,0.0,2357.7852673657953,317,22.0,364.48023620921333,240.12343530000004,1.151100214532129,288.14812236,11.166419843008786,192.09874824000002,31.131565576664173,2026-01-01 05:00:00
2025-12-31 08:00:00,medium,715.4646145,764.9426076488288,2526.886144,1768.8203008,60.49295263247818,0.0,2466.393191367522,317,21.0,422.0650457103816,252.6886144,4.306869902366764,303.22633728,19.188581462700952,202.15089152000002,36.99750126741046,2026-01-01 05:00:00
2025-12-31 09:00:00,medium,712.04758875,728.9490623982135,2734.0634130000003,1913.8443891000002,70.27303050837318,0.0,2663.790382491627,317,20.0,430.6771423292859,273.40634130000007,6.7785622649780555,328.08760956000003,22.80901162640067,218.72507304000004,40.68545661699446,2026-01-01 05:00:00
2025-12-31 10:00:00,medium,666.6926787499999,711.4000952861427,2835.334727,1984.7343088999999,67.74373572426961,0.0,2767.59099127573,317,19.0,413.3742453281523,283.5334727,7.024530359918152,340.24016724,19.899127054452823,226.82677816,40.82007830989864,2026-01-01 05:00:00
2025-12-31 11:00:00,medium,623.50376825,658.1333545557986,2854.855243,1998.3986701,66.3071953298514,0.0,2788.5480476701487,317,18.0,396.30039899765626,285.4855243,5.601589210942234,342.58262916,21.001585502674374,228.38841944,39.70402061623479,2026-01-01 05:00:00
2025-12-31 12:00:00,medium,620.2734765,574.678750899286,2782.6787359999994,1947.8751151999995,63.924240086169235,67.17040630387767,2785.9249022177078,317,17.0,404.2209242188569,278.2678736,1.673843072430747,333.9214483199999,22.91443264133463,222.61429887999995,39.33596437240386,2026-01-01 05:00:00
2025-12-31 13:00:00,medium,636.12621125,605.3162540391667,2723.044591,1906.1312136999998,66.0123619439316,1.673843072430747,2658.7060721284993,317,16.0,425.08023152136406,272.3044591,0.0,326.76535091999995,25.913628098590817,217.84356728,40.09873384534078,2026-01-01 05:00:00
2025-12-31 14:00:00,medium,636.182228,677.2833762817794,2614.115651,1829.8809557,67.24716027788492,0.0,2546.868490722115,317,15.0,435.87968852658724,261.4115651,0.0,313.69387812,27.97235990170046,209.12925208000001,39.27480037618446,2026-01-01 05:00:00
2025-12-31 15:00:00,medium,678.41884825,711.9892128488406,2660.063258,1862.0442805999999,78.54325215641225,0.0,2581.520005843588,317,14.0,476.6776786159355,266.0063258,1.5021414928334687,319.20759096,34.190610455914666,212.80506064000002,42.85050020766411,2026-01-01 05:00:00
2025-12-31 16:00:00,medium,752.1555875,751.0059998319718,2788.393626,1951.8755382,98.02389741352548,0.0,2690.3697285864746,317,13.0,542.0216425779009,278.8393626,4.017013052023481,334.60723512,44.63813725686335,223.07149008000002,49.368747104638636,2026-01-01 05:00:00
2025-12-31 17:00:00,medium,822.32588075,828.7788868319831,2872.311541,2010.6180786999998,121.73334428313642,0.0,2750.5781967168637,317,12.0,607.7264175767887,287.2311541,10.64962189106118,344.67738492,56.11469576659988,229.78492328000002,54.969026625475365,2026-01-01 05:00:00
2025-12-31 18:00:00,medium,803.1121465,873.3837157683633,2860.0803370000003,2002.0562359,129.23905448010746,0.0,2730.841282519893,317,11.0,608.5168681642717,286.00803370000006,13.590619415979468,343.20964044000004,60.86713959717306,228.80642696000004,54.78129546695492,2026-01-01 05:00:00
2025-12-31 19:00:00,medium,716.939709,684.4032826140293,2695.5187739999997,1886.8631417999995,116.24537217458824,24.240241307040648,2603.513643132452,317,10.0,556.8103842188265,269.55187739999997,10.307580030703226,323.46225287999994,57.30412175165062,215.64150191999997,48.63367039223439,2026-01-01 05:00:00
2025-12-31 20:00:00,medium,619.90002425,649.9903802143521,2594.651517,1816.2560618999996,102.32594152729499,0.0,2492.3255754727047,317,9.0,493.41834406840763,259.4651517,6.053880611584886,311.35818204,53.371296896359034,207.57212135999998,42.90076401935106,2026-01-01 05:00:00
2025-12-31 21:00:00,medium,585.7858287500001,574.6652328661359,2451.187256,1715.8310792,100.00402145573135,15.826734575560176,2367.0099691198293,317,8.0,477.978947945099,245.11872560000003,7.3074497747488465,294.14247072,53.12874767277007,196.09498048,39.56782400821243,2026-01-01 05:00:00
2025-12-31 22:00:00,medium,545.2297,533.2572338225028,2368.3006490000002,1657.8104543000002,99.6537947118963,6.053880611584886,2274.700734899689,317,7.0,456.03391560606144,236.83006490000002,9.52796910698152,284.19607788,53.25511035341781,189.46405192000003,36.870715251496954,2026-01-01 05:00:00
2025-12-31 23:00:00,medium,495.2814315,555.7141583592954,2389.6824330000004,1672.7777031000003,102.4298607844554,0.0,2287.252572215545,317,6.0,424.5875960362856,238.96824330000004,12.86657448076095,286.76189196,54.40634252544743,191.17459464000004,35.15694377824703,2026-01-01 05:00:00
2026-01-01 00:00:00,medium,435.26882175,480.6667209443416,2970.822386,2079.5756702,126.90099386919864,0.0,2843.921392130801,317,5.0,382.37513998272857,297.0822386,20.576901038672233,356.49868632,66.21841018132534,237.66579088,40.10568264920107,2026-01-01 05:00:00
2026-01-01 01:00:00,medium,316.64401925,361.38704923003513,2756.386886,1929.4708201999997,97.67923254387478,0.0,2658.707653456125,317,4.0,284.71885272781105,275.63868859999997,19.74099879150459,330.76642631999994,49.178107074160074,220.51095088,28.760126678210113,2026-01-01 05:00:00
2026-01-01 02:00:00,medium,146.16636925,217.9677036434881,3048.6401090000004,2134.0480763,54.18546143196537,7.3074497747488465,3001.762097342784,317,3.0,133.7670154480939,304.86401090000004,11.985813104392113,365.83681308,26.673747421897925,243.89120872000004,15.525900905675334,2026-01-01 05:00:00
2026-01-01 03:00:00,medium,46.9420365,48.09724778980175,3262.979898,2284.0859286,19.43607385357754,811.7174175001094,4055.2612416465317,317,2.0,42.768238628105685,326.29798980000004,3.9539688457217803,391.55758776,10.115541508260645,261.03839184000003,5.366563499595116,2026-01-01 05:00:00
2026-01-01 04:00:00,medium,28.605887000000003,66.11330042122302,3318.220645,2322.7544515,13.740827511708412,0.0,3304.4798174882912,317,1.0,25.967493387810357,331.8220645,3.5524042303741528,398.18647739999994,6.872446209354868,265.4576516,3.315977071979392,2026-01-01 05:00:00
2026-01-01 05:00:00,medium,19.045695,1.9810233873599152,3294.05688,2305.8398159999997,5.661676530613283,1734.514681386035,5022.909884855421,322,5.0,16.807766845070915,329.40568800000005,0.5094341350198645,395.2868256,3.021040818975519,263.5245504,2.131201576617899,2026-01-01 10:00:00
2026-01-01 06:00:00,medium,21.00628125,38.83543063686432,3233.194105,2263.2358735,6.939758891776076,0.0,3226.254346108224,322,4.0,19.00726928878719,323.3194105,0.8870647836170865,387.98329259999997,3.6872462930595686,258.6555284,2.365447815099421,2026-01-01 10:00:00
2026-01-01 07:00:00,medium,21.34238175,14.18451375977735,3284.5749100000003,2299.202437,8.060842197290565,0.8870647836170865,3277.4011325863266,322,3.0,19.80025565129988,328.45749100000006,1.2667953716397153,394.1489892,4.290801497494378,262.76599280000005,2.5032453281564715,2026-01-01 10:00:00
2026-01-01 08:00:00,medium,24.049858,29.384636074599502,3271.4532999999997,2290.0173099999997,10.43053695371313,0.0,3261.0227630462864,322,2.0,22.876932584663894,327.14533,2.1209521583501503,392.5743959999999,5.429163320281361,261.71626399999997,2.880421475081618,2026-01-01 10:00:00
2026-01-01 09:00:00,medium,28.1204085,60.85404489903024,3411.192207,2387.8345449,14.918580745124077,0.0,3396.273626254876,322,1.0,27.426113140335776,341.1192207,3.856963805870987,409.34306484,7.461427280872253,272.89537656,3.600189658380836,2026-01-01 10:00:00
2026-01-01 10:00:00,medium,32.415026,0.0,3552.622008,2486.8354056,15.26342812449062,45.12433053490004,3582.482910410409,324,2.0,30.83412652715568,355.2622008,3.104144647866238,426.31464095999996,7.94444170040477,284.20976064,4.214841776219611,2026-01-01 12:00:00
2026-01-01 11:00:00,medium,36.61628225,151.6975824127003,3748.632374,2624.0426617999997,21.340708697932605,0.0,3727.291665302067,324,1.0,35.71222302005209,374.8632374,5.518034245471069,449.83588488,10.672741195414947,299.89058991999997,5.149933257046589,2026-01-01 12:00:00
2026-01-01 12:00:00,medium,38.03537325,0.0,3799.688392,2659.7818743999997,22.468332352740028,36.60413682242322,3813.824196469683,325,1.0,37.096276538422295,379.96883920000005,5.809750245218132,455.96260703999997,11.236543343409407,303.97507136,5.42203876411249,2026-01-01 13:00:00
2026-01-01 13:00:00,medium,48.8092615,0.0,3691.341764,2583.9392347999997,2.921119380808674,22.468332352740028,3710.8889769719312,340,15.0,13.277542095479012,369.1341764,0.0,442.96101167999996,1.0343690888202377,295.30734112,1.8867502919884362,2026-01-02 04:00:00
2026-01-01 14:00:00,medium,74.464933,138.16103104250374,3625.563081,2537.8941566999997,7.087559063878841,0.0,3618.475521936121,340,14.0,31.692910813680083,362.5563081,0.0,435.06756971999994,2.666528328354857,290.04504648,4.421030735523983,2026-01-02 04:00:00
2026-01-01 15:00:00,medium,113.284539,156.82598716796147,3597.460873,2518.2226111,14.230141923181606,0.0,3583.2307310768183,340,13.0,60.54344786330626,359.7460873,0.0,431.69530476,5.864055582336689,287.79686984,8.366086340844916,2026-01-02 04:00:00
2026-01-01 16:00:00,medium,175.92994125,210.25653118786855,3438.053205,2406.6372435,29.20915036264466,0.0,3408.8440546373554,340,12.0,108.48496797166584,343.80532050000005,2.8093373205471037,412.5663846,12.14575960879531,275.0442564,14.254053433302246,2026-01-02 04:00:00
2026-01-01 17:00:00,medium,240.87202125,275.4310242595354,3767.739398,2637.4175786,62.55202295237706,0.0,3705.187375047623,340,11.0,160.5594716032031,376.77393980000005,11.169690325053109,452.12872776,28.463052642558267,301.41915184000004,22.919279984765677,2026-01-02 04:00:00
2026-01-01 18:00:00,medium,196.11464,195.4410674934197,3534.2297209999997,2473.9608046999997,45.635888817575406,0.0,3488.593832182424,340,10.0,129.7669704124514,353.4229721,9.283843076792857,424.1075665199999,18.879961719055544,282.73837768,17.472084021727007,2026-01-02 04:00:00
2026-01-01 19:00:00,medium,180.05650675,130.70751631827926,3424.7731049999998,2397.3411734999995,36.74227447830914,51.725923364951335,3439.756753886642,340,9.0,120.22935706540838,342.4773105,3.042469417239118,410.9727725999999,17.98996396474221,273.9818484,15.709841096327818,2026-01-02 04:00:00
2026-01-01 20:00:00,medium,166.3323995,170.50165020065495,3104.983325,2173.4883274999997,32.971134104918825,0.0,3072.0121908950814,340,8.0,112.03662906597827,310.49833250000006,3.598478427961813,372.597999,16.084538660117758,248.39866600000002,13.288117016839257,2026-01-02 04:00:00
2026-01-01 21:00:00,medium,231.7786375,194.53474336683385,3134.6132749999997,2194.2292924999997,59.82593280027007,0.0,3074.7873421997297,340,7.0,169.81215380596674,313.4613275,9.112325679667546,376.15359299999994,30.58470866245256,250.769062,20.12889845814996,2026-01-02 04:00:00
2026-01-01 22:00:00,medium,221.39686274999997,275.0284480879763,3127.170079,2189.0190552999998,64.3644830289766,0.0,3062.805595971023,340,6.0,165.17529260930434,312.7170079,12.666836390940563,375.26040947999996,32.14620921877055,250.17360632,19.551437419265483,2026-01-02 04:00:00
2026-01-01 23:00:00,medium,243.8782535,235.79009751738238,3057.642312,2140.3496184,83.26525682546315,0.0,2974.377055174537,340,5.0,189.19648275203568,305.7642312,21.091876902436343,366.91707743999996,40.390502128489004,244.61138496,21.782877794537818,2026-01-02 04:00:00
2026-01-02 00:00:00,medium,116.037129,70.63478317641186,3345.90715,2342.1350049999996,31.53766631580421,217.73363078066834,3532.103114464864,340,4.0,78.31058150430782,334.59071500000005,4.906468848631333,401.508858,16.582237044487268,267.672572,10.04896042268561,2026-01-02 04:00:00
2026-01-02 01:00:00,medium,101.023635,83.34741370908536,3269.1635610000003,2288.4144927,29.053221487812245,0.0,3240.110339512188,340,3.0,66.3643520478947,326.91635610000003,5.827822494989104,392.29962732,14.89570293606457,261.53308488000005,8.329696056758573,2026-01-02 04:00:00
2026-01-02 02:00:00,medium,112.003653,134.71488298515933,3008.121255,2105.6848784999997,36.356920045817134,0.0,2971.7643349541827,340,2.0,78.48888982166025,300.81212550000004,9.314904047230561,360.9745506,17.987135654920728,240.6497004,9.054880343665847,2026-01-02 04:00:00
2026-01-02 03:00:00,medium,65.8614345,34.85658409578139,3159.205238,2211.4436665999997,17.864789910952204,75.37832660866026,3216.718774697708,340,1.0,35.47288246129709,315.9205238,4.619251358896744,379.10462856,8.934411295654911,252.73641904000002,4.31112725640055,2026-01-02 04:00:00
2026-01-02 04:00:00,medium,74.71267350000001,29.490551743846275,3034.4764870000004,2124.1335409000003,0.0,208.77968074450993,3243.25616774451,-1,0.0,0.0,303.44764870000006,0.0,364.13717844,0.0,242.75811896000005,0.0,
2026-01-02 05:00:00,medium,116.186517,129.58931363205517,3082.6456179999996,2157.8519325999996,0.0,0.0,3082.6456179999996,-1,0.0,0.0,308.26456179999997,0.0,369.9174741599999,0.0,246.61164943999998,0.0,
2026-01-02 06:00:00,medium,194.727256,208.20041741097975,3127.002113,2188.9014791,0.0,0.0,3127.002113,-1,0.0,0.0,312.70021130000003,0.0,375.24025356,0.0,250.16016904,0.0,
2026-01-02 07:00:00,medium,385.12226575,357.24039110458784,3094.100868,2165.8706076,11.69080840197288,0.0,3082.410059598027,347,4.0,33.78407423688183,309.41008680000004,1.399385950273942,371.29210416,6.26985839748473,247.52806944,4.021564054214209,2026-01-02 11:00:00
2026-01-02 08:00:00,medium,514.3989065000001,488.4917996909923,3035.815764,2125.0710348,61.64414629783494,0.0,2974.171617702165,347,3.0,154.57488353824368,303.5815764,12.394404974716725,364.29789167999996,31.450413214281287,242.86526112,17.79932810883693,2026-01-02 11:00:00
2026-01-02 09:00:00,medium,531.8026085,544.56535505467,2966.4275470000002,2076.4992829000003,77.97186424835213,0.0,2888.455682751648,347,2.0,175.04287878270574,296.6427547,20.014074967225298,355.97130564,38.3438687288635,237.31420376000003,19.613920552263334,2026-01-02 11:00:00
2026-01-02 10:00:00,medium,442.07643525,362.43179646764713,3284.565783,2299.1960480999996,47.94293551067621,102.2027618850868,3338.8256093744103,347,1.0,91.96328421693644,328.45657830000005,12.418946321788956,394.14789396,23.95628832834188,262.76526264,11.567700860545372,2026-01-02 11:00:00
2026-01-02 11:00:00,medium,425.195597,347.78508940928947,3415.03633,2390.5254309999996,16.710472071541773,97.04699257374935,3495.3728505022073,348,1.0,30.689255224081414,341.50363300000004,4.320436445607632,409.8043596,8.357439407802259,273.2029064,4.032596218131881,2026-01-02 12:00:00
2026-01-02 12:00:00,medium,433.24387175,393.729439581116,3289.1885580000003,2302.4319906,0.0,16.710472071541773,3305.8990300715423,-1,0.0,0.0,328.9188558000001,0.0,394.70262696000003,0.0,263.13508464,0.0,
2026-01-02 13:00:00,medium,500.05764175,488.3180484058484,3269.61917,2288.7334189999997,0.0,0.0,3269.61917,-1,0.0,0.0,326.961917,0.0,392.3543004,0.0,261.5695336,0.0,
2026-01-02 14:00:00,medium,523.75433375,540.8542498578903,3247.394534,2273.1761738,0.0,0.0,3247.394534,-1,0.0,0.0,324.7394534,0.0,389.68734408,0.0,259.79156272,0.0,
2026-01-02 15:00:00,medium,578.84114375,659.9857356822254,3091.883441,2164.3184087,5.480711938706048,0.0,3086.402729061294,365,14.0,28.735746578198327,309.1883441,0.0,371.02601291999997,2.061859099204955,247.35067528,3.4188528395010933,2026-01-03 05:00:00
2026-01-02 16:00:00,medium,615.889377,663.060656276111,3199.695577,2239.7869038999997,13.551267714087972,0.0,3186.144309285912,365,13.0,56.231557393421554,319.9695577,0.5461457416402633,383.96346924,6.0918238708824965,255.97564616,6.913298101565212,2026-01-03 05:00:00
2026-01-02 17:00:00,medium,638.14819625,629.3515771020114,3357.8342540000003,2350.4839778,22.8136752147029,0.0,3335.0205787852974,365,12.0,74.14480491737332,335.78342540000006,2.8695990033065497,402.94011048000004,10.391957322586414,268.62674032,9.552118888809936,2026-01-03 05:00:00
2026-01-02 18:00:00,medium,659.8654732499999,658.8195818153521,3330.62087,2331.434609,34.031567972311336,0.0,3296.589302027689,365,11.0,92.51762779167164,333.062087,7.149152092561871,399.6745044,15.082564994729525,266.4496696,11.799850885019941,2026-01-03 05:00:00
2026-01-02 19:00:00,medium,661.5834335,606.4443184449204,3191.377934,2233.9645538,32.94298328280443,10.564896837508684,3168.999847554704,365,10.0,96.19767147783763,319.1377934,4.612595258654459,382.96535208,16.579220009387775,255.31023472,11.751168014762193,2026-01-03 05:00:00
2026-01-02 20:00:00,medium,665.9156855,664.8974630204185,2997.047361,2097.9331527,37.00775742135947,0.0,2960.0396035786403,365,9.0,102.09230061122128,299.7047361,6.979290065935285,359.64568332,18.32518504334111,239.76378888,11.703282312083072,2026-01-03 05:00:00
2026-01-02 21:00:00,medium,623.82561275,607.9493876093924,2910.362303,2037.2536120999998,24.08190065737709,11.591885324589743,2897.8722876672127,365,8.0,70.21634254609603,291.0362303,4.5653069097492,349.24347636,11.673281509195984,232.82898423999998,7.8433122384319045,2026-01-03 05:00:00
2026-01-02 22:00:00,medium,639.32462525,657.0741460685949,2849.5798170000003,1994.7058719000001,34.00276785866233,0.0,2815.5770491413377,365,7.0,85.00463257854977,284.95798170000006,8.432692525158167,341.94957804,16.28655354740747,227.96638536000003,9.283521786096697,2026-01-03 05:00:00
2026-01-02 23:00:00,medium,611.1089665,565.6112646046222,2753.197811,1927.2384676999998,17.75316808043979,107.42858573243814,2842.873228651998,365,6.0,62.87109255119799,275.3197811,2.5251560284274257,330.38373731999997,8.580346273010694,220.25582488,6.647665779001671,2026-01-03 05:00:00
2026-01-03 00:00:00,medium,596.2448585,624.8089167832644,2946.2956639999998,2062.4069647999995,16.9132205225112,0.0,2929.382443477489,365,5.0,51.34515256695119,294.6295664,2.85077237293089,353.55547967999996,8.24790240936724,235.70365311999998,5.814545740213071,2026-01-03 05:00:00
2026-01-03 01:00:00,medium,585.0781020000001,669.3787422151419,2844.6686680000003,1991.2680676,14.739086461146973,0.0,2829.929581538853,365,4.0,42.54086217323256,284.46686680000005,2.828784531027146,341.36024016,7.256544025414491,227.57349344000002,4.653757904705337,2026-01-03 05:00:00
2026-01-03 02:00:00,medium,566.3299045,560.3480963348728,2852.0192540000003,1996.4134778,9.268844731998435,8.204712932385462,2850.9551222003874,365,3.0,26.224271115334748,285.20192540000005,1.4568077015171754,342.24231048,4.933787505197137,228.16154032000003,2.8782495252841227,2026-01-03 05:00:00
2026-01-03 03:00:00,medium,558.860521,580.9546657154417,2737.470585,1916.2294095,7.548151501981938,0.0,2729.922433498018,365,2.0,19.783044331204568,273.74705850000004,1.534774347573191,328.4964702,3.9289044269162217,218.9976468,2.0844727274925248,2026-01-03 05:00:00
2026-01-03 04:00:00,medium,545.434254,583.3921735441112,2693.8172050000003,1885.6720435,3.089466636605726,0.0,2690.7277383633946,365,1.0,7.189083196150285,269.38172050000003,0.798591162384587,323.2580646,1.5453058319398931,215.50537640000002,0.7455696422812463,2026-01-03 05:00:00
2026-01-03 05:00:00,medium,560.13030425,538.063178296279,2531.95346,1772.367422,0.1497918065814435,135.43448916777362,2667.2381573611924,459,94.0,1.5166213672571698,253.19534600000003,0.0,303.8344152,0.001951454230001542,202.5562768,0.14784035235144197,2026-01-07 03:00:00
2026-01-03 06:00:00,medium,567.002154,579.3272404995729,2634.3163870000003,1844.0214709000002,0.7069410967183458,0.0,2633.609445903282,382,16.0,4.6516178127438845,263.43163870000006,0.0,316.11796644000003,0.23517495811924524,210.74531096000004,0.47176613859910055,2026-01-03 22:00:00
2026-01-03 07:00:00,medium,592.4167745,593.1093565429987,2706.941557,1894.8590898999998,3.5870326206277245,0.0,2703.3545243793724,382,15.0,22.236570272498305,270.6941557,0.0,324.83298684,1.2703202982681852,216.55532456,2.3167123223595394,2026-01-03 22:00:00
2026-01-03 08:00:00,medium,677.39988975,682.7720751701858,2909.8426099999997,2036.8898269999997,16.8084089879824,0.0,2893.034201012017,382,14.0,82.68608087286435,290.984261,2.0033350951799136,349.18111319999997,5.581547310792847,232.78740879999998,9.22352658200964,2026-01-03 22:00:00
2026-01-03 09:00:00,medium,702.795831,660.2802928879494,2969.212412,2078.4486884,20.544997254160243,2.0033350951799136,2950.6707498410196,382,13.0,103.1285512004656,296.9212412,1.025735639657247,356.30548944,7.808541519532438,237.53699296,11.710720094970556,2026-01-03 22:00:00
2026-01-03 10:00:00,medium,696.9697085,698.3177680842418,3026.426318,2118.4984225999997,21.198421072580164,0.0,3005.22789692742,382,12.0,101.4231651996914,302.6426318,0.8505701135480626,363.17115815999995,8.606304964577646,242.11410544,11.741545994454455,2026-01-03 22:00:00
2026-01-03 11:00:00,medium,662.5917895,689.9816955184997,3033.835657,2123.6849598999997,16.348468479143428,1.8763057532053096,3019.363494274062,382,11.0,77.87819592380464,303.3835657,0.0,364.06027884,7.286696697677378,242.70685256000002,9.06177178146605,2026-01-03 22:00:00
2026-01-03 12:00:00,medium,652.91893125,732.7318296787273,3036.772942,2125.7410594,15.874806500926601,0.0,3020.8981354990733,382,10.0,72.31646226020214,303.6772942,0.0,364.41275304,7.447628332966049,242.94183536,8.427178167960552,2026-01-03 22:00:00
2026-01-03 13:00:00,medium,646.8873832500001,699.6472786846865,3028.660277,2120.0621939,15.88997245244861,0.0,3012.7703045475514,382,9.0,69.33087331599384,302.8660277,0.0,363.43923323999996,7.830156018804068,242.29282216000001,8.059816433644542,2026-01-03 22:00:00
2026-01-03 14:00:00,medium,669.87446,788.2994951631356,3021.8817599999998,2115.317232,22.206487256962248,0.0,2999.6752727430376,382,8.0,89.90621938864093,302.188176,0.667479490032089,362.62581119999993,11.132057775690637,241.75054079999998,10.406949991239523,2026-01-03 22:00:00
2026-01-03 15:00:00,medium,706.58656475,664.3824487911572,3042.3471759999998,2129.6430232,32.07555697822444,0.667479490032089,3010.9390985118075,382,7.0,123.00044024796217,304.2347176,0.9763424857890297,365.08166112,16.827938449082687,243.38777407999999,14.271276043352724,2026-01-03 22:00:00
2026-01-03 16:00:00,medium,746.0436795,794.0213145196374,3158.93217,2211.2525189999997,47.27109139342599,0.0,3111.661078606574,382,6.0,160.075264609441,315.89321700000005,3.197131430272494,379.0718604,24.91419132643672,252.71457360000002,19.15976863671678,2026-01-03 22:00:00
2026-01-03 17:00:00,medium,819.505223,829.5890333156093,3324.195211,2326.9366477,77.36803441483886,0.0,3246.8271765851614,382,5.0,228.95717382384234,332.41952110000005,8.189068158373559,398.90342532,40.80782536937096,265.93561688,28.37114088709434,2026-01-03 22:00:00
2026-01-03 18:00:00,medium,827.7962605,948.235421826972,3215.619821,2250.9338746999997,87.09050528773837,0.0,3128.5293157122615,382,4.0,242.2552932384648,321.5619821,12.511688581570354,385.87437851999994,45.64941565330091,257.24958568,28.9294010528671,2026-01-03 22:00:00
2026-01-03 19:00:00,medium,782.494346,738.0379403054666,3114.8417999999997,2180.3892599999995,78.12181956100036,0.0,3036.7199804389993,382,3.0,206.3594590888893,311.48418,12.478771171227866,373.78101599999997,41.53954968501419,249.18734399999997,24.103498704758316,2026-01-03 22:00:00
2026-01-03 20:00:00,medium,729.20016025,683.0154589300573,2910.211217,2037.1478519,64.40808282599895,20.700756739943913,2866.503890913945,382,2.0,160.88847602687386,291.02112170000004,13.213085332795615,349.22534604,33.456969639615544,232.81689736,17.73802785358778,2026-01-03 22:00:00
2026-01-03 21:00:00,medium,680.59305625,647.6264607505788,2875.715707,2013.0009948999998,53.4830994517603,0.9763424857890297,2823.208950034029,382,1.0,117.55439686229387,287.5715707,13.8725631789983,345.08588483999995,26.707668972189083,230.05725655999998,12.902867300572924,2026-01-03 22:00:00
2026-01-03 22:00:00,medium,676.8770205,560.0627556629606,2810.159502,1967.1116513999998,29.809809056026808,546.7614575246167,3327.1111504685896,390,8.0,82.1935710832861,281.0159502,7.146145851817901,337.21914024,13.808715307521622,224.81276016,8.854947896687287,2026-01-04 06:00:00
2026-01-03 23:00:00,medium,642.48044825,613.5639220575581,2709.3022,1896.51154,14.800278994695333,20.954861159339522,2715.456782164644,390,7.0,55.39986717593495,270.93022,2.264197113607732,325.116264,6.768576275048002,216.744176,5.7675056060396,2026-01-04 06:00:00
2026-01-04 00:00:00,medium,663.4507835,621.6984871145465,2816.345746,1971.4420221999999,20.550168335876833,2.264197113607732,2798.0597747777306,390,6.0,74.8516563085136,281.6345746,2.017735790236345,337.96148952,10.444855390869996,225.30765968,8.087577154770491,2026-01-04 06:00:00
2026-01-04 01:00:00,medium,637.3639000000001,645.6355582561915,2875.770629,2013.0394403,15.965860546032536,2.017735790236345,2861.8225042442036,390,5.0,53.72494112258166,287.57706290000004,1.605495832693156,345.09247548,8.42288774241226,230.06165032,5.9374769709271185,2026-01-04 06:00:00
2026-01-04 02:00:00,medium,635.216444,654.0130226677438,2842.451415,1989.7159904999999,17.11614510841809,0.0,2825.335269891582,390,4.0,53.1418959398818,284.2451415,2.2569152108033963,341.0941698,9.054007641413463,227.3961132,5.805222256201229,2026-01-04 06:00:00
2026-01-04 03:00:00,medium,625.46888975,728.6582859068737,2921.02209,2044.7154629999998,16.546910002420077,0.0,2904.4751799975797,390,3.0,45.443959477424855,292.102209,2.69234794881455,350.52265079999995,8.750604842288817,233.6817672,5.10395721131671,2026-01-04 06:00:00
2026-01-04 04:00:00,medium,616.65499625,668.9283073502327,2698.1859139999997,1888.7301397999997,14.361805850345561,0.0,2683.824108149654,390,2.0,38.21034394708748,269.8185914,2.9213064155584783,323.78230967999997,7.47485109440241,215.85487311999998,3.9656483403846736,2026-01-04 06:00:00
2026-01-04 05:00:00,medium,623.003988,591.2742869385679,2653.7359220000003,1857.6151454,19.183951099745098,6.554758992311102,2641.1067298925664,390,1.0,45.36987799454908,265.3735922,4.961346820481207,318.44831064000005,9.593220642089934,212.29887376000002,4.629383637173956,2026-01-04 06:00:00
2026-01-04 06:00:00,medium,625.898373,576.4855660758403,2623.268102,1836.2876714,14.59078188609938,116.54337593806565,2725.2206960519666,396,6.0,44.147445017244024,262.3268102,2.848643775705281,314.79217224,7.288899069815263,209.86144816,4.453239040578836,2026-01-04 12:00:00
2026-01-04 07:00:00,medium,645.9723855,673.0279399328577,2740.3516889999996,1918.2461822999996,26.11430820192419,0.0,2714.2373807980753,396,5.0,62.98029676239559,274.0351689,6.64473819324901,328.84220267999996,12.841485908533807,219.22813511999996,6.628084100141372,2026-01-04 12:00:00
2026-01-04 08:00:00,medium,658.22219575,585.6093693638646,2890.5728050000002,2023.4009635,24.409765165186656,29.62376694730336,2895.786806782117,396,4.0,75.65873724364035,289.05728050000005,2.927249322474681,346.86873660000003,13.092921310147345,231.24582440000003,8.389594532564628,2026-01-04 12:00:00
2026-01-04 09:00:00,medium,704.3644145000001,805.0946466219896,2971.1241750000004,2079.7869225,44.038659978671454,0.0,2927.085515021329,396,3.0,120.38219018574901,297.11241750000005,6.959144973375782,356.53490100000005,23.4336029178437,237.68993400000002,13.645912087451972,2026-01-04 12:00:00
2026-01-04 10:00:00,medium,707.7630025000001,772.6322091396709,3055.1516239999996,2138.6061367999996,53.5007702205128,0.0,3001.6508537794866,396,2.0,126.66251674665102,305.51516239999995,10.938240122951674,366.6181948799999,27.812890336813002,244.41212991999998,14.749639760748126,2026-01-04 12:00:00
2026-01-04 11:00:00,medium,678.8003875,652.9957266342412,3059.262929,2141.4840503,49.288467486054515,0.0,3009.9744615139452,396,1.0,101.62146813625947,305.9262929,12.773451070067487,367.11155148,24.623167932125828,244.74103432,11.891848483861196,2026-01-04 12:00:00
2026-01-04 12:00:00,medium,668.82875875,574.6063596500018,3057.1056430000003,2139.9739501,11.950591839308778,182.31898599114564,3227.4740371518374,412,16.0,66.80485334371649,305.71056430000004,0.19096696589227152,366.85267716000004,3.9188295790116996,244.56845144000002,7.840795294404808,2026-01-05 04:00:00
2026-01-04 13:00:00,medium,648.17584575,722.6388263290977,3020.8909980000003,2114.6236986,9.765247345835725,0.0,3011.1257506541647,412,15.0,54.30150057702676,302.08909980000004,0.0,362.50691976,3.4614589087714354,241.67127984000004,6.30378843706429,2026-01-05 04:00:00
2026-01-04 14:00:00,medium,692.2266525,685.926961011106,2968.710533,2078.0973731,18.134205359593068,0.0,2950.576327640407,412,14.0,86.71822846801723,296.8710533,2.2850999677660173,356.24526396,5.98432155896137,237.49684264,9.864783832865678,2026-01-05 04:00:00
2026-01-04 15:00:00,medium,696.1294085,764.2093056585403,3022.6472510000003,2115.8530757000003,22.193150569433282,0.0,3000.454100430567,412,13.0,91.73335883794074,302.2647251,3.9443844100432077,362.71767012000004,7.629833916751826,241.81178008000003,10.618932242638248,2026-01-05 04:00:00
2026-01-04 16:00:00,medium,751.365625,663.6721037663099,3169.629179,2218.7404253,30.726973455768317,14.050285260453322,3152.9524908046847,412,12.0,134.97559549775409,316.96291790000004,1.635064165104988,380.35550148,12.807282032261725,253.57033432,16.284627258401606,2026-01-05 04:00:00
2026-01-04 17:00:00,medium,884.5636895,851.5980632375425,3361.1011790000002,2352.7708253,72.54441297398918,0.0,3288.5567660260112,412,11.0,239.56605562735757,336.11011790000003,6.217596732694962,403.33214148,36.40102654720567,268.88809432000005,29.92578969408855,2026-01-05 04:00:00
2026-01-04 18:00:00,medium,905.14189375,905.4302972345001,3256.333645,2279.4335515,84.29888994504293,0.0,3172.0347550549573,412,10.0,261.6570207832295,325.6333645,9.786117449659784,390.7600374,43.0548725210981,260.5066916,31.457899974285045,2026-01-05 04:00:00
2026-01-04 19:00:00,medium,894.199208,896.7831406570608,3091.5324330000003,2164.0727031,86.78310091253523,0.0,3004.749332087465,412,9.0,259.5429877522578,309.15324330000004,13.224364800549097,370.98389196000005,43.914792894234616,247.32259464000003,29.643943217751517,2026-01-05 04:00:00
2026-01-04 20:00:00,medium,839.9340354999999,815.1804345686415,2971.730088,2080.2110615999995,76.1564411101755,0.0,2895.5736468898244,412,8.0,221.6847842216449,297.1730088,14.614831437547531,356.60761055999996,36.9356890795245,237.73840704,24.605920593103484,2026-01-05 04:00:00
2026-01-04 21:00:00,medium,744.6991855,778.9559317791125,2921.441122,2045.0087854,46.76171776016066,0.0,2874.6794042398396,412,7.0,147.35119779824552,292.14411220000005,10.325892178803699,350.57293464,20.08554465551863,233.71528976000002,16.35028092583833,2026-01-05 04:00:00
2026-01-04 22:00:00,medium,715.30710025,656.5879766339573,3106.212661,2174.3488626999997,41.703203179563594,228.9175298386847,3293.4269876591216,412,6.0,125.78340891148676,310.6212661,7.087387077685709,372.74551931999997,19.721691758532224,248.49701288,14.894124343345664,2026-01-05 04:00:00
2026-01-04 23:00:00,medium,666.34518125,658.5143095738289,3096.384438,2167.4691066,27.76178486716206,7.087387077685709,3075.710040210524,412,5.0,85.75888920595675,309.6384438,3.1309283283213087,371.56613255999997,14.454593198468507,247.71075504,10.176263340372245,2026-01-05 04:00:00
2026-01-05 00:00:00,medium,690.573958,697.1902177441544,3222.0989649999997,2255.4692754999996,40.93548554030987,0.0,3181.16347945969,412,4.0,109.85298961888631,322.2098965,6.267330233819631,386.65187579999997,21.143503868066887,257.7679172,13.524651438423348,2026-01-05 04:00:00
2026-01-05 01:00:00,medium,663.6463995,691.9405353732312,3210.98913,2247.6923909999996,36.27253588168401,0.0,3174.7165941183157,412,3.0,87.65206428995127,321.09891300000004,6.986921064890426,385.31869559999996,18.501958536617668,256.8791304,10.783656280175913,2026-01-05 04:00:00
2026-01-05 02:00:00,medium,646.1677695,685.3065877948889,3357.574646,2350.3022521999997,35.762561395117196,0.0,3321.812084604883,412,2.0,73.24479970570539,335.75746460000005,8.5380393292831,402.90895752,17.78829587429665,268.60597168,9.436226191537441,2026-01-05 04:00:00
2026-01-05 03:00:00,medium,644.7112185,582.8559034489172,3263.093197,2284.1652378999997,38.229279528947615,91.85828079739356,3316.722198268446,412,1.0,73.6784120103682,326.30931970000006,9.89524265650385,391.57118364,19.1094218380061,261.04745576,9.224615034437663,2026-01-05 04:00:00
2026-01-05 04:00:00,medium,653.543908,569.1676286095408,3134.860224,2194.4021568,4.071513004842548,338.0660986904097,3468.8548096855675,459,47.0,33.75893057791367,313.4860224,0.0,376.18322688,0.0,250.78881792,4.071513004842548,2026-01-07 03:00:00
2026-01-05 05:00:00,medium,678.66009625,748.932321454418,3018.479695,2112.9357864999997,4.9410457683776885,0.0,3013.5386492316225,459,46.0,42.56625068086552,301.84796950000003,0.0,362.21756339999996,0.0,241.4783756,4.9410457683776885,2026-01-07 03:00:00
2026-01-05 06:00:00,medium,814.3435565,832.6208271588775,3250.636659,2275.4456612999998,14.450425925743495,0.0,3236.1862330742565,459,45.0,87.69379059700574,325.0636659,0.0,390.07639908,3.5284721168438136,260.05093272,10.921953808899682,2026-01-07 03:00:00
2026-01-05 07:00:00,medium,965.89973375,924.7329742393896,3484.4994129999995,2439.1495890999995,32.8565050881808,0.0,3451.642907911819,431,16.0,165.36939254113912,348.4499413,0.0,418.1399295599999,11.046262996568426,278.75995303999997,21.810242091612377,2026-01-05 23:00:00
2026-01-05 08:00:00,medium,1129.201683,1214.5150416537388,3631.438613,2542.0070290999997,67.48304045200248,0.0,3563.9555725479972,431,15.0,281.7914175695621,363.1438613,6.845558068625812,435.77263356,23.1000493705584,290.51508903999996,37.537433012818276,2026-01-05 23:00:00
2026-01-05 09:00:00,medium,1136.484434,1142.8465388861073,3649.0165890000003,2554.3116123,78.10151883459852,0.0,3570.9150701654016,431,14.0,294.0570691581722,364.90165890000003,10.965166580943137,437.88199068,27.93824741520346,291.92132712000006,39.198104838451926,2026-01-05 23:00:00
2026-01-05 10:00:00,medium,1087.8393415,1152.7006866235106,3725.94332,2608.160324,71.21331094854546,0.0,3654.7300090514545,431,13.0,266.3537493532729,372.594332,9.43218060210037,447.1131984,25.19434157604821,298.0754656,36.586788770396886,2026-01-05 23:00:00
2026-01-05 11:00:00,medium,1021.09931825,1024.812834727556,3725.5123310000004,2607.8586317,54.38385403668525,78.28120203743119,3749.4096790007466,431,12.0,223.654301347963,372.55123310000005,0.0,447.06147972,23.279035376503643,298.04098648,31.104818660181603,2026-01-05 23:00:00
2026-01-05 12:00:00,medium,1004.14357925,1117.4847151185093,3634.4332919999997,2544.1033043999996,53.57457139173898,0.0,3580.8587206082607,431,11.0,216.43703026931522,363.4433292,0.0,436.13199503999994,24.152974141476825,290.75466336,29.421597250262153,2026-01-05 23:00:00
2026-01-05 13:00:00,medium,1005.24529525,1101.7890415843763,3617.2958399999998,2532.1070879999997,57.259715085101696,0.0,3560.036124914898,431,10.0,222.7741770600547,361.729584,0.0,434.07550079999993,27.170124220734508,289.3836672,30.08959086436719,2026-01-05 23:00:00
2026-01-05 14:00:00,medium,1052.24714625,1038.554118083651,3561.800125,2493.2600875,69.88299844205204,0.0,3491.917126557948,431,9.0,265.94547253727205,356.18001250000003,0.0,427.416015,34.95711958390029,284.94401000000005,34.92587885815176,2026-01-05 23:00:00
2026-01-05 15:00:00,medium,1125.50426,1178.9406623024895,3491.688912,2444.1822383999997,93.41690031459558,0.0,3398.2720116854043,431,8.0,332.65576613633607,349.1688912,4.899587415768894,419.00266944,46.67641859066454,279.33511296,41.840894308162156,2026-01-05 23:00:00
2026-01-05 16:00:00,medium,1359.7851405000001,1395.2808177271831,3568.7985320000003,2498.1589724,158.2575857618681,0.0,3410.540946238132,431,7.0,537.7457169169405,356.87985320000007,14.215775941185091,428.25582384,81.20984038832555,285.50388256,62.83196943235749,2026-01-05 23:00:00
2026-01-05 17:00:00,medium,1670.030823,1745.3055586642793,3683.348724,2578.3441067999997,251.42883785265468,0.0,3431.919886147345,431,6.0,818.3897481313742,368.3348724,35.11535737033802,442.00184687999996,132.83704331842142,294.66789792000003,83.47643716389523,2026-01-05 23:00:00
2026-01-05 18:00:00,medium,1596.4935865,1543.4227961680942,3546.72046,2482.704322,253.24652796989994,0.0,3293.4739320301,431,5.0,774.210999805396,354.672046,45.09988031906173,425.60645519999997,129.95185675367534,283.7376368,78.19479089716287,2026-01-05 23:00:00
2026-01-05 19:00:00,medium,1365.4432864999999,1403.176116799914,3388.361694,2371.8531858,211.63385649334447,0.0,3176.7278375066558,431,4.0,584.7472876883741,338.8361694,43.84436966796731,406.60340328,104.57652942377419,271.06893552,63.21295740160299,2026-01-05 23:00:00
2026-01-05 20:00:00,medium,1098.2779305,1156.4912772767273,3283.707955,2298.5955685,143.06028933983748,0.0,3140.6476656601626,431,3.0,351.68931695088924,328.3707955,29.93033270841739,394.0449546,71.83795012845738,262.6966364,41.29200650296271,2026-01-05 23:00:00
2026-01-05 21:00:00,medium,964.33114425,867.6004724967287,3140.3583089999997,2198.2508162999998,99.29499327027074,435.8942034948352,3476.957519224564,431,2.0,233.17824999834747,314.0358309,20.56699986652889,376.84299708,51.46374750255609,251.22866471999998,27.26424590118576,2026-01-05 23:00:00
2026-01-05 22:00:00,medium,925.0975915,860.0183733033824,3022.307997,2115.6155979,94.5251389660736,0.0,2927.7828580339265,431,1.0,200.81631261956963,302.2307997,24.676588300562756,362.67695963999995,47.058080178159365,241.78463976,22.790470487351488,2026-01-05 23:00:00
2026-01-05 23:00:00,medium,831.3553595000001,719.1975897231946,2956.354358,2069.4480506,38.36025838401699,1278.9727108320276,4196.966810448011,459,28.0,142.58339332194112,295.63543580000004,7.617423332193235,354.76252296,14.718822070423602,236.50834864,16.024012981400148,2026-01-07 03:00:00
2026-01-06 00:00:00,medium,782.01930075,767.2019248555492,3390.3015670000004,2373.2110969,27.01566405806866,22.33624540261684,3385.622148344549,459,27.0,121.07313802863429,339.0301567000001,1.8391763635771097,406.83618804,9.51761210527158,271.22412536,15.65887558921997,2026-01-07 03:00:00
2026-01-06 01:00:00,medium,781.644409,821.1092330687779,3289.2077639999998,2302.4454347999995,28.515486874411764,0.0,3260.692277125588,459,26.0,123.94240845526996,328.9207764,2.6284842401910002,394.70493167999996,10.341821469536368,263.13662112,15.545181164684395,2026-01-07 03:00:00
2026-01-06 02:00:00,medium,758.815323,841.4449608652816,3376.379653,2363.4657571,24.21215510743864,0.0,3352.167497892561,459,25.0,114.86049627926025,337.6379653,2.1440710262493807,405.16555836,7.2602101582671,270.11037224,14.80787392292216,2026-01-07 03:00:00
2026-01-06 03:00:00,medium,747.9238725,751.9990854230876,3343.555304,2340.4887128,22.059090188536803,4.46766060376811,3325.9638744152317,459,24.0,111.7908488177233,334.3555304,2.1857834894309285,401.22663647999997,5.595095717015641,267.48442432,14.278210982090235,2026-01-07 03:00:00
2026-01-06 04:00:00,medium,765.596793,855.1706480064211,3206.0807839999998,2244.2565487999996,31.07774023307945,0.0,3175.00304376692,459,23.0,124.56548604046046,320.6080784,5.402665085321108,384.72969407999994,10.448054762043297,256.48646271999996,15.227020385715043,2026-01-07 03:00:00
2026-01-06 05:00:00,medium,799.5789002500001,723.673320048181,3164.205852,2214.9440964,22.76394552420805,52.89531381313541,3194.3372202889277,459,22.0,147.32484666697562,316.4205852,0.0,379.70470224,5.058077498083232,253.13646816000002,17.70586802612482,2026-01-07 03:00:00
2026-01-06 06:00:00,medium,906.3451050000001,812.6590708354665,3415.09322,2390.565254,37.35719012982155,0.0,3377.7360298701788,459,21.0,214.21251406954138,341.50932200000005,0.0,409.8111864,9.979472943018886,273.2074576,27.37771718680266,2026-01-07 03:00:00
2026-01-06 07:00:00,medium,1034.9502495000002,1031.8951260606862,3587.436429,2511.2055002999996,59.63589733236658,0.0,3527.800531667633,459,20.0,297.6382928170763,358.7436429,2.9613831240460473,430.49237148,17.71688432272268,286.99491432,38.957629885597854,2026-01-07 03:00:00
2026-01-06 08:00:00,medium,1226.90523275,1248.028832441662,3747.6464180000003,2623.3524926,131.65238403040692,0.0,3615.994033969593,459,19.0,424.546977669594,374.76464180000005,18.448356975543497,449.71757016000004,58.07299635945347,299.81171344,55.13103069540994,2026-01-07 03:00:00
2026-01-06 09:00:00,medium,1261.541212,1259.743000854825,3692.081839,2584.4572872999997,160.45000522577618,0.0,3531.6318337742237,459,18.0,457.37931100636945,369.2081839,31.885220832095428,443.04982068,70.95289593683157,295.36654712,57.61188845684919,2026-01-07 03:00:00
2026-01-06 10:00:00,medium,1157.0915685,1043.3822529978067,3690.268617,2583.1880319,129.39425968986205,50.333577807638925,3611.207935117777,459,17.0,400.67190240199164,369.02686170000004,22.09970806035574,442.83223404,55.50552606055852,295.22148936,51.789025568947785,2026-01-07 03:00:00
2026-01-06 11:00:00,medium,1100.4671895,1095.5655873267965,3673.00296,2571.1020719999997,119.90299783127125,0.0,3553.099962168729,459,16.0,372.85850356403074,367.300296,24.468260475863595,440.76035519999994,46.88913824036375,293.8402368,48.545599115043906,2026-01-07 03:00:00
2026-01-06 12:00:00,medium,1005.0221065000001,933.2762839722332,3597.801338,2518.4609366,73.14741996046052,280.9499082574727,3805.6038262970123,459,15.0,316.69907926109795,359.78013380000004,2.1498425719682794,431.73616056000003,29.707388546397702,287.82410704,41.290188842094544,2026-01-07 03:00:00
2026-01-06 13:00:00,medium,972.9642457499999,1009.796235935652,3622.579924,2535.8059468,70.63621675065664,0.0,3551.9437072493433,459,14.0,302.12556197018216,362.25799240000003,0.09862419110021077,434.70959088,30.667900049030518,289.80639392,39.869692510525915,2026-01-07 03:00:00
2026-01-06 14:00:00,medium,976.700555,996.8634585353267,3620.1931830000003,2534.1352281,78.33265509220638,0.0,3541.8605279077938,459,13.0,312.4734926197591,362.01931830000007,2.4080526287807853,434.42318196,34.86860660889471,289.61545464000005,41.055995854530885,2026-01-07 03:00:00
2026-01-06 15:00:00,medium,1023.64780025,971.9544120019955,3587.1894409999995,2511.0326086999994,94.65704316118487,2.2484667630684902,3494.780864601883,459,12.0,355.1631714381308,358.7189441,4.925532256499281,430.46273291999995,44.241105875103806,286.97515527999997,45.49040502958179,2026-01-07 03:00:00
2026-01-06 16:00:00,medium,1083.5975435,1055.3348630464818,3622.73402,2535.9138139999995,119.55361184568966,0.0,3503.18040815431,459,11.0,409.69032369611966,362.27340200000003,10.03854976339576,434.72808239999995,57.7378204247231,289.8187216,51.77724165757079,2026-01-07 03:00:00
2026-01-06 17:00:00,medium,1143.26705675,1085.0103130461075,3754.062479,2627.8437353,154.27738216063884,0.0,3599.7850968393614,459,10.0,466.53234726276867,375.40624790000004,19.481234381171603,450.48749748,75.31146030787866,300.32499832,59.48468747158858,2026-01-07 03:00:00
2026-01-06 18:00:00,medium,1107.9585585,1104.5112081499756,3647.153761,2553.0076326999997,157.1352951818364,0.0,3490.018465818164,459,9.0,450.14826134960833,364.7153761,24.683535625487497,437.65845132,76.24482266594627,291.77230088,56.206936890402645,2026-01-07 03:00:00
2026-01-06 19:00:00,medium,1039.5833587500001,1092.1161863775683,3445.1458390000003,2411.6020873,143.55545124067973,0.0,3301.5903877593205,459,8.0,405.5629400563609,344.51458390000005,25.3554626051499,413.41750068,69.36687564866888,275.61166712000005,48.83311298686096,2026-01-07 03:00:00
2026-01-06 20:00:00,medium,908.6990075,854.484074951545,3375.7558320000003,2363.0290824,105.32019646997477,86.89236726048482,3357.3280027905103,459,7.0,305.9580271984938,337.57558320000004,15.762113514955695,405.09069984,51.98464577532745,270.06046656,37.573437179691624,2026-01-07 03:00:00
2026-01-06 21:00:00,medium,811.2550085,838.9775668534814,3275.665148,2292.9656035999997,79.05726600040165,0.0,3196.6078819995982,459,6.0,229.83256433838483,327.56651480000005,14.185726782119207,393.07981775999997,36.81448549090179,262.05321184,28.05705372738066,2026-01-07 03:00:00
2026-01-06 22:00:00,medium,763.878074,734.7139049895158,3102.2953820000002,2171.6067674,69.16986224814048,15.762113514955695,3048.8876332668156,459,5.0,193.8408054548463,310.22953820000004,14.148320821151906,372.27544584000003,32.402599337060636,248.18363056,22.618942089927934,2026-01-07 03:00:00
2026-01-06 23:00:00,medium,693.59732675,649.989320975571,3046.9699219999998,2132.8789454,47.45599555880432,526.1610307709838,3525.6749572121794,459,4.0,135.1552589281602,304.6969922,7.252873067126252,365.63639063999995,24.528317105064428,243.75759376,15.674805386613642,2026-01-07 03:00:00
2026-01-07 00:00:00,medium,702.32159,696.4349202024994,3255.889023,2279.1223161,61.99744009302429,0.0,3193.891582906976,459,3.0,146.6706090006401,325.58890230000003,12.677741361858986,390.70668276000004,31.179550093804124,260.47112184,18.14014863736118,2026-01-07 03:00:00
2026-01-07 01:00:00,medium,662.1382140000001,605.1998862669345,3370.635804,2359.4450628,52.360460323301396,19.930614428985237,3338.2059581056837,459,2.0,112.15998351790691,337.06358040000003,10.692203584347638,404.47629648,27.227617491656755,269.65086432,14.440639247297,2026-01-07 03:00:00
2026-01-07 02:00:00,medium,635.4987645,605.048052705905,3357.115772,2349.9810404,47.45097155723878,0.0,3309.664800442761,507,49.0,89.04425679016325,335.7115772,12.28899148522296,402.85389263999997,23.710268072215253,268.56926176,11.451711999800567,2026-01-09 03:00:00
2026-01-07 03:00:00,medium,610.11094925,544.2276651576133,3418.7015920000003,2393.0911144,12.232408484176235,1133.1576845650648,4539.626868080889,507,48.0,83.65175987641807,341.87015920000005,0.0,410.24419104000003,1.270462028390906,273.49612736000006,10.961946455785329,2026-01-09 03:00:00
2026-01-07 04:00:00,medium,603.64722725,711.7071095604015,3395.1761340000003,2376.6232938,12.18735518506245,0.0,3382.9887788149376,507,47.0,83.7732942267432,339.5176134000001,0.0,407.42113608,1.285164641584092,271.61409072000004,10.902190543478358,2026-01-09 03:00:00
2026-01-07 05:00:00,medium,634.2844775,636.2239728584451,3309.187477,2316.4312339,14.237537064188382,0.0,3294.9499399358115,507,46.0,95.5949052086392,330.91874770000004,0.0,397.10249724,2.1280501245674213,264.73499816,12.109486939620961,2026-01-09 03:00:00
2026-01-07 06:00:00,medium,691.5798695,653.0949665604078,3280.94216,2296.6595119999997,20.214923818821525,0.0,3260.7272361811783,507,45.0,116.61599213658113,328.094216,0.018303214229956826,393.7130592,5.591084131500465,262.4753728,14.605536473091105,2026-01-09 03:00:00
2026-01-07 07:00:00,medium,741.42144225,753.1903373403823,3540.70711,2478.494977,32.54652480599371,0.0,3508.160585194006,507,44.0,136.1589583671037,354.070711,1.4837368360452485,424.88485319999995,12.715835949863736,283.25656879999997,18.346952020084725,2026-01-09 03:00:00
2026-01-07 08:00:00,medium,817.1178639999999,810.9398212670043,3665.362247,2565.7535728999997,56.58752666705499,0.0,3608.774720332945,482,18.0,174.65929401584918,366.53622470000005,5.616823810166551,439.84346963999997,26.78656727930925,293.22897976,24.184135577579188,2026-01-08 02:00:00
2026-01-07 09:00:00,medium,837.8727475000001,825.7194195256728,3678.155503,2574.7088520999996,70.73050558039267,0.0,3607.4249974196073,482,17.0,192.64973082076213,367.81555030000004,9.77783079055096,441.37866035999997,34.292414137500835,294.25244024,26.660260652340874,2026-01-08 02:00:00
2026-01-07 10:00:00,medium,809.36514125,843.1443097523884,3830.588779,2681.4121453,71.7270490590271,0.0,3758.861729940973,482,16.0,178.41746204162257,383.0588779,12.243566531357684,459.67065348,33.686350436865595,306.44710232,25.797132090803814,2026-01-08 02:00:00
2026-01-07 11:00:00,medium,746.7642965,788.4272205526017,3878.679838,2715.0758865999996,54.76548869564035,0.0,3823.91434930436,507,40.0,152.44444725854635,387.86798380000005,8.759186261615886,465.44158056,23.569540566514103,310.29438704,22.436761867510363,2026-01-09 03:00:00
2026-01-07 12:00:00,medium,719.732526,690.554962881421,3735.219553,2614.6536871,48.49059011126643,36.41571060792104,3723.1446734966544,507,39.0,146.10741967830228,373.5219553,8.299299929840451,448.22634636,19.45835220478997,298.81756424,20.732937976636006,2026-01-09 03:00:00
2026-01-07 13:00:00,medium,696.100745,664.4307417645425,3764.8281979999997,2635.3797385999997,42.40768803673458,104.54836861956139,3826.968878582826,507,38.0,140.66676744697915,376.4828198,6.2614705373986475,451.77938376,16.007652533722688,301.18625584,20.13856496561324,2026-01-09 03:00:00
2026-01-07 14:00:00,medium,711.4940745,696.3662311566596,3701.890143,2591.3231001,54.712292839047365,0.0,3647.177850160953,507,37.0,150.33170240960519,370.18901430000005,11.459067752020859,444.22681716,22.12756238126235,296.15121144,21.125662705764153,2026-01-09 03:00:00
2026-01-07 15:00:00,medium,760.98071675,634.3750526895428,3566.4761129999997,2496.5332790999996,48.70624419729354,117.19056605707283,3634.960434859779,507,36.0,174.2571348760342,356.6476113,7.073619681133715,427.97713355999997,18.15310241841503,285.31808903999996,23.479522097744795,2026-01-09 03:00:00
2026-01-07 16:00:00,medium,794.96189925,711.6263908290796,3636.153283,2545.3072981,53.7176035251382,7.073619681133715,3589.5092991559954,482,10.0,196.07426075226383,363.61532830000004,2.475615197670419,436.33839396,24.43943843141642,290.89226264,26.802549896051364,2026-01-08 02:00:00
2026-01-07 17:00:00,medium,935.46360675,1010.6416914594489,3777.515414,2644.2607897999997,100.66379506020243,0.0,3676.8516189397974,482,9.0,313.2307964970817,377.7515414,11.917732691703879,453.30184968,45.813870704360134,302.20123312,42.93219166413841,2026-01-08 02:00:00
2026-01-07 18:00:00,medium,927.33725175,1017.8104759925706,3697.475632,2588.2329424,107.99441173437273,0.0,3589.4812202656276,482,8.0,314.50697511343907,369.74756320000006,16.558902063694013,443.69707584,49.26135669033657,295.79805056000004,42.17415298034215,2026-01-08 02:00:00
2026-01-07 19:00:00,medium,860.1221235,846.4251413243992,3521.290946,2464.9036622,91.77601876839348,0.0,3429.5149272316066,482,7.0,266.04454578284424,352.12909460000003,14.098947667884437,422.55491352,43.13662884214679,281.70327568,34.540442258362255,2026-01-08 02:00:00
2026-01-07 20:00:00,medium,728.81160075,760.5222337180671,3578.123986,2504.6867902,57.6577620206414,28.476634755397892,3548.9428587347566,507,31.0,182.63876944804113,357.81239860000005,4.848309891829373,429.37487832,28.16543853073759,286.24991888,24.644013598074434,2026-01-09 03:00:00
2026-01-07 21:00:00,medium,693.9897525,711.1085109998945,3465.374985,2425.7624895,52.6703376240327,16.574562865554856,3429.2792102415224,507,30.0,170.81361549112842,346.5374985,5.276373064783883,415.84499819999996,25.01453756330306,277.2299988,22.37942699594575,2026-01-09 03:00:00
2026-01-07 22:00:00,medium,679.8480480000001,849.1864924650381,3240.231444,2268.1620107999997,51.04889312276761,0.0,3189.182550877232,507,29.0,168.28860781824318,324.02314440000004,6.529959422545381,388.82777328,23.891959347788045,259.21851552,20.626974352434182,2026-01-09 03:00:00
2026-01-07 23:00:00,medium,652.554738,714.1313581289018,3079.2851729999998,2155.4996211,46.057559108765226,0.0,3033.2276138912343,507,28.0,158.99539757022723,307.9285173,6.9921980488224555,369.51422075999994,20.510725748603562,246.34281384,18.554635311339208,2026-01-09 03:00:00
2026-01-08 00:00:00,medium,623.94938225,616.9139147185579,3302.1042,2311.47294,44.34763213690419,4.848309891829373,3262.6048777549254,507,27.0,148.45578467867142,330.21042000000006,7.391227039282402,396.252504,18.340910626852395,264.168336,18.61549447076939,2026-01-09 03:00:00
2026-01-08 01:00:00,medium,620.79242875,568.2377045169766,3367.734656,2357.4142592,49.98996843620269,188.84105224369404,3506.5857398074913,507,26.0,150.56588651825473,336.7734656,10.488764772088231,404.12815872,20.253373263577767,269.41877248000003,19.247830400536692,2026-01-09 03:00:00
2026-01-08 02:00:00,medium,631.5521125,543.1975648858336,3140.9667489999997,2198.6767242999995,32.30485872160511,392.5933541855261,3501.255244463921,507,25.0,160.1367237767694,314.0966749,3.0522129031614234,376.91600987999993,10.194759043592384,251.27733991999997,19.057886774851298,2026-01-09 03:00:00
2026-01-08 03:00:00,medium,616.23453125,627.4250312226973,3084.088062,2158.8616433999996,29.39169436352008,0.0,3054.69636763648,507,24.0,155.7841374127498,308.4088062,3.13917911030508,370.09056744,8.03292122896518,246.72704496,18.219594024249822,2026-01-09 03:00:00
2026-01-08 04:00:00,medium,637.1000745,595.5007835093634,3095.0871260000004,2166.5609882,41.44086510872769,3.0522129031614234,3056.698473794434,507,23.0,171.46897440422487,309.5087126000001,7.289762514041473,371.41045512000005,14.089074889831672,247.60697008000002,20.062027704854547,2026-01-09 03:00:00
2026-01-08 05:00:00,medium,656.69540375,578.4714497221279,3069.4700009999997,2148.6290007,27.867684252555016,42.74569678673579,3084.34801353418,507,22.0,187.11525365259868,306.94700009999997,0.0,368.33640011999995,6.230738938101884,245.55760008,21.636945314453133,2026-01-09 03:00:00
2026-01-08 06:00:00,medium,731.35935425,695.7978456166611,3142.340565,2199.6383954999997,36.43559558792369,0.0,3105.9049694120763,507,21.0,236.0199592938667,314.2340565,0.0,377.08086779999996,8.84377988259462,251.3872452,27.591815705329076,2026-01-09 03:00:00
2026-01-08 07:00:00,medium,946.79581125,887.3106710512084,3450.3968259999997,2415.2777782,62.88020746483847,0.0,3387.5166185351613,507,20.0,372.66364939992405,345.0396826,0.0,414.0476191199999,17.29688408954287,276.03174608,45.5833233752956,2026-01-09 03:00:00
2026-01-08 08:00:00,medium,1261.3483035,1354.141093428991,3598.7826069999996,2519.1478248999997,104.99405558833945,0.0,3493.78855141166,507,19.0,577.7131690036606,359.8782607,0.0,431.85391283999996,38.400946572875554,287.90260856,66.5931090154639,2026-01-09 03:00:00
2026-01-08 09:00:00,medium,1440.00384925,1488.4940358822198,3596.416559,2517.4915912999995,129.65769947381904,0.0,3466.758859526181,507,18.0,706.2538529190898,359.6416559,0.0,431.56998708,54.21483492984434,287.71332472,75.44286454397468,2026-01-09 03:00:00
2026-01-08 10:00:00,medium,1553.6716045,1553.233109227586,3645.244088,2551.6708615999996,150.8064266383737,0.0,3494.4376613616264,507,17.0,798.4452982525634,364.5244088,0.0,437.42929055999997,69.18053378342421,291.61952704,81.6258928549495,2026-01-09 03:00:00
2026-01-08 11:00:00,medium,1592.3765945,1673.7735221389514,3603.7244180000002,2522.6070926,161.88028353786095,0.0,3441.844134462139,507,16.0,844.6027678885995,360.37244180000005,0.0,432.44693016,78.99019354634815,288.29795344,82.8900899915128,2026-01-09 03:00:00
2026-01-08 12:00:00,medium,1645.8574437500001,1650.1127006706192,3547.2891459999996,2483.1024021999997,179.0958526806382,0.0,3368.1932933193616,507,15.0,902.7408030631268,354.7289146,3.940138029687626,425.67469751999994,91.14570368921476,283.78313168,84.01001096173579,2026-01-09 03:00:00
2026-01-08 13:00:00,medium,1764.9984797500001,1717.6278486769456,3528.283538,2469.7984766,213.61992333077234,0.0,3314.6636146692276,507,14.0,1009.551064360938,352.82835380000006,15.31466579608995,423.39402456,111.0957456099907,282.26268304,87.2095119246917,2026-01-09 03:00:00
2026-01-08 14:00:00,medium,1976.9790845,2060.750908749831,3473.212653,2431.2488571,254.40797915076493,0.0,3218.8046738492353,507,13.0,1188.269756604264,347.32126530000005,28.16203282194498,416.78551835999997,136.1330819239529,277.85701224,90.11286440486705,2026-01-09 03:00:00
2026-01-08 15:00:00,medium,1975.72755625,2005.3676086526561,3425.690407,2397.9832849,273.7158780674497,0.0,3151.97452893255,507,12.0,1217.4237937769367,342.5690407,40.703212746336725,411.08284884,143.60884488060998,274.05523256000004,89.403820440503,2026-01-09 03:00:00
2026-01-08 16:00:00,medium,1938.909265,1881.860726512045,3570.7613480000005,2499.5329436,308.8090004019626,0.0,3261.9523475980377,507,11.0,1220.2768761874295,357.0761348000001,59.1133779840739,428.49136176,156.45444627305423,285.66090784000005,93.24117614483445,2026-01-09 03:00:00
2026-01-08 17:00:00,medium,1747.3458855,1736.8772582054014,3682.449461,2577.7146227,320.9334726164733,0.0,3361.5159883835267,507,10.0,1101.978622418883,368.24494610000005,71.23618545786424,441.89393532,156.08901038159593,294.59595688,93.60827677701315,2026-01-09 03:00:00
2026-01-08 18:00:00,medium,1489.8981125,1441.7391085638383,3544.1569139999997,2480.9098397999996,289.9717267564604,3.940138029687626,3258.1253252732267,507,9.0,924.2991218367789,354.4156914,68.63438237634458,425.2988296799999,136.58505336507358,283.53255312,84.7522910150422,2026-01-09 03:00:00
2026-01-08 19:00:00,medium,1040.45732925,964.4033440469615,3457.884844,2420.5193908,181.25806556647922,283.1638571826544,3559.790635616175,507,8.0,579.72687457247,345.7884844,30.958605197757056,414.94618128,86.16285064504976,276.63078752,64.13660972367241,2026-01-09 03:00:00
2026-01-08 20:00:00,medium,763.07799975,814.0177648642402,3418.214497,2392.7501479,113.09851547129102,825.4854379561755,4130.601419484884,507,7.0,361.55470470849235,341.8214497,14.950659480323962,410.18573963999995,54.13435141435604,273.45715976,44.013504576611034,2026-01-09 03:00:00
2026-01-08 21:00:00,medium,705.973227,810.9911422258572,3220.236563,2254.1655941,101.04648009468852,0.0,3119.1900829053116,507,6.0,321.5569722364968,322.0236563,13.6489360106897,386.42838756,49.940759187020326,257.61892504,37.45678489697848,2026-01-09 03:00:00
2026-01-08 22:00:00,medium,677.1126455,600.1914289399472,3218.107217,2252.6750519,98.37646893549308,509.4308924231721,3629.1616404876795,507,5.0,304.2278519635939,321.81072170000004,10.933879618913108,386.17286604000003,51.804501893685135,257.44857736,35.638087422894834,2026-01-09 03:00:00
2026-01-08 23:00:00,medium,584.79608925,615.7593972679814,3144.911798,2201.4382585999997,79.68732283278345,0.0,3065.2244751672165,507,4.0,228.39794230371896,314.49117980000005,10.70627395373376,377.38941576,42.20147981381086,251.59294384,26.779569065238828,2026-01-09 03:00:00
2026-01-09 00:00:00,medium,590.03938125,554.2540399482996,3293.271362,2305.2899534,96.91653274764124,0.0,3196.3548292523587,507,3.0,239.04429374058776,329.32713620000004,17.133824961698085,395.19256343999996,50.52032448217935,263.46170896,29.26238330376382,2026-01-09 03:00:00
2026-01-09 01:00:00,medium,528.223965,501.43206889294174,3453.8212009999997,2417.6748406999995,88.24860618526397,0.0,3365.5725948147356,507,2.0,186.29508602254813,345.3821201,18.26516067010532,414.45854411999994,45.73935338289079,276.30569607999996,24.24409213226785,2026-01-09 03:00:00
2026-01-09 02:00:00,medium,428.5421435,395.9604776668622,3625.948953,2538.1642671,53.966451486317126,57.039139204450265,3629.0216407181333,507,1.0,93.79050002032879,362.5948953,13.980440347238048,435.11387436,26.965052606091245,290.07591624,13.02095853298783,2026-01-09 03:00:00
2026-01-09 03:00:00,medium,379.896818,332.37732566761014,3724.8438389999997,2607.3906872999996,11.42143086126891,2016.3139217502342,5729.736329888965,508,1.0,19.224473596910066,372.4843839,2.9525447468606876,446.98126067999993,5.712613816793364,297.98750712,2.7562722976148577,2026-01-09 04:00:00
2026-01-09 04:00:00,medium,357.516985,360.18567453696545,3859.769095,2701.8383665,0.0,11.42143086126891,3871.190525861269,-1,0.0,0.0,385.97690950000003,0.0,463.1722914,0.0,308.7815276,0.0,
2026-01-09 05:00:00,medium,422.751028,377.04877159739294,3578.746242,2505.1223694,1.7280414538584277,0.0,3577.0182005461415,531,22.0,9.784202883234341,357.8746242,0.0,429.44954904,0.3800383751995126,286.29969936000003,1.348003078658915,2026-01-10 03:00:00
2026-01-09 06:00:00,medium,542.5335985,557.4087239178912,3556.2997199999995,2489.4098039999994,14.462821303060455,0.0,3541.836898696939,531,21.0,80.88991329538011,355.62997199999995,0.0,426.7559663999999,3.4330180757654203,284.5039776,11.029803227295035,2026-01-10 03:00:00
2026-01-09 07:00:00,medium,629.94199925,627.1789032302975,3883.219514,2718.2536597999997,32.236141609509346,0.0,3850.9833723904903,531,20.0,135.95352617098698,388.3219514,1.4355001458728156,465.98634167999995,10.708548776295043,310.65756112,20.092092687341484,2026-01-10 03:00:00
2026-01-09 08:00:00,medium,668.46222475,655.3200821723475,3931.403486,2751.9824402,52.04074535091546,0.0,3879.3627406490846,531,19.0,163.3503586818394,393.14034860000004,8.251301567807344,471.76841832,19.47243884475126,314.51227888,24.317004938356856,2026-01-10 03:00:00
2026-01-09 09:00:00,medium,666.1457735,616.2297720877121,3859.438203,2701.6067421,50.01597291757187,9.68680171368016,3819.1090317961084,531,18.0,166.00855817071943,385.9438203,4.712254249352851,463.13258436,21.05644399140272,308.75505624000004,24.2472746768163,2026-01-10 03:00:00
2026-01-09 10:00:00,medium,701.88253375,670.1601105687417,3778.361179,2644.8528253,68.16310688773427,0.0,3710.198072112266,531,17.0,193.5746988987772,377.83611790000003,9.312653312060098,453.40334148,31.338380979601297,302.26889432,27.51207259607287,2026-01-10 03:00:00
2026-01-09 11:00:00,medium,641.094558,682.6410754204165,3804.447429,2663.1132003,50.34824867246289,0.0,3754.099180327537,531,16.0,157.72766702872644,380.4447429,7.764924792646729,456.53369147999996,19.83628152694257,304.35579432,22.74704235287358,2026-01-10 03:00:00
2026-01-09 12:00:00,medium,620.3212805000001,647.871725819341,3641.4602609999997,2549.0221826999996,43.99333832458663,0.0,3597.466922675413,531,15.0,147.44331101849593,364.1460261,8.04669050270023,436.97523132,15.554274732853706,291.31682087999997,20.3923730890327,2026-01-10 03:00:00
2026-01-09 13:00:00,medium,619.0883435000001,565.3228050360798,3592.631085,2514.8417594999996,38.41382721243586,147.8028917086065,3702.0201494961707,531,14.0,150.3070201881765,359.26310850000004,3.669327636806248,431.1157302,14.245620244467105,287.4104868,20.498879331162513,2026-01-10 03:00:00
2026-01-09 14:00:00,medium,618.97626125,624.4395380486075,3535.122279,2474.5855953,41.81247318633007,0.0,3493.30980581367,531,13.0,154.03107802842513,353.5122279,5.374268025469892,424.21467348,15.78216592959152,282.80978232,20.656039231268657,2026-01-10 03:00:00
2026-01-09 15:00:00,medium,636.9847454999999,678.3110372854483,3645.857911,2552.1005376999997,55.615264314317905,0.0,3590.2426466856823,531,12.0,171.2714065924821,364.58579110000005,10.89291410339444,437.50294931999997,21.116531679698646,291.66863288,23.60581853122482,2026-01-10 03:00:00
2026-01-09 16:00:00,medium,654.37675075,562.5594602883245,3754.558628,2628.1910396,58.96131212554785,19.93650976567058,3715.533825640123,531,11.0,188.81764524764165,375.45586280000003,4.678862867495483,450.54703536,27.58590926034049,300.36469024,26.69653999771187,2026-01-10 03:00:00
2026-01-09 17:00:00,medium,691.346439,721.2312495808965,4026.659134,2818.6613938,85.29253568919518,0.0,3941.366598310805,531,10.0,222.38960885323024,402.6659134,10.705724105969546,483.19909608,41.14639729889918,322.13273072,33.440414284326444,2026-01-10 03:00:00
2026-01-09 18:00:00,medium,661.58761675,625.1433100079785,4138.43671,2896.9056969999997,83.99164467045087,10.705724105969546,4065.1507894355186,531,9.0,204.25652638692796,413.84367100000003,11.99957980616093,496.61240519999996,40.27742356452041,331.0749368,31.71464129976952,2026-01-10 03:00:00
2026-01-09 19:00:00,medium,626.2058010000001,657.5887277726238,3781.832409,2647.2826863,70.9427319025489,0.0,3710.889677097451,531,8.0,180.45912431605032,378.18324090000004,12.749731225428729,453.81988908,32.444337935066685,302.54659272000004,25.748662742053487,2026-01-10 03:00:00
2026-01-09 20:00:00,medium,618.73341375,576.7541601401615,3758.949753,2631.2648271,77.25438953051668,0.0,3681.6953634694833,531,7.0,178.7547208589251,375.8949753,17.73756793022423,451.07397036,34.15616380014241,300.71598024,25.360657800150033,2026-01-10 03:00:00
2026-01-09 21:00:00,medium,600.1271232500001,500.85860771345153,3596.660298,2517.6622085999998,65.53787615660087,273.92029154203584,3805.042713385435,531,6.0,167.26533551674777,359.6660298,13.155108691520121,431.59923575999994,29.6212170983019,287.73282384,22.761550366778852,2026-01-10 03:00:00
2026-01-09 22:00:00,medium,598.445833,508.93099891642606,3589.976478,2512.9835346,64.28017850402358,13.155108691520121,3538.8514081874964,531,5.0,170.01594420694252,358.99764780000004,8.21716728224568,430.79717736,32.98331743786149,287.19811824,23.07969378391641,2026-01-10 03:00:00
2026-01-09 23:00:00,medium,556.768511,559.413183066376,3203.4842790000002,2242.4389953,50.05779849854828,0.0,3153.426480501452,531,4.0,136.60871789648252,320.34842790000005,7.343273747084065,384.41811348,26.061402116505878,256.27874232000005,16.65312263495834,2026-01-10 03:00:00
2026-01-10 00:00:00,medium,543.9160035,558.2007410946815,3319.2448059999997,2323.4713641999997,53.679194990746,0.0,3265.5656110092536,531,3.0,128.14315393860582,331.9244806,9.630471398408744,398.30937671999993,27.84057437844595,265.53958448,16.2081492138913,2026-01-10 03:00:00
2026-01-10 01:00:00,medium,521.3867212499999,471.6493068692575,3425.942676,2398.1598731999998,52.187285198091175,25.19091242773849,3398.9463032296476,531,2.0,109.95659713586036,342.5942676,10.655020820137192,411.11312112,27.13862754277999,274.07541408000003,14.39363683517399,2026-01-10 03:00:00
2026-01-10 02:00:00,medium,494.95308950000003,530.0756747327556,3659.0804880000005,2561.3563416,50.53056085678494,0.0,3608.5499271432154,531,1.0,86.95917858812898,365.9080488000001,13.08630135185397,439.08965856000003,25.251968044611456,292.72643904000006,12.192291460319508,2026-01-10 03:00:00
2026-01-10 03:00:00,medium,497.17613225,405.7925288252072,3543.311479,2480.3180353,24.506011778706668,661.1472494006164,4179.9527166219095,533,2.0,49.67465115987198,354.3311479,4.986493524900176,425.19737748,12.753545313373328,283.46491832,6.765972940433162,2026-01-10 05:00:00
2026-01-10 04:00:00,medium,497.0080105,493.3736215743976,3460.903569,2422.6324983,27.987063168116872,0.0,3432.916505831883,533,1.0,50.768200131790536,346.0903569,7.2389533691698125,415.30842828,13.994478163324299,276.87228552,6.753631635622759,2026-01-10 05:00:00
2026-01-10 05:00:00,medium,511.56049825,444.9546072630649,3352.019147,2346.4134028999997,12.847976982210064,52.49307494682354,3391.6642449646133,534,1.0,24.033950329840696,335.20191470000003,3.3214950405902313,402.24229764,6.425963459319128,268.16153176,3.1005184823007026,2026-01-10 06:00:00
2026-01-10 06:00:00,medium,522.7691115,486.9181255708813,3299.187542,2309.4312793999998,0.8822675739359297,12.847976982210064,3311.153251408274,578,44.0,6.946176110626078,329.9187542,0.0,395.90250504,0.0,263.93500336,0.8822675739359297,2026-01-12 02:00:00
2026-01-10 07:00:00,medium,572.87155325,575.4784801724028,3235.7500609999997,2265.0250426999996,3.016357661173733,0.0,3232.733703338826,578,43.0,24.221870300424285,323.5750061,0.0,388.29000732,0.0,258.86000487999996,3.016357661173733,2026-01-12 02:00:00
2026-01-10 08:00:00,medium,635.359493,588.0367579093827,3283.8309139999997,2298.6816397999996,7.0558967601196,0.0,3276.77501723988,578,42.0,46.7019388491151,328.3830914,0.0,394.05970967999997,1.1595902626489965,262.70647312,5.896306497470603,2026-01-12 02:00:00
2026-01-10 09:00:00,medium,689.665173,668.5146180673596,3305.7027510000003,2313.9919257,11.588993039915657,0.0,3294.1137579600845,575,38.0,68.25871404762941,330.57027510000006,0.0,396.68433012,2.9271556406666965,264.45622008000004,8.66183739924896,2026-01-11 23:00:00
2026-01-10 10:00:00,medium,724.76675925,780.1128637567941,3330.0731779999996,2331.0512245999994,15.69881626456684,0.0,3314.374361735433,556,18.0,85.29364820447327,333.0073178,0.3064119684805965,399.60878135999997,4.506953408012171,266.40585424,10.885450888074072,2026-01-11 04:00:00
2026-01-10 11:00:00,medium,754.20800575,722.4789529262268,3203.619671,2242.5337697,23.47085244988763,0.3064119684805965,3180.4552305185925,556,17.0,106.70066458699763,320.3619671,2.923146594422013,384.43436052,7.480933531150138,256.28957368,13.066772324315478,2026-01-11 04:00:00
2026-01-10 12:00:00,medium,754.282746,800.2458121635827,3149.064308,2204.3450156,25.773620701512613,0.0,3123.2906872984872,556,16.0,109.45190465887484,314.9064308,4.29510460388285,377.88771696,8.30796342647779,251.92514464,13.170552671151972,2026-01-11 04:00:00
2026-01-10 13:00:00,medium,782.4910525,720.357175493831,3044.329548,2131.0306836,23.767300926292986,23.00714815593279,3043.56939522964,556,15.0,131.6099594472423,304.4329548,0.0,365.31954576,8.507941449018613,243.54636384000003,15.259359477274373,2026-01-11 04:00:00
2026-01-10 14:00:00,medium,822.7672680000001,851.9064977853407,2997.283482,2098.0984374,30.37142758420159,0.0,2966.912054415798,556,14.0,163.32385079465868,299.72834819999997,0.17651861047445835,359.67401784,11.658648700244093,239.78267856,18.53626027348304,2026-01-11 04:00:00
2026-01-10 15:00:00,medium,873.29937875,952.5856528861844,3076.3329470000003,2153.4330629,46.75081799423562,0.0,3029.5821290057647,556,13.0,203.96924601618483,307.6332947000001,6.516398238256872,369.15995364,16.69062153150891,246.10663576000005,23.543798224469832,2026-01-11 04:00:00
2026-01-10 16:00:00,medium,956.52323925,820.582791742999,3297.154463,2308.0081241,65.35875588004242,6.69291684873133,3238.488623968689,556,12.0,270.7865043162349,329.7154463,3.848691166122077,395.65853555999996,28.641322464806372,263.77235704,32.86874224911397,2026-01-11 04:00:00
2026-01-10 17:00:00,medium,1042.60531875,998.7760796991237,3446.413723,2412.4896061,97.76202519710255,0.0,3348.6516978028976,556,11.0,343.0270452068247,344.64137230000006,9.581571577170214,413.56964676,45.764895861044266,275.71309784,42.41555775888806,2026-01-11 04:00:00
2026-01-10 18:00:00,medium,1023.04631,1054.7852769949297,3328.7706009999997,2330.1394207,99.55535303613374,0.0,3229.215247963866,556,10.0,336.4782448687737,332.8770601,12.613857636581608,399.4524721199999,46.653595473837655,266.30164808,40.28789992571448,2026-01-11 04:00:00
2026-01-10 19:00:00,medium,958.74628375,947.5787875176354,3142.939893,2200.0579251,85.19024581158995,0.0,3057.74964718841,556,9.0,293.65161836419634,314.2939893,12.332482778842682,377.15278716,39.13783397260329,251.43519144,33.719929060143976,2026-01-11 04:00:00
2026-01-10 20:00:00,medium,900.349487,920.7625100354219,3098.772576,2169.1408032,73.39939144133332,0.0,3025.3731845586667,556,8.0,253.27419109481016,309.8772576,10.891716408853245,371.85270912,33.45642181635859,247.90180608,29.051253216121477,2026-01-11 04:00:00
2026-01-10 21:00:00,medium,845.95039675,812.7312114806299,2999.783003,2099.8481021,63.4768584025209,49.26831956756982,2985.574464165049,556,7.0,214.0201595342823,299.9783003,9.74328383853446,359.97396036,29.70566323792977,239.98264024,24.027911326056667,2026-01-11 04:00:00
2026-01-10 22:00:00,medium,804.62803575,809.3904740610095,2939.942553,2057.9597870999996,56.83299523306482,0.0,2883.109557766935,556,6.0,183.87161995013443,293.9942553,9.370796470230918,352.79310635999997,27.08255786544848,235.19540424,20.37964089738543,2026-01-11 04:00:00
2026-01-10 23:00:00,medium,733.771001,725.2087530534355,2890.502181,2023.3515266999998,37.93089329815952,179.31172808105697,3031.8830157828975,556,5.0,125.99523847699,289.0502181,4.2809427404646225,346.86026172,19.767265620783935,231.24017447999998,13.88268493691096,2026-01-11 04:00:00
2026-01-11 00:00:00,medium,724.0942279999999,788.3222413912894,2934.143109,2053.9001763,40.52751483488827,0.0,2893.615594165112,556,4.0,120.42891682829902,293.41431090000003,5.967543727068279,352.09717308,21.078770938792207,234.73144872,13.481200169027787,2026-01-11 04:00:00
2026-01-11 01:00:00,medium,693.04643,707.0395763815667,2964.383801,2075.0686607,36.71634999151392,0.0,2927.667451008486,575,22.0,103.78085103048436,296.4383801,6.514171258861545,355.72605611999995,18.437543077066493,237.15070408,11.764635655585886,2026-01-11 23:00:00
2026-01-11 02:00:00,medium,657.832719,676.4008654141361,3214.880201,2250.4161406999997,31.33095410731577,0.0,3183.549246892684,575,21.0,85.57721614113616,321.4880201,5.992341266792226,385.78562411999997,14.795090392502269,257.19041608,10.543522448021276,2026-01-11 23:00:00
2026-01-11 03:00:00,medium,634.10785475,611.4546216132643,3200.1565239999995,2240.1095667999994,25.40142507872983,149.85685359369515,3324.6119525149647,578,23.0,74.39307778222988,320.01565239999996,5.544882430510998,384.01878287999995,10.72270179566772,256.01252192,9.133840852551108,2026-01-12 02:00:00
2026-01-11 04:00:00,medium,617.81803375,590.9996914260129,3197.7559330000004,2238.4291531,18.371552640319234,443.516966964783,3622.901347324464,578,22.0,66.8779383753882,319.7755933000001,3.4625405044385418,383.73071196,6.698557979595965,255.82047464000004,8.210454156284726,2026-01-12 02:00:00
2026-01-11 05:00:00,medium,614.67961125,590.8889109199208,3210.7698940000005,2247.5389258,12.232377317304184,10.161098484034508,3208.6986151667306,578,21.0,66.71441078026194,321.07698940000006,0.7106062107808954,385.29238728000007,3.2979475686397235,256.86159152000005,8.223823537883565,2026-01-12 02:00:00
2026-01-11 06:00:00,medium,610.326962,632.0218298308063,3207.473646,2245.2315522,12.151677258624748,0.0,3195.3219687413753,578,20.0,65.76327890878032,320.7473646,0.49751928471043233,384.89683751999996,3.5552613580854775,256.59789168,8.098896615828837,2026-01-12 02:00:00
2026-01-11 07:00:00,medium,629.62441125,606.4702648048856,3239.151488,2267.4060415999998,14.717769055262961,1.2081254954913276,3225.6418444402284,578,19.0,79.42887955690482,323.9151488,0.0,388.69817856,4.851601618702512,259.13211904,9.866167436560449,2026-01-12 02:00:00
2026-01-11 08:00:00,medium,687.9091402500001,703.8467573793027,3210.715985,2247.5011895,24.160764452026438,0.0,3186.5552205479735,575,15.0,120.09774197965756,321.0715985,1.06870902143917,385.28591819999997,8.379952872632511,256.8572788,14.712102557954756,2026-01-11 23:00:00
2026-01-11 09:00:00,medium,770.4231267499999,884.5701706754991,3270.489977,2289.3429839,48.684017906297754,0.0,3221.8059590937023,575,14.0,181.28465431434498,327.04899770000003,3.8142684556509288,392.45879724,22.504796728008618,261.63919816000003,22.364952722638204,2026-01-11 23:00:00
2026-01-11 10:00:00,medium,752.33991675,800.2517754387432,3331.2315329999997,2331.8620730999996,49.41631626669082,0.0,3281.8152167333087,575,13.0,172.80828332088825,333.1231533,5.065376286116452,399.74778395999994,22.59575425683844,266.49852264,21.755185723735927,2026-01-11 23:00:00
2026-01-11 11:00:00,medium,746.6235215,728.6922272307688,3472.073588,2430.4515116,55.53053621899427,0.0,3416.543051781006,575,12.0,172.94813608295775,347.20735880000007,7.513914738001099,416.64883056,25.323965268875092,277.76588704,22.69265621211808,2026-01-11 23:00:00
2026-01-11 12:00:00,medium,725.4766312500001,791.5433969690171,3502.276089,2451.5932623,54.442489855485746,0.0,3447.833599144514,575,11.0,161.2637506655753,350.2276089,9.30757227803201,420.27313067999995,23.739997267913957,280.18208712,21.394920309539774,2026-01-11 23:00:00
2026-01-11 13:00:00,medium,721.21738175,698.7732362338146,3504.855381,2453.3987666999997,60.393396719948484,0.0,3444.461984280051,575,10.0,162.02905510399918,350.4855381,13.275701266726971,420.58264571999996,25.608688904916757,280.38843048,21.50900654830475,2026-01-11 23:00:00
2026-01-11 14:00:00,medium,738.8522365,626.7553870652181,3458.2697590000002,2420.7888313,51.870598970408366,168.19869734515203,3574.597857374744,575,9.0,180.21255769575714,345.82697590000004,5.21748142532923,414.99237108,23.138326147602523,276.66158072,23.514791397476618,2026-01-11 23:00:00
2026-01-11 15:00:00,medium,756.76732125,701.3225741495428,3348.971904,2344.2803328,55.602033597579556,5.21748142532923,3298.58735182775,575,8.0,199.44229114266417,334.8971904,3.3104594530177875,401.87662847999997,27.2022068447673,267.91775232,25.089367299794468,2026-01-11 23:00:00
2026-01-11 16:00:00,medium,835.0780545,732.1844988435779,3444.103357,2410.8723499,79.71738283105174,3.3104594530177875,3367.696433621966,575,7.0,270.2296916089061,344.4103357,4.147820768985958,413.29240283999997,41.30040367279341,275.52826856,34.26915838927236,2026-01-11 23:00:00
2026-01-11 17:00:00,medium,868.6665017500001,849.3332601277281,3649.9755210000003,2554.9828647,103.39907415760132,0.0,3546.576446842399,575,6.0,305.9804332850721,364.99755210000006,8.764661515862091,437.99706252000004,54.006155740877965,291.99804168000003,40.62825690086125,2026-01-11 23:00:00
2026-01-11 18:00:00,medium,838.7582135,839.7712243554254,3595.952795,2517.1669564999997,102.66411396286247,0.0,3493.288681037138,575,5.0,287.33239308956837,359.59527950000006,9.981763787022864,431.5143354,54.851030235855895,287.6762236,37.831319939983715,2026-01-11 23:00:00
2026-01-11 19:00:00,medium,793.62492475,885.8289769251405,3395.81925,2377.0734749999997,93.78669567547877,0.0,3302.0325543245212,575,4.0,253.76795879118188,339.581925,11.50928406206302,407.49831,50.384016256208085,271.66554,31.89339535720766,2026-01-11 23:00:00
2026-01-11 20:00:00,medium,717.6492885,735.630294057029,3291.889249,2304.3224742999996,76.12920037569098,22.894246071870914,3238.6542946961795,575,3.0,189.706223602614,329.1889249,12.130080903190077,395.02670987999994,40.48703807602276,263.35113992,23.51208139647814,2026-01-11 23:00:00
2026-01-11 21:00:00,medium,708.738459,696.6879299155125,3251.778982,2276.2452873999996,82.846951361458,0.0,3168.9320306385416,575,2.0,186.03241630023945,325.1778982,17.04648864084837,390.21347783999994,43.00542618522089,260.14231856,22.79503653538874,2026-01-11 23:00:00
2026-01-11 22:00:00,medium,692.59807475,738.2153817150919,3272.8664989999997,2291.0065492999997,89.71261173156232,0.0,3183.1538872684373,575,1.0,174.99997259735974,327.2866499,23.365797196478745,392.74397988,44.71183479940709,261.82931992,21.63497973567648,2026-01-11 23:00:00
2026-01-11 23:00:00,medium,634.78039875,513.1679567545664,3379.399455,2365.5796185,51.27797334429169,871.4101058360507,4199.53158749176,578,3.0,123.27739804768089,337.9399455,8.105347717187431,405.52793460000004,27.285258320465704,270.3519564,15.887367306638552,2026-01-12 02:00:00
2026-01-12 00:00:00,medium,584.9985305,597.9573311959712,3605.219968,2523.6539776,39.598387568899135,0.0,3565.621580431101,578,2.0,79.04420235117806,360.5219968,8.068232748609361,432.62639615999996,20.60174010071708,288.41759744,10.928414719572691,2026-01-12 02:00:00
2026-01-12 01:00:00,medium,582.57006025,624.9676459137831,3585.004362,2509.5030533999998,44.8293386620745,0.0,3540.1750233379257,578,1.0,78.67670475456451,358.5004362,11.605817430676323,430.20052344,22.406516835251043,286.80034896,10.817004396147135,2026-01-12 02:00:00
2026-01-12 02:00:00,medium,583.22388875,501.90164523210876,3522.4394260000004,2465.7075982,21.61666462140213,189.03381390695424,3689.8565752855525,581,3.0,49.56080342279913,352.2439426000001,3.3999107413458125,422.69273112,11.506003937341433,281.79515408000003,6.710749942714886,2026-01-12 05:00:00
2026-01-12 03:00:00,medium,524.324276,587.2307483763811,3646.728352,2552.7098464,1.8431264486719108,0.0,3644.885225551328,681,102.0,13.129196949631035,364.6728352,0.0,437.60740224,0.0,291.73826816,1.8431264486719108,2026-01-16 09:00:00
2026-01-12 04:00:00,medium,535.88749425,554.5047966621928,3481.104593,2436.7732151,4.4281968365149,0.0,3476.676396163485,681,101.0,14.387295896279522,348.1104593,0.8518508955512324,417.73255116,1.6483756869232775,278.48836744,1.9279702540403894,2026-01-16 09:00:00
2026-01-12 05:00:00,medium,552.6439195,529.803084235456,3437.773068,2406.4411476,2.1341225470537992,24.11689120387664,3459.755836656823,681,100.0,16.12696316950218,343.7773068,0.0,412.53276816,0.0,275.02184544,2.1341225470537992,2026-01-16 09:00:00
2026-01-12 06:00:00,medium,592.80697975,627.6099823858457,3324.464548,2327.1251835999997,4.771678710056907,0.0,3319.692869289943,681,99.0,19.915462434355664,332.4464548,0.32079818958031187,398.93574576,1.9024998940945312,265.95716384,2.5483806263820634,2026-01-16 09:00:00
2026-01-12 07:00:00,medium,590.06094425,714.9490514292418,3724.914982,2607.4404873999997,5.154031926603492,0.0,3719.760950073396,681,98.0,20.18265951423152,372.4914982,0.4123127312900605,446.98979783999994,1.8480823836617588,297.99319856,2.8936368116516724,2026-01-16 09:00:00
2026-01-12 08:00:00,medium,669.098149,679.1007930282173,3816.0724219999997,2671.2506953999996,40.196637469071774,0.0,3775.875784530928,587,3.0,81.80358645054532,381.6072422,7.697169675778326,457.92869063999996,20.531413694362737,305.28579376,11.968054098930708,2026-01-12 11:00:00
2026-01-12 09:00:00,medium,682.23053875,695.8826709965185,3906.576493,2734.6035451,55.36865354311341,0.0,3851.2078394568866,587,2.0,96.36636964508301,390.6576493,13.792506901920886,468.78917916,27.16656904748392,312.52611944,14.409577593708608,2026-01-12 11:00:00
2026-01-12 10:00:00,medium,619.48274625,594.2178967752866,3861.6073250000004,2703.1251275,23.14852571700498,21.489676577699214,3859.948475860695,587,1.0,37.60735192400281,386.16073250000005,5.985689079114786,463.39287900000005,11.576658988480366,308.92858600000005,5.586177649409828,2026-01-12 11:00:00
2026-01-12 11:00:00,medium,627.6648,580.9233596794364,3844.371729,2691.0602102999997,10.102010623437392,101.70783335011762,3935.9775517266803,601,14.0,42.615726883275414,384.4371729,0.0,461.32460748,3.8017379884954816,307.54973832,6.30027263494191,2026-01-13 01:00:00
2026-01-12 12:00:00,medium,703.488942,749.1574119099334,3756.558226,2629.5907582,25.119399692512243,0.0,3731.438826307488,601,13.0,98.47956580700233,375.6558226,1.5285213020279804,450.78698712,9.434442972562808,300.52465808,14.156435417921454,2026-01-13 01:00:00
2026-01-12 13:00:00,medium,759.49310325,712.4084928250123,3717.079069,2601.9553483,48.071023132800946,0.0,3669.008045867199,601,12.0,142.46149097259706,371.7079069,7.86132107708512,446.04948828,20.07920583759923,297.36632552,20.130496218116598,2026-01-13 01:00:00
2026-01-12 14:00:00,medium,754.87900325,758.8151462970666,3698.6973709999997,2589.0881597,52.213488721899154,0.0,3646.4838822781007,601,11.0,142.56317905288586,369.8697371,10.97402963623545,443.84368451999995,21.194573912099905,295.89578968,20.044885173563802,2026-01-13 01:00:00
2026-01-12 15:00:00,medium,707.24372625,680.9725666779186,3648.766818,2554.1367726,30.239480409387916,61.637651765047686,3680.16498935566,601,10.0,109.07379208353213,364.87668180000003,1.5458146465128906,437.85201816,13.48510745404576,291.90134544,15.208558308829266,2026-01-13 01:00:00
2026-01-12 16:00:00,medium,843.181734,869.5256244160515,3716.5004169999997,2601.5502918999996,75.63626634155798,0.0,3640.8641506584418,601,9.0,220.3837122103961,371.6500417,7.2291754118652145,445.98005004,37.80444763703116,297.32003335999997,30.60264329266161,2026-01-13 01:00:00
2026-01-12 17:00:00,medium,886.78201375,905.1334295407822,3830.027819,2681.0194733,104.81218984437172,0.0,3725.215629155628,601,8.0,261.6596423207515,383.0027819,15.450914615063446,459.60333827999995,52.36084649738549,306.40222552,37.000428731922774,2026-01-13 01:00:00
2026-01-12 18:00:00,medium,865.411518,922.4762149341844,3703.430411,2592.4012876999996,105.69053448731506,0.0,3597.7398765126845,601,7.0,250.34397500782427,370.3430411,19.074599844060195,444.41164932,52.26742074764677,296.27443288,34.34851389560811,2026-01-13 01:00:00
2026-01-12 19:00:00,medium,764.6862805000001,736.635378562989,3471.1035869999996,2429.7725108999994,67.02957473975614,34.52551445912364,3438.599526719367,601,6.0,169.98644756415365,347.1103587,12.624451430984289,416.5324304399999,32.093388650809516,277.68828695999997,22.31173465796234,2026-01-13 01:00:00
2026-01-12 20:00:00,medium,697.3243715000001,682.4812500588647,3303.2190299999997,2312.2533209999997,44.10274878643135,7.2291754118652145,3266.3454566254336,601,5.0,114.84299892707436,330.321903,9.008979636426906,396.38628359999996,20.60892825012478,264.25752239999997,14.484840899879663,2026-01-13 01:00:00
2026-01-12 21:00:00,medium,683.2392745,629.4072701319731,3238.6425329999997,2267.0497730999996,37.90065466633159,197.70534924679703,3398.447227580465,601,4.0,105.00554048403393,323.8642533,4.58257346416307,388.63710395999993,20.31540534839384,259.09140263999996,13.002675853774681,2026-01-13 01:00:00
2026-01-12 22:00:00,medium,672.47933075,648.0432014458139,3113.8128520000005,2179.6689964,37.53722008569889,4.58257346416307,3080.858205378465,601,3.0,97.68130066979597,311.3812852000001,5.920337979742274,373.65754224000005,19.976584086898193,249.10502816000005,11.640298019058426,2026-01-13 01:00:00
2026-01-12 23:00:00,medium,632.05471575,652.8062428674668,3042.10543,2129.473801,26.115160337117267,0.0,3015.990269662883,601,2.0,61.701031307121895,304.21054300000003,5.316435015832842,365.0526516,13.589523314352855,243.3684344,7.209202006931569,2026-01-13 01:00:00
2026-01-13 00:00:00,medium,629.977545,671.6119189154944,3131.580999,2192.1066992999995,30.524310852886614,0.0,3101.056688147113,601,1.0,61.23711512969286,313.1580999,7.897556774426134,375.78971987999995,15.26104705303906,250.52647991999999,7.365707025421422,2026-01-13 01:00:00
2026-01-13 01:00:00,medium,617.90929775,567.1902049202306,3226.755451,2258.7288157,4.653622339544337,389.4137983745077,3611.5156270349635,681,80.0,35.4215756603642,322.6755451,0.0,387.21065411999996,0.2566731725511506,258.14043608000003,4.396949166993187,2026-01-16 09:00:00
2026-01-13 02:00:00,medium,617.871942,665.7002676058113,3161.4185949999996,2212.9930164999996,4.892650257209439,0.0,3156.52594474279,681,79.0,36.31309358448167,316.1418595,0.0,379.37023139999997,0.47648532366634727,252.91348759999997,4.416164933543092,2026-01-16 09:00:00
2026-01-13 03:00:00,medium,628.352236,702.9123182342722,2967.034272,2076.9239903999996,5.0961341744035344,0.0,2961.938137825596,681,78.0,38.723438023991385,296.7034272,0.0,356.04411264,0.6768995052758966,237.36274176,4.419234669127638,2026-01-16 09:00:00
2026-01-13 04:00:00,medium,643.89527375,666.6341934273036,2841.681811,1989.1772677,5.594272543379594,0.0,2836.08753845662,681,77.0,41.97107892031516,284.1681811,0.0,341.00181732,1.007528034853841,227.33454488,4.586744508525753,2026-01-16 09:00:00
2026-01-13 05:00:00,medium,643.20403575,746.4278054406936,2878.065446,2014.6458122,5.887864745860927,0.0,2872.177581254139,681,76.0,42.93019432850903,287.8065446,0.0,345.36785352,1.1364795870663902,230.24523568,4.7513851587945375,2026-01-16 09:00:00
2026-01-13 06:00:00,medium,722.731198,680.1727920493034,3093.1925889999998,2165.2348122999997,14.12125107850219,0.0,3079.0713379214976,626,20.0,82.15883334646384,309.3192589,0.0,371.18311067999997,4.378536771768613,247.45540712,9.742714306733578,2026-01-14 02:00:00
2026-01-13 07:00:00,medium,866.70951475,798.2535060678721,3448.3241439999997,2413.8269007999997,38.85454708025625,0.0,3409.4695969197433,626,19.0,173.77665775658838,344.8324144,1.5836206478639203,413.79889727999995,14.629516829577593,275.86593152,22.64140960281474,2026-01-14 02:00:00
2026-01-13 08:00:00,medium,967.8137702500001,869.9841565602648,3572.321855,2500.6252985,69.56165643093661,0.0,3502.7601985690635,620,12.0,245.69747790516115,357.2321855,5.377801927027562,428.6786226,31.62147816526705,285.78574840000005,32.56237633864199,2026-01-13 20:00:00
2026-01-13 09:00:00,medium,988.43814825,1070.720585381905,3566.4929669999997,2496.5450768999995,83.41318913894682,0.0,3483.0797778610527,620,11.0,267.58304175853283,356.6492967,8.892936687147092,427.97915603999996,39.35123489055429,285.31943736,35.16901756124544,2026-01-13 20:00:00
2026-01-13 10:00:00,medium,1060.249866,1096.2399770994732,3615.753381,2531.0273666999997,122.53198968402434,0.0,3493.221391315976,620,10.0,330.28396072834613,361.5753381,19.912966830902842,433.89040572,59.561539369383915,289.26027048000003,43.057483483737585,2026-01-13 20:00:00
2026-01-13 11:00:00,medium,925.5001970000001,922.443040099925,3580.629463,2506.4406241,79.7695479529877,19.912966830902842,3520.7728818779156,626,15.0,232.45911399619814,358.0629463,13.77752732032307,429.67553556,34.99502121301838,286.45035704000003,30.996999419646244,2026-01-14 02:00:00
2026-01-13 12:00:00,medium,879.33819925,894.7364736975901,3555.2111429999995,2488.6478000999996,70.09744897367773,0.0,3485.113694026322,626,14.0,205.81403447196672,355.52111429999997,13.826629296329626,426.6253371599999,28.828589964814075,284.41689144,27.442229712534033,2026-01-14 02:00:00
2026-01-13 13:00:00,medium,844.23565925,782.3337616485893,3550.232716,2485.1629012,54.453005286346254,208.98778951691492,3704.7675002305687,626,13.0,185.66169622792856,355.02327160000004,1.8254523329349233,426.02792592,27.787851200900054,284.01861728,24.83970175251128,2026-01-14 02:00:00
2026-01-13 14:00:00,medium,913.3945815,1047.9109403789255,3498.76247,2449.133729,77.45335069172437,0.0,3421.309119308276,626,12.0,241.59593417021867,349.87624700000003,5.277221226016346,419.8514964,40.77909998539097,279.90099760000004,31.397029480317048,2026-01-14 02:00:00
2026-01-13 15:00:00,medium,900.56039825,907.6675632586375,3434.6564909999997,2404.2595436999995,80.69841158604166,0.0,3353.958079413958,626,11.0,237.963476540889,343.4656491,7.36709152087372,412.15877892,42.9412471634932,274.77251928,30.390072901674728,2026-01-14 02:00:00
2026-01-13 16:00:00,medium,908.500021,914.5167347032691,3525.4747399999997,2467.8323179999998,95.15030565487257,0.0,3430.324434345127,626,10.0,250.17093504492513,352.54747399999997,11.604620392134185,423.05696879999994,50.86858310797972,282.0379792,32.677102154758664,2026-01-14 02:00:00
2026-01-13 17:00:00,medium,923.6694044999999,963.586568814428,3650.199606,2555.1397242,117.04892174885906,0.0,3533.1506842511412,626,9.0,268.6170411706274,365.01996060000005,18.85985052869122,438.02395272,62.067402223405814,292.01596848,36.121668996762025,2026-01-14 02:00:00
2026-01-13 18:00:00,medium,835.6235005,862.0790082455192,3531.801137,2472.2607958999997,93.42873464042214,0.0,3438.372402359578,626,8.0,203.3312246554256,353.1801137,18.878899788263546,423.81613644,47.60053891473415,282.54409096,26.94929593742444,2026-01-14 02:00:00
2026-01-13 19:00:00,medium,737.4522145,749.7658358353522,3309.988776,2316.9921432,55.25554843819186,1.8254523329349233,3256.5586798947434,626,7.0,126.06800384331561,330.9988776,13.438518303578435,397.19865312,25.91060886651701,264.79910208,15.906421268096416,2026-01-14 02:00:00
2026-01-13 20:00:00,medium,679.63296075,636.1568657005079,3364.146804,2354.9027628,25.629881111329134,532.0070541717636,3870.5239770604344,626,6.0,79.49393766131394,336.4146804,2.1270809684940244,403.69761647999997,13.247581579037107,269.13174432,10.255218563798005,2026-01-14 02:00:00
2026-01-13 21:00:00,medium,665.8647045,691.7954641424798,3244.152169,2270.9065183,23.41361869109931,0.0,3220.738550308901,626,5.0,69.3558927795555,324.4152169,2.5189069785700546,389.29826027999997,12.25833542927738,259.53217352,8.636376283251872,2026-01-14 02:00:00
2026-01-13 22:00:00,medium,652.4700725,755.9814198061268,3142.912074,2200.0384517999996,22.16825553447204,0.0,3120.743818465528,681,59.0,67.7854860515938,314.2912074,2.879669555526209,377.14944887999997,11.110067859503422,251.43296592,8.178518119442408,2026-01-16 09:00:00
2026-01-13 23:00:00,medium,603.26300925,677.2611117885237,3142.513413,2199.7593891,10.98118056404211,0.0,3131.532232435958,681,58.0,57.95896879799464,314.25134130000004,0.9079962850338291,377.10160956,3.07572357245845,251.40107304000003,6.9974607065498295,2026-01-16 09:00:00
2026-01-14 00:00:00,medium,639.34867075,726.9739352151669,3230.10544,2261.0738079999996,24.919211648524204,0.0,3205.1862283514756,681,57.0,68.10511406980893,323.010544,4.880819143218375,387.6126528,11.593575198017989,258.4084352,8.44481730728784,2026-01-16 09:00:00
2026-01-14 01:00:00,medium,629.8775285,601.7606662962849,3309.440272,2316.6081904,25.201513142865625,12.663149818359813,3296.901908675494,681,56.0,67.49364831690704,330.9440272,5.667169364957651,397.13283263999995,10.95934853172815,264.75522176,8.574995246179824,2026-01-16 09:00:00
2026-01-14 02:00:00,medium,641.702447,587.274181885778,3121.249449,2184.8746143,16.573892831868378,380.1134306511997,3484.7889868193315,681,55.0,72.19206577264703,312.1249449,1.4464596349075456,374.54993387999997,6.4806309239558155,249.69995592,8.646802273005017,2026-01-16 09:00:00
2026-01-14 03:00:00,medium,643.8320525,636.9137718945194,2966.647387,2076.6531709,17.982606894342716,0.0,2948.6647801056574,681,54.0,74.57169610348201,296.6647387,2.1650050350533725,355.99768644,7.3300508686170796,237.33179096,8.487550990672263,2026-01-16 09:00:00
2026-01-14 04:00:00,medium,654.909737,657.9746071758782,2826.725926,1978.7081481999999,22.555047866379944,0.0,2804.17087813362,681,53.0,79.40396889800624,282.67259260000003,3.9204497565231424,339.20711112,10.027321195795503,226.13807408000002,8.607276914061297,2026-01-16 09:00:00
2026-01-14 05:00:00,medium,669.929049,730.1095825159022,2699.759435,1889.8316045,29.981942959833383,0.0,2669.7774920401666,681,52.0,85.50732997027455,269.9759435,7.208259966646561,323.9711322,13.926715269126671,215.9807548,8.846967724060152,2026-01-16 09:00:00
2026-01-14 06:00:00,medium,696.53044825,603.4448936156849,3049.3177910000004,2134.5224537000004,13.927646745404203,52.50489265062569,3087.895036905222,681,51.0,95.10521308266586,304.9317791,0.0,365.91813492000006,2.8256271371220345,243.94542328000003,11.102019608282168,2026-01-16 09:00:00
2026-01-14 07:00:00,medium,785.6376162500001,869.7628838203339,3402.339194,2381.6374358,32.471060410795246,0.0,3369.8681335892047,681,50.0,123.04244408098191,340.23391940000005,3.0147429727145916,408.28070328,13.491015551562663,272.18713552,15.965301886517993,2026-01-16 09:00:00
2026-01-14 08:00:00,medium,963.60915875,954.9187243281556,3501.98971,2451.3927969999995,99.3653647163675,0.0,3402.6243452836325,646,14.0,238.970505454766,350.19897100000003,15.825342867610193,420.2387652,52.43201739937418,280.1591768,31.108004449383117,2026-01-14 22:00:00
2026-01-14 09:00:00,medium,986.58644625,963.1079874028919,3471.8998880000004,2430.3299216,122.03334193269856,0.0,3349.866546067302,646,13.0,261.62179133338515,347.18998880000004,25.368873235899684,416.62798656,63.128233721827634,277.75199104000006,33.53623497497126,2026-01-14 22:00:00
2026-01-14 10:00:00,medium,870.168025,814.5022843606907,3559.7772999999997,2491.8441099999995,89.77495110113578,0.0,3470.002348898864,646,12.0,181.999890827807,355.97773,22.389214678994318,427.17327599999993,42.950363161505706,284.782184,24.435373260635753,2026-01-14 22:00:00
2026-01-14 11:00:00,medium,803.4964245,712.4793075473826,3603.377236,2522.3640652,37.029465109679734,238.59980358948894,3804.947574479809,653,18.0,142.19510920339647,360.3377236,2.4608278066855473,432.40526831999995,15.089488553237375,288.27017888,19.479148749756806,2026-01-15 05:00:00
2026-01-14 12:00:00,medium,773.196246,818.4706281179053,3532.0697539999996,2472.4488277999994,32.0578816764834,0.0,3500.0118723235164,681,45.0,135.38623362294484,353.2069754,0.0,423.8483704799999,13.857185957555796,282.56558032,18.2006957189276,2026-01-16 09:00:00
2026-01-14 13:00:00,medium,774.13027075,778.1627589453623,3584.533782,2509.1736474,34.91651790669411,2.4608278066855473,3552.0780918999917,681,44.0,139.12446227519152,358.45337820000003,0.0,430.14405383999997,15.94753151529923,286.76270256,18.968986391394882,2026-01-16 09:00:00
2026-01-14 14:00:00,medium,859.63208225,788.6842327642421,3390.820714,2373.5744998,51.16039495196992,0.0,3339.66031904803,646,8.0,192.51488609374118,339.0820714,0.0,406.89848567999996,26.59923881594421,271.26565712,24.56115613602571,2026-01-14 22:00:00
2026-01-14 15:00:00,medium,1031.382877,960.1535445365012,3308.300753,2315.8105271,94.29112210601055,0.0,3214.0096308939897,646,7.0,341.56583411352955,330.83007530000003,4.072723953626245,396.99609036,49.65290831919312,264.66406024,40.56548983319118,2026-01-14 22:00:00
2026-01-14 16:00:00,medium,1118.17365275,1099.705494289043,3366.911699,2356.8381893,126.19285273103785,0.0,3240.7188462689624,646,6.0,424.91412733928405,336.69116990000003,9.03376804496658,404.02940388,67.59453582579785,269.35293592000005,49.56454886027342,2026-01-14 22:00:00
2026-01-14 17:00:00,medium,1633.0151190000001,1724.8113028909167,3603.796861,2522.6578026999996,273.88094142692097,0.0,3329.915919573079,646,5.0,890.0168789731472,360.3796861,49.702551242676655,432.45562332,139.34002792109325,288.30374888,84.83836226315104,2026-01-14 22:00:00
2026-01-14 18:00:00,medium,1351.04787325,1336.7703489250018,3475.459165,2432.8214155,223.15750650907765,0.0,3252.3016584909224,646,4.0,657.4132489179874,347.54591650000003,36.26748522866909,417.0550998,116.99871383490472,278.0367332,69.89130744550383,2026-01-14 22:00:00
2026-01-14 19:00:00,medium,1182.2673152500001,1099.5944528285042,3240.097556,2268.0682892,185.66383867098222,49.702551242676655,3104.1362685716945,646,3.0,517.4706812453041,324.00975560000006,32.25120543634137,388.81170672,97.9238463740979,259.20780448,55.48878686054296,2026-01-14 22:00:00
2026-01-14 20:00:00,medium,968.3353717499999,954.819503225273,3146.609829,2202.6268803,136.02685835874632,36.26748522866909,3046.850455869923,646,2.0,327.07215441106285,314.6609829,28.657480599348546,377.59317948,70.21790972184164,251.72878632,37.15146803755616,2026-01-14 22:00:00
2026-01-14 21:00:00,medium,820.1409635,805.1411671638781,3148.7121669999997,2204.0985168999996,94.39947115436438,36.32392938996762,3090.6366252356033,653,8.0,196.2095302959559,314.8712167,24.461759211235737,377.8454600399999,46.71289179827875,251.89697335999998,23.224820144849883,2026-01-15 05:00:00
2026-01-14 22:00:00,medium,772.82263475,624.4938693882136,2999.123739,2099.3866173,47.6444589188343,1176.0536457511512,4127.532925832316,681,35.0,173.68362070123607,299.91237390000003,6.242477625292454,359.89484868,21.720136419255187,239.92989912000002,19.681844874286657,2026-01-16 09:00:00
2026-01-14 23:00:00,medium,724.009826,721.0236083415203,2871.360002,2009.9520013999997,37.41788448548333,6.242477625292454,2840.184595139809,681,34.0,157.21711916229955,287.1360002,2.777241238226413,344.56320023999996,17.526466443114067,229.70880016,17.114176804142847,2026-01-16 09:00:00
2026-01-15 00:00:00,medium,751.80532475,739.1039255885227,2976.218367,2083.3528569,49.15757525452651,0.0,2927.0607917454736,681,33.0,173.3780496676624,297.6218367,5.293922578292317,357.14620404,24.36521858921158,238.09746936,19.498434087022616,2026-01-16 09:00:00
2026-01-15 01:00:00,medium,702.73233025,741.023680314738,2976.772897,2083.7410278999996,42.49879255831003,0.0,2934.27410444169,681,32.0,155.7172181064746,297.6772897,5.260969477738602,357.21274764,19.65953343478099,238.14183176,17.578289645790438,2026-01-16 09:00:00
2026-01-15 02:00:00,medium,667.557414,769.249999221994,3006.9101650000002,2104.8371155,37.44964461391491,0.0,2969.460520386085,681,31.0,143.4540013378718,300.69101650000005,5.0785739909257055,360.82921980000003,15.976047800080755,240.55281320000003,16.39502282290845,2026-01-16 09:00:00
2026-01-15 03:00:00,medium,633.69011325,695.6511898751266,3034.195159,2123.9366112999996,30.624539990949614,0.0,3003.5706190090505,681,30.0,131.08777656553093,303.4195159,4.349955695831924,364.10341908,11.1250746767141,242.73561272,15.149509618403592,2026-01-16 09:00:00
2026-01-15 04:00:00,medium,619.66124375,604.8723657694843,3036.495696,2125.5469872,28.795727655731106,18.410707285183037,3026.1106756294516,681,29.0,127.61175325504823,303.6495696,4.781320693842335,364.37948352,9.247186924286519,242.91965568,14.767220037602256,2026-01-16 09:00:00
2026-01-15 05:00:00,medium,641.349027,580.490102019208,2953.373577,2067.3615038999997,20.35322308926522,171.45490957172413,3104.475263482459,681,28.0,141.6120946027969,295.3373577,0.0,354.40482923999997,4.451696827466046,236.26988616,15.901526261799175,2026-01-16 09:00:00
2026-01-15 06:00:00,medium,717.209522,858.7443111787424,3097.880637,2168.5164459,30.031112553646604,0.0,3067.849524446354,681,27.0,183.82187994510045,309.78806370000007,0.620525896527801,371.74567644,7.941690057327131,247.83045096000004,21.468896599791673,2026-01-16 09:00:00
2026-01-15 07:00:00,medium,771.0833705,774.3403843707969,3424.403472,2397.0824304,45.18299405434193,0.0,3379.220477945658,681,26.0,216.59996807822554,342.4403472,2.5210582252442597,410.92841663999997,14.920894890408142,273.95227776,27.741040938689526,2026-01-16 09:00:00
2026-01-15 08:00:00,medium,763.7233335,764.489444555212,3648.423134,2553.8961937999998,49.902104200487216,0.0,3598.5210297995127,681,25.0,218.14367845714062,364.8423134,3.681400182671473,437.81077608,16.466319842085568,291.87385072,29.75438417573017,2026-01-16 09:00:00
2026-01-15 09:00:00,medium,756.494086,755.1672062089499,3649.2549440000003,2554.4784608,51.93289911291765,0.0,3597.3220448870825,681,24.0,219.69851682072175,364.92549440000005,5.015691215284777,437.91059328,16.95624776720911,291.94039552000004,29.96096013042376,2026-01-16 09:00:00
2026-01-15 10:00:00,medium,747.247355,758.142016842232,3718.039054,2602.6273377999996,54.69835723280481,0.0,3663.340696767195,681,23.0,220.05703069882836,371.8039054,6.695175022867121,446.16468647999994,17.43059347813179,297.44312432,30.5725887318059,2026-01-16 09:00:00
2026-01-15 11:00:00,medium,731.23838075,723.2985580941832,3761.727798,2633.2094586,56.75903556897805,0.0,3704.968762431022,681,22.0,216.39142629529357,376.1727798,7.683481055901967,451.40733575999997,18.629530829322675,300.93822384,30.446023683753406,2026-01-16 09:00:00
2026-01-15 12:00:00,medium,711.9603775,680.408967121587,3834.8348419999998,2684.3843893999997,49.91478665831319,74.56079409820022,3859.480849439887,681,21.0,210.4653950955936,383.4834842,0.0,460.18018104,19.680758892659888,306.78678736,30.234027765653305,2026-01-16 09:00:00
2026-01-15 13:00:00,medium,751.805338,721.7280962317784,3618.268002,2532.7876014,56.94298403092719,0.0,3561.3250179690726,681,20.0,239.9605421169489,361.8268002,0.0,434.19216023999996,24.678104087558538,289.46144016,32.264879943368655,2026-01-16 09:00:00
2026-01-15 14:00:00,medium,789.39000825,787.5885783881201,3501.6148080000003,2451.1303656,69.35368903062935,0.0,3432.2611189693707,681,19.0,269.40851694238717,350.16148080000005,3.889851909840902,420.19377696000004,30.71919753794635,280.12918464,34.744639582842105,2026-01-16 09:00:00
2026-01-15 15:00:00,medium,919.778144,889.8897815876429,3378.969875,2365.2789124999995,105.32503358770187,0.0,3273.644841412298,681,18.0,359.3677720107727,337.8969875,9.164623980293593,405.47638499999994,52.87687003162006,270.31759,43.28353957578822,2026-01-16 09:00:00
2026-01-15 16:00:00,medium,1009.79828725,970.591769202756,3414.354892,2390.0484244,143.04259503552925,0.0,3271.3122969644705,674,10.0,436.19146488880193,341.4354892,17.463598204931444,409.72258703999995,74.25212473274188,273.14839136,51.326872097855926,2026-01-16 02:00:00
2026-01-15 17:00:00,medium,1087.153182,1093.0068445230543,3530.065606,2471.0459241999997,189.56560825458814,0.0,3340.4999977454117,671,6.0,511.94167111629145,353.00656060000006,31.480859820725357,423.60787272,98.10258609330616,282.40524848,59.982162340556606,2026-01-15 23:00:00
2026-01-15 18:00:00,medium,894.74662,880.722873041853,3368.92591,2358.2481369999996,140.40154688692513,0.0,3228.5243631130747,681,15.0,370.15292771213467,336.89259100000004,27.70954672298386,404.27110919999996,68.43855883780776,269.5140728,44.25344132613352,2026-01-16 09:00:00
2026-01-15 19:00:00,medium,788.25051125,870.9701256220479,3202.1099219999996,2241.4769453999997,111.25336012219141,0.0,3090.8565618778084,681,14.0,304.4768542521237,320.21099219999996,25.786788305888223,384.25319063999996,49.97975034243723,256.16879375999997,35.48682147386596,2026-01-16 09:00:00
2026-01-15 20:00:00,medium,731.051569,585.2482295383843,3108.671032,2176.0697224,88.70395418192852,409.1654086401393,3429.132486458211,681,13.0,270.8569221393969,310.86710320000003,13.357570920626586,373.04052384,44.349239244034464,248.69368256,30.99714401726747,2026-01-16 09:00:00
2026-01-15 21:00:00,medium,679.36333375,739.3962106057354,3037.950158,2126.5651106,80.75262402255353,0.0,2957.1975339774467,681,12.0,239.42211130014854,303.79501580000004,15.235273540323211,364.55401896,38.48389205951147,243.03601264000002,27.033458422718844,2026-01-16 09:00:00
2026-01-15 22:00:00,medium,658.9458185,727.4805040873696,2896.467239,2027.5270673,80.89674378854747,0.0,2815.5704952114525,681,11.0,229.9745354945043,289.64672390000004,19.226504618622677,347.57606868,36.84677975733387,231.71737912,24.82345941259093,2026-01-16 09:00:00
2026-01-15 23:00:00,medium,606.398281,492.3618182175518,3041.998527,2129.3989689,59.76721107919992,400.9927445338585,3383.2240604546587,681,10.0,194.87230522462323,304.1998527,8.599009834307653,365.03982324000003,28.876312412001372,243.35988216,22.29188883289089,2026-01-16 09:00:00
2026-01-16 00:00:00,medium,604.96175675,586.1139390755808,2883.148729,2018.2041103,64.03843666066487,0.0,2819.110292339335,681,9.0,198.65843320599166,288.3148729,12.023136179575255,345.97784748,30.49652685012809,230.65189832000002,21.518773630961526,2026-01-16 09:00:00
2026-01-16 01:00:00,medium,560.340002,539.9107543702315,3067.815804,2147.4710628,59.18616459269654,0.0,3008.6296394073033,681,8.0,167.15429251566707,306.7815804,13.593174982655432,368.13789648,26.190690046970914,245.42526432,19.402299563070198,2026-01-16 09:00:00
2026-01-16 02:00:00,medium,527.130503,449.7173597905198,3082.0602780000004,2157.4421946,45.04502143469601,171.1057224034946,3208.120978968799,681,7.0,143.50787648509882,308.2060278000001,8.369351767014166,369.84723336,19.86474443796619,246.56482224000004,16.81092522971565,2026-01-16 09:00:00
2026-01-16 03:00:00,medium,502.28877225,459.5088544325019,3108.541865,2175.9793055,38.50959997927468,8.369351767014166,3078.4016167877394,681,6.0,125.75931986979535,310.8541865,4.293265668689267,373.0250238,19.313839977914366,248.6833492,14.90249433267105,2026-01-16 09:00:00
2026-01-16 04:00:00,medium,529.0170015,467.9353299993794,3124.47416,2187.131912,48.27020461908414,4.293265668689267,3080.4972210496053,681,5.0,152.53051173406539,312.44741600000003,4.383334294333108,374.9368992,25.8030051083002,249.9579328,18.083865216450832,2026-01-16 09:00:00
2026-01-16 05:00:00,medium,464.54053625,560.9154106382992,3049.676336,2134.7734351999998,33.3184400063935,0.0,3016.3578959936067,681,4.0,98.05112168137077,304.9676336,4.001842343836465,365.96116032,17.873415030047664,243.97410688,11.443182632509373,2026-01-16 09:00:00
2026-01-16 06:00:00,medium,461.738836,513.2011476231104,3155.935948,2209.1551636,38.14256821515065,0.0,3117.793379784849,681,3.0,97.93403848670754,315.5935948,6.015929087369042,378.71231376,20.298713505728344,252.47487583999998,11.827925622053266,2026-01-16 09:00:00
2026-01-16 07:00:00,medium,556.88457375,626.8201039746787,3281.1003969999997,2296.7702778999997,85.70978125206767,0.0,3195.390615747932,681,2.0,190.91867583807093,328.1100397,17.646576418877025,393.73204763999996,44.4850491930016,262.48803175999996,23.578155640189046,2026-01-16 09:00:00
2026-01-16 08:00:00,medium,478.30620749999997,517.9981710223778,3521.4019679999997,2464.9813775999996,66.34563795847046,0.0,3455.0563300415292,681,1.0,119.11354565265844,352.1401968,17.210451228461928,422.56823615999997,33.12934939808059,281.71215744,16.00583733192795,2026-01-16 09:00:00
2026-01-16 09:00:00,medium,418.27513550000003,356.1772880830524,3595.901043,2517.1307300999997,0.0,1179.9820359999012,4775.883078999901,-1,0.0,0.0,359.5901043,0.0,431.50812515999996,0.0,287.67208344,0.0,
2026-01-16 10:00:00,medium,464.63392625,435.78531160461245,3684.591401,2579.2139807,0.0,0.0,3684.591401,-1,0.0,0.0,368.4591401,0.0,442.15096812,0.0,294.76731208,0.0,
2026-01-16 11:00:00,medium,551.05701525,577.9726161175355,3656.7325419999997,2559.7127794,0.0,0.0,3656.7325419999997,-1,0.0,0.0,365.6732542,0.0,438.80790504,0.0,292.53860335999997,0.0,
2026-01-16 12:00:00,medium,626.0678875,558.8508580109429,3476.909659,2433.8367612999996,0.0,0.0,3476.909659,-1,0.0,0.0,347.69096590000004,0.0,417.22915908,0.0,278.15277272,0.0,
2026-01-16 13:00:00,medium,690.76846275,729.9833764094814,3416.2981529999997,2391.4087070999994,3.315618667702109,0.0,3412.9825343322977,733,48.0,18.06693826723437,341.6298153,0.0,409.95577835999995,0.9398085315300017,273.30385223999997,2.3758101361721073,2026-01-18 13:00:00
2026-01-16 14:00:00,medium,759.540872,746.3229751013026,3302.416206,2311.6913441999995,13.49834699894997,0.0,3288.9178590010497,703,17.0,62.73352252762754,330.24162060000003,0.0,396.28994472,5.54194079409007,264.19329648,7.9564062048599,2026-01-17 07:00:00
2026-01-16 15:00:00,medium,859.262727,838.6475825847722,3142.111444,2199.4780108,30.158465114424885,0.0,3111.9529788855752,697,10.0,133.4356763693706,314.2111444,0.0,377.05337328,14.195299673184046,251.36891552,15.963165441240838,2026-01-17 01:00:00
2026-01-16 16:00:00,medium,931.24774075,970.350539001192,3162.9792239999997,2214.0854567999995,46.389618091177894,0.0,3116.589605908822,697,9.0,194.2948175859117,316.2979224,0.47937903391129777,379.55750687999995,22.797318937253145,253.03833791999998,23.11292012001345,2026-01-17 01:00:00
2026-01-16 17:00:00,medium,1079.9245632500001,1104.3590453817324,3221.6561460000003,2255.1593022,88.5408791057901,0.0,3133.11526689421,697,8.0,320.9397011610374,322.1656146,8.185409567634192,386.59873752000004,42.94554477117847,257.73249168,37.40992476697744,2026-01-17 01:00:00
2026-01-16 18:00:00,medium,1206.86031825,1187.0071791299506,3117.3675279999998,2182.1572696,132.65802307248464,0.0,2984.709504927515,697,7.0,435.6214390983933,311.7367528,22.258898514494145,374.08410336,63.58548020224656,249.38940223999998,46.81364435574392,2026-01-17 01:00:00
2026-01-16 19:00:00,medium,1156.57908975,1220.3422289350337,2847.747276,1993.4230931999998,122.80130197904778,0.0,2724.9459740209522,697,6.0,403.3717938977933,284.7747276,24.514603831609243,341.72967312,58.10033384056568,227.81978208,40.186364306872846,2026-01-17 01:00:00
2026-01-16 20:00:00,medium,998.6006179999999,939.1421349820056,2736.892636,1915.8248451999998,79.22010226596024,54.95891191373758,2712.6314456477776,697,5.0,274.1676874820479,273.6892636,11.694619187395864,328.42711632,39.931290965413815,218.95141088,27.594192113150555,2026-01-17 01:00:00
2026-01-16 21:00:00,medium,878.7065190000001,912.5829773819346,2617.037654,1831.9263578,52.125290333783255,0.47937903391129777,2565.3917427001284,697,4.0,172.62360855765223,261.7037654,8.269845180905909,314.04451848,26.782022413023554,209.36301232000002,17.073422739853786,2026-01-17 01:00:00
2026-01-16 22:00:00,medium,879.397609,912.0181781882611,2496.850066,1747.7950462,57.37003179661457,0.0,2439.4800342033855,697,3.0,177.63475025961773,249.6850066,11.809054850565442,299.62200792,28.816826139603275,199.74800528,16.744150806445855,2026-01-17 01:00:00
2026-01-16 23:00:00,medium,778.27490575,761.2498515877305,2498.5488170000003,1748.9841719,30.574026215322057,196.4048780328579,2664.379668817536,703,8.0,93.90074488840784,249.85488170000005,6.078281581087966,299.82585804,15.512904392293832,199.88390536000003,8.98284024194026,2026-01-17 07:00:00
2026-01-17 00:00:00,medium,781.93579025,799.8731064733165,2467.9487409999997,1727.5641186999997,36.63183675627118,0.0,2431.3169042437285,703,7.0,99.35100875834166,246.7948741,9.303428995971924,296.15384892,17.94675622178296,197.43589927999997,9.381651538516296,2026-01-17 07:00:00
2026-01-17 01:00:00,medium,756.73917375,687.9279270488083,2501.085481,1750.7598367,22.40114466978584,411.8038547640033,2890.4881910942177,703,6.0,80.17916271880944,250.1085481,3.35809311713662,300.13025772,11.353584412619913,200.08683848,7.689467140029306,2026-01-17 07:00:00
2026-01-17 02:00:00,medium,733.93333575,784.7548218063795,2494.425369,1746.0977583,18.268564842200462,0.0,2476.1568041578,703,5.0,62.08282649073784,249.44253690000002,3.4631609984934317,299.33104428,8.85769616947334,199.55402952,5.947707674233689,2026-01-17 07:00:00
2026-01-17 03:00:00,medium,718.2624657499999,708.0928482456355,2509.445818,1756.6120726,15.831892432457753,0.0,2493.6139255675425,703,4.0,49.47487117667085,250.94458180000004,3.6164338806858507,301.13349816,7.442869899372097,200.75566544000003,4.772588652399805,2026-01-17 07:00:00
2026-01-17 04:00:00,medium,711.16486475,682.4150986214528,2499.113608,1749.3795256,13.789627624219735,30.648968578409153,2515.9729489541896,703,3.0,44.1425804071299,249.9113608,2.2749139260333378,299.89363296,7.272704670405243,199.92908864,4.242009027781153,2026-01-17 07:00:00
2026-01-17 05:00:00,medium,711.57576775,769.2712751710288,2415.333912,1690.7337384,15.549933663555782,0.0,2399.7839783364443,703,2.0,45.65091817461126,241.5333912,3.319176631159401,289.84006944,7.99122847472165,193.22671296000001,4.239528557674731,2026-01-17 07:00:00
2026-01-17 06:00:00,medium,716.13320525,677.3943022701482,2334.358094,1634.0506658,19.056233264609528,5.594090557192739,2320.8959512925835,703,1.0,51.251490637452,233.43580940000004,4.92902381802909,280.12297128,9.528704908204803,186.74864752000002,4.598504538375636,2026-01-17 07:00:00
2026-01-17 07:00:00,medium,741.04964825,663.5842769500042,2432.1984989999996,1702.5389492999996,14.894026494820068,95.91504387807366,2513.219516383253,733,30.0,52.0857497013688,243.21984989999999,3.4165786922792103,291.86381987999994,6.608478507542357,194.57587991999998,4.868969294998501,2026-01-18 13:00:00
2026-01-17 08:00:00,medium,791.72307125,706.1084667061853,2577.887918,1804.5215425999997,19.648256831347542,10.025057199821568,2568.264718368474,733,29.0,77.9466904846319,257.7887918,2.1808573330790644,309.34655016,9.76077866013332,206.23103344,7.706620838135156,2026-01-18 13:00:00
2026-01-17 09:00:00,medium,871.5528285,904.8833758240102,2670.4662540000004,1869.3263778,47.135697247942836,0.0,2623.3305567520574,708,3.0,138.86165972545686,267.04662540000004,8.791635387730224,320.45595048,24.23828355566652,213.63730032000004,14.10577830454609,2026-01-17 12:00:00
2026-01-17 10:00:00,medium,859.935122,789.5115076127045,2725.300837,1907.7105858999996,49.451030004284945,8.791635387730224,2684.6414423834453,708,2.0,131.32585510961576,272.5300837,10.114493970484544,327.03610044,25.705128223753267,218.02406696,13.631407810047136,2026-01-17 12:00:00
2026-01-17 11:00:00,medium,833.8419389999999,930.35561900914,2726.089525,1908.2626674999997,47.151352110459335,0.0,2678.9381728895405,708,1.0,109.20144494342011,272.6089525,12.22446765987276,327.130743,23.551070583197284,218.087162,11.37581386738929,2026-01-17 12:00:00
2026-01-17 12:00:00,medium,836.38216375,721.8760463163953,2719.2197450000003,1903.4538215,17.180135004839716,146.88807996816928,2848.9276899633296,733,25.0,110.04870513177075,271.92197450000003,0.0,326.30636940000005,5.746273901386368,217.53757960000004,11.433861103453347,2026-01-18 13:00:00
2026-01-17 13:00:00,medium,811.67117925,904.9762795059521,2740.889156,1918.6224092,15.534806946134237,0.0,2725.354349053866,733,24.0,99.27292553279972,274.0889156,0.0,328.90669872,5.12368860530877,219.27113248,10.411118340825467,2026-01-18 13:00:00
2026-01-17 14:00:00,medium,842.8821025,854.488063196144,2746.404389,1922.4830722999998,20.30045185480405,0.0,2726.1039371451957,733,23.0,119.34857008021038,274.6404389,0.0,329.56852668,7.793018444522057,219.71235112,12.50743341028199,2026-01-18 13:00:00
2026-01-17 15:00:00,medium,917.23922775,911.9200065971285,2762.898952,1934.0292663999999,33.074436076759994,0.0,2729.82451592324,733,22.0,165.27022282963478,276.2898952,1.5569997921499767,331.54787424,14.233870924539724,221.03191616,17.283565360070295,2026-01-18 13:00:00
2026-01-17 16:00:00,medium,1014.402178,984.4316282255078,2840.153031,1988.1071216999997,56.498653262307684,0.0,2783.6543777376924,721,9.0,233.71062192029564,284.0153031,4.62612514394321,340.81836372,27.162027408207887,227.21224248,24.71050071015659,2026-01-18 01:00:00
2026-01-17 17:00:00,medium,1052.78548675,1074.7379730393639,2988.7377909999996,2092.1164536999995,76.53101169638342,0.0,2912.2067793036163,721,8.0,271.0526297605593,298.8737791,8.641006494588746,358.6485349199999,38.06907645945543,239.09902327999998,29.82092874233924,2026-01-18 01:00:00
2026-01-17 18:00:00,medium,1067.2422677499999,1065.1723591166333,2873.477715,2011.4344004999998,87.0106478244698,0.0,2786.4670671755302,721,7.0,290.050206059584,287.3477715,13.108817953474919,344.8173258,43.41347044576282,229.8782172,30.48835942523207,2026-01-18 01:00:00
2026-01-17 19:00:00,medium,1035.414941,1096.0965445109086,2696.2306689999996,1887.3614682999996,82.99777279503972,0.0,2613.23289620496,721,6.0,269.99882798210626,269.62306689999997,15.997533888829176,323.54768027999995,40.193426252223055,215.69845351999996,26.806812653987492,2026-01-18 01:00:00
2026-01-17 20:00:00,medium,895.890285,902.1728056764122,2595.319019,1816.7233133,47.15243481767902,0.0,2548.166584182321,733,17.0,173.31840362299337,259.53190190000004,8.559752361291078,311.43828228,21.595310753582332,207.62552152,16.997371702805616,2026-01-18 13:00:00
2026-01-17 21:00:00,medium,805.432718,813.6993148804033,2543.3125670000004,1780.3187969000003,25.476925233955463,201.3282361999263,2719.163877965971,733,16.0,117.07045942409918,254.33125670000004,2.5785333200732614,305.19750804000006,11.533137373237086,203.46500536000005,11.365254540645113,2026-01-18 13:00:00
2026-01-17 22:00:00,medium,815.23866775,795.2399960782379,2488.571225,1741.9998575,30.4224128779529,0.0,2458.1488121220473,733,15.0,126.7736363458085,248.85712250000003,4.203228856767799,298.628547,14.194547580800235,199.085698,12.024636440384866,2026-01-18 13:00:00
2026-01-17 23:00:00,medium,799.5864945000001,796.4544851953414,2573.98202,1801.787414,30.87156515894111,0.0,2543.110454841059,733,14.0,118.95302616173396,257.398202,5.398429583630497,308.87784239999996,13.789097127224553,205.9185616,11.684038448086062,2026-01-18 13:00:00
2026-01-18 00:00:00,medium,827.173895,844.1029922890633,2665.945096,1866.1615671999998,47.35958603798262,0.0,2618.585509962017,733,13.0,141.89698783289273,266.5945096,11.264700915632448,319.91341151999995,21.71277081765646,213.27560768,14.382114304693713,2026-01-18 13:00:00
2026-01-18 01:00:00,medium,815.78031875,721.7210571538856,2481.8942690000003,1737.3259883,38.49514532010519,250.993209736077,2694.392333415972,733,12.0,137.04855829720933,248.18942690000006,8.721508135325397,297.82731228000006,16.831082522541532,198.55154152000003,12.942554662238257,2026-01-18 13:00:00
2026-01-18 02:00:00,medium,802.33217525,728.1819770341858,2458.960332,1721.2722324,24.287618956912517,25.55259065786693,2460.2253037009546,733,11.0,130.30312415647333,245.89603320000003,2.212220605376496,295.07523984,9.869928038045469,196.71682656000002,12.205470313490553,2026-01-18 13:00:00
2026-01-18 03:00:00,medium,766.0968535,806.9763786712492,2439.352993,1707.5470951,19.43080190378583,0.0,2419.922191096214,733,10.0,105.38166649545974,243.9352993,0.8914659536716475,292.72235916,8.711095558233467,195.14823944,9.828240391880717,2026-01-18 13:00:00
2026-01-18 04:00:00,medium,763.8181355,773.2157345970369,2426.161659,1698.3131612999998,20.553925556958966,0.0,2405.607733443041,733,9.0,106.2298228028786,242.6161659,1.1003553899840564,291.13939908,9.600907630263494,194.09293272,9.852662536711414,2026-01-18 13:00:00
2026-01-18 05:00:00,medium,762.660094,752.5410105006026,2363.96987,1654.7789089999999,21.244396061130296,4.2040419490322,2346.9295158879017,733,8.0,107.97091938103156,236.396987,1.0381944646320516,283.67638439999996,10.451025746758306,189.1175896,9.75517584973994,2026-01-18 13:00:00
2026-01-18 06:00:00,medium,754.9460855,755.9599518185966,2306.6564049999997,1614.6594834999996,21.382214253198917,0.0,2285.2741907468007,733,7.0,104.22863762469746,230.6656405,1.3667289384900057,276.79876859999996,10.82218304422784,184.53251239999997,9.19330227048107,2026-01-18 13:00:00
2026-01-18 07:00:00,medium,749.5294785,768.6464722948919,2396.1125469999997,1677.2787828999997,23.444785067912598,0.0,2372.667761932087,733,6.0,102.20508129820388,239.6112547,1.9606517424215342,287.53350563999993,12.117262360214514,191.68900376,9.366870965276547,2026-01-18 13:00:00
2026-01-18 08:00:00,medium,787.72596825,758.0391858329851,2551.820333,1786.2742331,37.47987253901914,0.0,2514.340460460981,733,5.0,138.50069914345627,255.18203330000003,4.87320355374477,306.21843996,19.16179887884088,204.14562664000002,13.444870106433491,2026-01-18 13:00:00
2026-01-18 09:00:00,medium,802.4629085,759.6561486028728,2687.036781,1880.9257466999998,49.341935390298325,0.0,2637.6948456097016,733,4.0,155.3413960005507,268.7036781,8.70944474982095,322.44441371999994,24.802290058079745,214.96294247999998,15.83020058239763,2026-01-18 13:00:00
2026-01-18 10:00:00,medium,761.38997725,772.1614662803725,2785.7372689999997,1950.0160882999996,43.868594408050804,0.0,2741.868674591949,733,3.0,121.1687377311297,278.5737269,8.879141629699044,334.28847227999995,22.112920367047572,222.85898152,12.87653241130419,2026-01-18 13:00:00
2026-01-18 11:00:00,medium,735.782452,681.9719492311733,2846.657986,1992.6605902,39.43125637166201,26.827365078808356,2834.0540947071463,733,2.0,99.87750742414117,284.6657986,8.044688270295268,341.59895832,20.50865940719397,227.73263888000002,10.877908694172769,2026-01-18 13:00:00
2026-01-18 12:00:00,medium,723.62307225,746.0769738142959,2855.7040749999996,1998.9928524999996,41.047430923616396,0.0,2814.656644076383,733,1.0,90.54675496797117,285.5704075,10.632074687711793,342.6844889999999,20.5113490518099,228.456326,9.904007184094702,2026-01-18 13:00:00
2026-01-18 13:00:00,medium,724.4262134999999,630.7841152669187,2880.915278,2016.6406945999997,5.36489128107165,456.4647729874958,3332.015159706424,815,82.0,36.464556434306246,288.0915278,0.0,345.70983336,1.3238020431849427,230.47322224,4.041089237886707,2026-01-21 23:00:00
2026-01-18 14:00:00,medium,753.43315825,810.0367183029105,2828.8269960000002,1980.1788972,7.682728715855026,0.0,2821.1442672841454,749,15.0,44.48556271628368,282.8826996,0.0,339.45923952000004,2.84384658471378,226.30615968000004,4.838882131141246,2026-01-19 05:00:00
2026-01-18 15:00:00,medium,788.5851695,814.5780310327174,2833.1640589999997,1983.2148412999998,15.784321147009301,0.0,2817.3797378529903,749,14.0,70.38292375557666,283.3164059,0.9196482121873485,339.97968707999996,7.2114055092986495,226.65312472,7.653267425523304,2026-01-19 05:00:00
2026-01-18 16:00:00,medium,858.2541,872.3357353872632,2935.531681,2054.8721766999997,35.23676688189759,0.0,2900.2949141181025,749,13.0,122.5023839385492,293.5531681,3.3219028911378925,352.26380172,18.199362008078786,234.84253448,13.71550198268091,2026-01-19 05:00:00
2026-01-18 17:00:00,medium,971.199966,1025.2479701170032,3096.014346,2167.2100422,76.81594216074461,0.0,3019.198403839255,741,4.0,219.19839792045792,309.6014346,11.513997313128684,371.52172151999997,39.937675582199795,247.68114768,25.36426926541613,2026-01-18 21:00:00
2026-01-18 18:00:00,medium,1056.76388025,1148.3649746954418,3019.0911290000004,2113.3637903000003,115.05159607081558,0.0,2904.0395329291846,741,3.0,304.1287958927884,301.9091129,23.460967841686163,362.29093548000003,58.16620570607988,241.52729032000002,33.424422523049536,2026-01-18 21:00:00
2026-01-18 19:00:00,medium,924.82251775,980.6128713259972,2842.268258,1989.5877805999999,75.7346082895337,0.0,2766.5336497104663,741,2.0,186.32134669704863,284.22682580000003,18.135040447291704,341.07219096,37.64557756158214,227.38146064,19.953990280659852,2026-01-18 21:00:00
2026-01-18 20:00:00,medium,866.061504,764.8134212767595,2715.3282879999997,1900.7298015999997,58.104730875636974,114.59811419932431,2771.821671323687,749,9.0,141.62041084422873,271.5328288,14.8797561688285,325.83939455999996,28.604292420639702,217.22626304,14.620682286168774,2026-01-19 05:00:00
2026-01-18 21:00:00,medium,799.3250045,728.9482713295364,2659.673165,1861.7712155,25.9278791009052,226.1403995319404,2859.8856854310357,749,8.0,90.56632412004612,265.96731650000004,3.9140143159530387,319.1607798,12.787748920596947,212.77385320000002,9.226115864355213,2026-01-19 05:00:00
2026-01-18 22:00:00,medium,797.08365,762.7186282267377,2645.186256,1851.6303791999999,27.321863701556076,3.9140143159530387,2621.7784066143968,749,7.0,90.97750075954197,264.5186256,4.134851761556328,317.42235072,13.969921083453682,211.61490048,9.217090856546063,2026-01-19 05:00:00
2026-01-18 23:00:00,medium,775.006254,776.4412617615959,2666.252806,1866.3769641999997,24.06667185125249,0.0,2642.1861341487474,749,6.0,74.27841632038641,266.6252806,4.630898870464503,319.95033672,11.837440432436962,213.30022448,7.598332548351024,2026-01-19 05:00:00
2026-01-19 00:00:00,medium,755.76245125,784.2336973758017,2852.5994259999998,1996.8195981999997,21.694589966101496,0.0,2830.9048360338984,749,5.0,59.176187061076796,285.2599426,5.184579967117509,342.31193111999994,10.025285321339727,228.20795407999998,6.484724677644262,2026-01-19 05:00:00
2026-01-19 01:00:00,medium,750.457537,710.5416272765594,2878.998129,2015.2986902999999,19.047032967208896,65.41457294167944,2925.3656689744707,749,4.0,55.8741544558319,287.89981290000003,3.225287363723704,345.47977548,9.640730658737004,230.31985032,6.1810149447481875,2026-01-19 05:00:00
2026-01-19 02:00:00,medium,753.3901940000001,763.6623660462394,2813.1032179999997,1969.1722525999996,22.63557282817231,0.0,2790.4676451718274,749,3.0,60.00936883946773,281.3103218,5.031111909090007,337.57238615999995,11.11988759344829,225.04825744,6.484573325634014,2026-01-19 05:00:00
2026-01-19 03:00:00,medium,750.43886875,708.8928074705673,2675.045046,1872.5315322,21.85911041757771,8.256399272813711,2661.4423348552364,749,2.0,58.721125825161764,267.5045046,4.449440018816759,321.00540552,11.375134362987342,214.00360368000003,6.034536035773608,2026-01-19 05:00:00
2026-01-19 04:00:00,medium,748.1786665,714.5451873354428,2657.265816,1860.0860711999999,24.538970545228256,0.0,2632.726845454772,749,1.0,58.00326054514212,265.72658160000003,6.348352259799125,318.87189792,12.269159855050194,212.58126528000003,5.921458430378937,2026-01-19 05:00:00
2026-01-19 05:00:00,medium,766.07340675,688.7070464233477,2571.0362179999997,1799.7253525999997,6.1612567930163085,154.50268730096923,2719.3776485079525,815,66.0,62.39706553520537,257.1036218,0.0,308.52434615999994,0.0,205.68289743999998,6.1612567930163085,2026-01-21 23:00:00
2026-01-19 06:00:00,medium,942.10665475,891.3288262139002,2849.1109,1994.37763,14.503254623725086,0.0,2834.607645376275,815,65.0,98.63965652491513,284.91109,0.3764196477743257,341.893308,3.372835668623791,227.928872,10.75399930732697,2026-01-21 23:00:00
2026-01-19 07:00:00,medium,1203.56008925,1129.2174359411015,3203.515266,2242.4606861999996,89.74072787197937,0.0,3113.7745381280206,756,5.0,252.1525237300047,320.3515266,13.85180037032134,384.42183192,45.97859828189167,256.28122128,29.910329219766354,2026-01-19 12:00:00
2026-01-19 08:00:00,medium,1314.888432,1261.2154030862466,3381.409418,2366.9865925999998,151.7048535823627,0.0,3229.7045644176374,756,4.0,359.269845466901,338.14094180000006,31.459948415415578,405.76913016000003,76.94019672130585,270.51275344000004,43.30470844564126,2026-01-19 12:00:00
2026-01-19 09:00:00,medium,1209.948419,1267.8987178134312,3353.846843,2347.6927901,127.84242828638622,0.0,3226.0044147136136,756,3.0,271.007391389705,335.3846843,32.59745021251464,402.46162115999994,61.78617602458901,268.30774744,33.45880204928259,2026-01-19 12:00:00
2026-01-19 10:00:00,medium,1015.5721637500001,963.3552248642432,3317.750459,2322.4253212999997,49.59141205547237,262.6141700260381,3530.7732169705655,771,17.0,147.56218120394436,331.7750459,8.729646633257943,398.13005508,22.267608758670136,265.42003672,18.59415666354429,2026-01-20 03:00:00
2026-01-19 11:00:00,medium,919.0564380000001,1063.8374515660566,3256.544401,2279.5810807,19.0737367396746,0.0,3237.4706642603255,815,60.0,106.63017564736715,325.65444010000004,0.1601295266971063,390.78532812,5.639618282406113,260.52355208,13.273988930571381,2026-01-21 23:00:00
2026-01-19 12:00:00,medium,890.7013625,917.8338470484489,3168.710623,2218.0974361,17.096975600459885,138.2076442810897,3289.82129168063,815,59.0,102.84249331726006,316.8710623,0.0,380.24527476,4.633631942353616,253.49684984,12.463343658106268,2026-01-21 23:00:00
2026-01-19 13:00:00,medium,933.98117,944.1471568032181,3228.339342,2259.8375394,22.48104374510831,0.0,3205.858298254892,815,58.0,115.59812034453839,322.83393420000004,0.0,387.40072104,8.233017397027078,258.26714736,14.248026348081229,2026-01-21 23:00:00
2026-01-19 14:00:00,medium,1078.53989675,1031.3302188400332,3120.4093789999997,2184.2865652999994,45.186986517343556,0.0,3075.2223924826562,771,13.0,208.57734076373882,312.0409379,0.0,374.44912547999996,20.79451631827674,249.63275031999999,24.392470199066818,2026-01-20 03:00:00
2026-01-19 15:00:00,medium,1270.5065455,1309.0235888674945,3065.716881,2146.0018167,83.84316562188266,0.0,2981.873715378117,771,12.0,356.06989244104494,306.5716881,4.990499628631966,367.88602571999996,39.890217091502336,245.25735047999999,38.96244890174836,2026-01-20 03:00:00
2026-01-19 16:00:00,medium,1484.2531864999999,1452.5931060569224,3253.340068,2277.3380475999998,146.12250015589785,0.0,3107.217567844102,768,8.0,539.6632077540219,325.3340068,13.502828551937808,390.40080816,75.19666215440769,260.26720544,57.42300944955235,2026-01-20 00:00:00
2026-01-19 17:00:00,medium,1699.3634387500001,1706.073978555495,3444.4522939999997,2411.1166057999994,222.08415952336446,0.0,3222.368134476635,768,7.0,733.9006583916128,344.4452294,32.135715590005006,413.33427527999993,116.1301737807701,275.55618352,73.81827015258936,2026-01-20 00:00:00
2026-01-19 18:00:00,medium,1494.75094525,1635.5555948547837,3344.056253,2340.8393771,188.9788188789597,0.0,3155.0774341210404,768,6.0,576.3678367800837,334.40562530000005,31.05811466411237,401.28675036,96.13881718226797,267.52450024,61.78188703257934,2026-01-20 00:00:00
2026-01-19 19:00:00,medium,1352.0975242499999,1346.814229765144,3151.4563139999996,2206.0194197999995,158.3427974737686,32.135715590005006,3025.249232116236,768,5.0,465.0674558589795,315.14563139999996,31.663315250604793,378.1747576799999,76.86429509036525,252.11650511999997,49.815187132798556,2026-01-20 00:00:00
2026-01-19 20:00:00,medium,1175.93354925,1239.143582195712,3053.981238,2137.7868666,116.43532337063519,0.0,2937.5459146293647,771,7.0,324.09008212599895,305.3981238,24.789027899952142,366.47774855999995,55.87725739859458,244.31849904,35.769038072088456,2026-01-20 03:00:00
2026-01-19 21:00:00,medium,1009.949676,971.2749726180762,2933.993946,2053.7957622,63.42900341889546,470.3337342030501,3340.8986767841548,771,6.0,189.43081795158986,293.3993946,9.778027520540467,352.07927352,32.7242238965785,234.71951568,20.92675200177649,2026-01-20 03:00:00
2026-01-19 22:00:00,medium,944.4415740000001,942.5172070226672,2848.657537,1994.0602758999999,48.424150800471814,0.0,2800.233386199528,815,49.0,147.8389762800414,284.8657537,9.14506724907975,341.83890443999996,23.28479471350687,227.89260296,15.994288837885192,2026-01-21 23:00:00
2026-01-19 23:00:00,medium,840.3421065,937.736141459953,2825.834002,1978.0838013999999,22.432438726862614,0.0,2803.4015632731375,815,48.0,120.22738070863642,282.5834002,1.7313705732791842,339.10008024,7.738841123042783,226.06672016000002,12.962227030540648,2026-01-21 23:00:00
2026-01-20 00:00:00,medium,859.59024425,825.1070560716728,2962.601261,2073.8208827,30.93758583761205,453.3092998769351,3384.972975039323,815,47.0,129.21514160246142,296.2601261,3.7319281780669447,355.51215132,12.620506841615388,237.00810088,14.58515081792972,2026-01-21 23:00:00
2026-01-20 01:00:00,medium,854.17392525,953.858595939831,3013.6876460000003,2109.5813522000003,33.58178637796972,0.0,2980.1058596220305,815,46.0,130.77123273562248,301.3687646,5.221922273373228,361.64251752,13.348309496822184,241.09501168000003,15.01155460777431,2026-01-21 23:00:00
2026-01-20 02:00:00,medium,824.44014325,863.3664997000511,3049.649635,2134.7547445,26.907932559516894,0.0,3022.741702440483,815,45.0,124.42857656325764,304.9649635,4.239399037981576,365.9579562,8.20008292731957,243.9719708,14.46845059421575,2026-01-21 23:00:00
2026-01-20 03:00:00,medium,820.79813775,789.8624650758153,2918.433437,2042.9034059,16.695598153939034,198.3794876587997,3100.117326504861,815,44.0,126.36618265802026,291.84334370000005,0.0,350.21201244,2.638313919979898,233.47467496000002,14.057284233959136,2026-01-21 23:00:00
2026-01-20 04:00:00,medium,845.48911875,880.2715443980536,2850.345494,1995.2418458,18.36577886659233,0.0,2831.979715133408,815,43.0,137.9921341936995,285.0345494,0.0,342.04145928,3.401898273175952,228.02763952,14.963880593416379,2026-01-21 23:00:00
2026-01-20 05:00:00,medium,935.9418295,989.4323242294702,2817.943656,1972.5605591999997,27.690344230564836,0.0,2790.253311769435,815,42.0,173.13823970309357,281.7943656,0.0,338.15323872,9.253427794532925,225.43549248,18.43691643603191,2026-01-21 23:00:00
2026-01-20 06:00:00,medium,1420.2364042499999,1454.4359521719457,2998.254407,2098.7780848999996,124.99787122843225,0.0,2873.2565357715675,781,7.0,488.6893726173251,299.8254407,10.179783865693535,359.79052884,65.6009235590029,239.86035256,49.21716380373581,2026-01-20 13:00:00
2026-01-20 07:00:00,medium,1840.74910375,1754.3867441560249,3312.883977,2319.0187839,234.4617706861237,0.0,3078.4222063138764,781,6.0,862.9992376318237,331.2883977,32.988434899221275,397.54607724,124.52561314904874,265.03071816,76.94772263785372,2026-01-20 13:00:00
2026-01-20 08:00:00,medium,2041.993721,2002.0011763296322,3428.051194,2399.6358357999998,302.59942095161966,0.0,3125.4517730483803,781,5.0,1062.443918729911,342.8051194,63.243361934625916,411.36614328,153.1784581002811,274.24409552000003,86.17760091671263,2026-01-20 13:00:00
2026-01-20 09:00:00,medium,1632.0709625,1618.4574375446673,3457.0065520000003,2419.9045864,258.335230472416,0.0,3198.671321527584,781,4.0,718.4263641876869,345.7006552,55.5002127464176,414.84078624,129.61468853741033,276.56052416000006,73.22032918858811,2026-01-20 13:00:00
2026-01-20 10:00:00,medium,1305.9331957499999,1301.8393571494973,3435.709702,2404.9967914,184.95179927656233,63.243361934625916,3314.001264658064,781,3.0,434.04122543697196,343.57097020000003,40.85084677164273,412.28516424,92.65582206231842,274.85677616000004,51.44513044260118,2026-01-20 13:00:00
2026-01-20 11:00:00,medium,966.9643135,1001.1012788652873,3293.8143489999998,2305.6700442999995,67.3032045283153,292.69773638325626,3519.2088808549406,815,36.0,213.77073637693988,329.3814349,11.90977043113996,395.25772187999996,29.03941029943008,263.50514792,26.354023797745263,2026-01-21 23:00:00
2026-01-20 12:00:00,medium,867.04237675,876.8159318013289,3247.0210970000003,2272.9147679000002,36.93987973551314,424.3068177389203,3634.388035003408,815,35.0,177.52870796912484,324.70210970000005,3.7802849360130715,389.64253164,11.3972110594044,259.76168776000003,21.762383740095665,2026-01-21 23:00:00
2026-01-20 13:00:00,medium,911.53097775,838.0870380209444,3210.569606,2247.3987242,39.8863613599827,379.0810700194675,3549.7643146594846,815,34.0,201.03796097681843,321.0569606,0.0,385.26835272,15.650848970123052,256.84556848,24.235512389859647,2026-01-21 23:00:00
2026-01-20 14:00:00,medium,1110.92666125,1131.837543055328,3130.262085,2191.1834594999996,68.76217922285741,0.0,3061.4999057771424,793,11.0,330.04069385911373,313.0262085,0.0,375.63145019999996,31.51009065659333,250.4209668,37.252088566264085,2026-01-21 01:00:00
2026-01-20 15:00:00,medium,1410.76718,1444.3493959906102,3166.917261,2216.8420827,126.62411967649581,0.0,3040.293141323504,793,10.0,571.9117446011595,316.69172610000004,7.868036327472019,380.03007132,60.554875853027866,253.35338088,58.20120749599593,2026-01-21 01:00:00
2026-01-20 16:00:00,medium,2072.26917925,2103.0576538862074,3268.104122,2287.6728854,263.37323724309783,0.0,3004.7308847569025,793,9.0,1114.6098344879526,326.81041220000003,45.80189771126658,392.17249464,134.22075414319062,261.44832976000004,83.35058538864065,2026-01-21 01:00:00
2026-01-20 17:00:00,medium,1864.93581125,1924.378751155504,3458.904372,2421.2330604,266.2125277471666,0.0,3192.6918442528336,793,8.0,973.0761122648943,345.8904372,46.58895724955778,415.06852463999996,135.24978410831295,276.71234976,84.37378638929584,2026-01-21 01:00:00
2026-01-20 18:00:00,medium,1483.57014475,1529.4358632501899,3368.95808,2358.2706559999997,198.43626607541046,45.80189771126658,3216.323711635856,793,7.0,677.5695651025698,336.895808,31.655302458543762,404.27496959999996,97.79060036116807,269.5166464,68.99036325569863,2026-01-21 01:00:00
2026-01-20 19:00:00,medium,1319.79152625,1345.0464306075642,3193.533414,2235.4733898,169.18404949736356,46.58895724955778,3070.9383217521945,793,6.0,553.7567569959996,319.35334140000003,30.89183774869909,383.22400968,80.89330396236114,255.48267312000002,57.39890778630334,2026-01-21 01:00:00
2026-01-20 20:00:00,medium,1158.72109475,1154.8619806197744,3057.417528,2140.1922695999997,136.86104729995415,0.0,2920.556480700046,793,5.0,425.6310191438559,305.74175280000003,24.855256901956487,366.89010335999996,66.9362989016543,244.59340224,45.069491496343375,2026-01-21 01:00:00
2026-01-20 21:00:00,medium,1045.0901935,953.7373421566205,3008.223962,2105.7567734,112.18004645893143,462.53157204934297,3358.5754875904117,793,4.0,333.5884283962689,300.8223962,18.439830638853905,360.98687544,57.604494549787816,240.65791696,36.13572127028971,2026-01-21 01:00:00
2026-01-20 22:00:00,medium,875.5217345,899.1507365522922,2891.98993,2024.392951,70.08116126191854,0.0,2821.9087687380816,815,25.0,232.49004636628047,289.19899300000003,10.377791953076411,347.0387916,34.664709464466604,231.3591944,25.038659844375523,2026-01-21 23:00:00
2026-01-20 23:00:00,medium,804.4930945,815.9159172939711,2824.982068,1977.4874475999998,55.642852019704065,78.99470649188177,2848.3339224721776,815,24.0,199.39421578283927,282.4982068,9.73014542538886,338.99784816,24.753748842880245,225.99856544,21.158957751434965,2026-01-21 23:00:00
2026-01-21 00:00:00,medium,744.84620225,759.7830382957455,2938.863974,2057.2047817999996,42.662156130648356,0.0,2896.2018178693515,815,23.0,170.878307708977,293.8863974,8.075394702848993,352.66367687999997,15.600617750202575,235.10911792,18.98614367759679,2026-01-21 23:00:00
2026-01-21 01:00:00,medium,746.6391355,676.417963829883,3032.1495099999997,2122.5046569999995,45.16273799329542,844.007020080775,3830.993792087479,815,22.0,176.23854516225248,303.214951,8.521446457551612,363.85794119999997,16.461074750483956,242.57196079999997,20.18021678525985,2026-01-21 23:00:00
2026-01-21 02:00:00,medium,736.1057304999999,676.6476207775455,3028.928263,2120.2497841,28.277140378472414,24.982521208035568,3025.633643829563,815,21.0,174.4689529412867,302.89282629999997,2.0090963611430883,363.47139156,6.304078128769455,242.31426104,19.96396588855987,2026-01-21 23:00:00
2026-01-21 03:00:00,medium,727.4772975,785.4007044333097,3027.5785619999997,2119.3049933999996,28.706592633148563,0.0,2998.8719693668513,815,20.0,173.65224635299,302.7578562,1.9453346610640743,363.3094274399999,6.896133612295628,242.20628495999998,19.86512435978886,2026-01-21 23:00:00
2026-01-21 04:00:00,medium,713.6755525,711.5000190378839,2999.839938,2099.8879566,26.557563709260528,3.954431022207163,2977.2368053129467,815,19.0,169.46517493011294,299.9839938,0.0,359.98079256,7.332081674831956,239.98719504000002,19.22548203442857,2026-01-21 23:00:00
2026-01-21 05:00:00,medium,730.5588695,768.0414078554943,3146.445746,2202.5120221999996,31.105441276144013,0.0,3115.3403047238558,815,18.0,184.52048447011668,314.6445746,0.015149399319571126,377.57348951999995,9.205405415277546,251.71565968,21.8848864615469,2026-01-21 23:00:00
2026-01-21 06:00:00,medium,775.96082575,777.5183364371754,3133.634426,2193.5440982,38.76478809223296,0.0,3094.869637907767,815,17.0,218.8740699557409,313.36344260000004,1.177748052101868,376.03613112,11.950349593190047,250.69075408,25.636690446941042,2026-01-21 23:00:00
2026-01-21 07:00:00,medium,944.1404645,945.7770521722659,3407.863826,2385.5046781999995,89.2389798187307,0.0,3318.6248461812693,815,16.0,337.14907660549994,340.7863826,8.841195663266069,408.94365911999995,39.08108205477969,272.62910608,41.316702100684935,2026-01-21 23:00:00
2026-01-21 08:00:00,medium,1106.4557587499999,1158.0613680786798,3483.943574,2438.7605018,153.65544720242875,0.0,3330.2881267975713,815,15.0,457.24160763629493,348.3943574,23.495883213953405,418.07322888,75.80823660744515,278.71548592,54.35132738103019,2026-01-21 23:00:00
2026-01-21 09:00:00,medium,1029.02403,1000.6415699480444,3488.109144,2441.6764008,146.83103196688552,0.0,3341.2781120331147,815,14.0,414.2515170259363,348.8109144,27.77454774814026,418.57309728,68.75185631564268,279.04873152,50.304627903102556,2026-01-21 23:00:00
2026-01-21 10:00:00,medium,884.02161025,889.3082529817541,3523.1753590000003,2466.2227513000003,104.13655120684079,0.0,3419.0388077931593,815,13.0,319.97012949321095,352.31753590000005,21.69699506914331,422.78104308,41.63734127337986,281.85402872000003,40.80221486431762,2026-01-21 23:00:00
2026-01-21 11:00:00,medium,755.0994435,729.6743026212226,3532.0592829999996,2472.4414980999995,58.93068263401126,308.2800353971719,3781.4086357631604,815,12.0,232.56232170738195,353.2059283,5.400516684627924,423.84711395999994,22.940939137887582,282.56474263999996,30.589226811495752,2026-01-21 23:00:00
2026-01-21 12:00:00,medium,740.9615515,717.0642589912227,3532.9587420000003,2473.0711194,54.68725824157276,5.400516684627924,3483.6720004430554,815,11.0,227.71091626648004,353.29587420000007,0.0,423.95504904,24.688220083758125,282.63669936,29.999038157814635,2026-01-21 23:00:00
2026-01-21 13:00:00,medium,773.00999125,756.0055244592248,3521.511509,2465.0580563,65.53236472437506,0.0,3455.979144275625,815,10.0,258.43479553001083,352.1511509,1.2818943907385485,422.58138107999997,30.616259180853387,281.72092072,33.634211152783124,2026-01-21 23:00:00
2026-01-21 14:00:00,medium,811.37100875,823.5883661898542,3498.3590270000004,2448.8513189,78.81177124110675,0.0,3419.5472557588937,815,9.0,295.60899816842146,349.8359027000001,2.989111089218437,419.80308324000003,38.06482093545213,279.86872216000006,37.757839216436174,2026-01-21 23:00:00
2026-01-21 15:00:00,medium,902.99670025,876.6655260585087,3563.003022,2494.1021153999995,109.94977146419166,0.0,3453.0532505358083,815,8.0,378.10914698824655,356.30030220000003,8.486966627421205,427.56036264,53.81319465070317,285.04024176,47.64961018606728,2026-01-21 23:00:00
2026-01-21 16:00:00,medium,919.05824575,988.1248326565436,3561.09636,2492.767452,125.84454419403174,0.0,3435.2518158059684,815,7.0,401.16400275002206,356.109636,13.66080603077114,427.3315632,62.157006893605924,284.8877088,50.026731269654675,2026-01-21 23:00:00
2026-01-21 17:00:00,medium,881.05209375,831.8486921279273,3975.9016850000003,2783.1311795,143.71899476424863,0.0,3832.1826902357516,815,6.0,378.60731965007807,397.59016850000006,18.66328941936006,477.1082022,71.82537806136617,318.0721348,53.23032728352241,2026-01-21 23:00:00
2026-01-21 18:00:00,medium,859.574406,849.2964655711252,3780.1061529999997,2646.0743070999997,145.5142876733928,0.0,3634.591865326607,815,5.0,369.2378166643966,378.0106153,23.145105198280966,453.6127383599999,72.81850132943302,302.40849224,49.550681145678816,2026-01-21 23:00:00
2026-01-21 19:00:00,medium,730.316067,706.1308587949204,3738.2523029999998,2616.7766120999995,106.67324969841434,68.22717275579035,3699.8062260573756,815,4.0,261.62733477505594,373.8252303,13.47276981283414,448.59027635999996,57.09075552939632,299.06018424,36.109724356183875,2026-01-21 23:00:00
2026-01-21 20:00:00,medium,613.44010575,693.0238893894553,3286.2134730000002,2300.3494311,64.33439096344136,0.0,3221.879082036559,815,3.0,159.81955052929578,328.6213473,10.20986470178041,394.34561676000004,34.223599485881266,262.89707784,19.900926775779688,2026-01-21 23:00:00
2026-01-21 21:00:00,medium,620.01413825,630.8246509581365,3232.77362,2262.9415339999996,75.53409160188983,0.0,3157.23952839811,815,2.0,170.11881486472888,323.27736200000004,15.511785735984423,387.9328344,39.22691479361364,258.6218896,20.795391072291768,2026-01-21 23:00:00
2026-01-21 22:00:00,medium,473.59234375,530.3437934207749,3255.5227609999997,2278.8659326999996,16.452186150909554,13.47276981283414,3252.543344661924,820,6.0,31.941237304536422,325.5522761,4.243289718169882,390.66273132,8.208029656181184,260.44182087999997,4.000866776558489,2026-01-22 04:00:00
2026-01-21 23:00:00,medium,522.87896575,441.1731452329666,3066.816332,2146.7714324,23.855924007815098,1629.0586925996495,4672.019100591834,820,5.0,76.24512483045794,306.6816332,2.1513170336459706,368.01795983999995,12.73499693217116,245.34530655999998,8.969610041997967,2026-01-22 04:00:00
2026-01-22 00:00:00,medium,559.91725275,574.6050173728092,3280.159017,2296.1113118999997,40.7735200495473,0.0,3239.3854969504528,820,4.0,111.68890733249592,328.01590170000003,4.906128795469741,393.61908203999997,21.87248035185736,262.41272136,13.994910902220198,2026-01-22 04:00:00
2026-01-22 01:00:00,medium,526.1022755,575.0319692592891,3540.602582,2478.4218074,36.37528200320891,0.0,3504.227299996791,820,3.0,83.14470059882414,354.0602582,5.731185623629151,424.87230983999996,19.359496564815526,283.24820656,11.284599814764235,2026-01-22 04:00:00
2026-01-22 02:00:00,medium,499.88678575,504.41240516014835,3737.068222,2615.9477553999996,31.36195550129134,4.906128795469741,3710.612395294178,820,2.0,60.31257348755405,373.70682220000003,6.384178379535421,448.44818663999996,16.320015744368845,298.96545776,8.657761377387077,2026-01-22 04:00:00
2026-01-22 03:00:00,medium,551.75759825,610.3590188785943,3496.793945,2447.7557614999996,62.24283290686215,0.0,3434.551112093138,820,1.0,112.42951113074308,349.6793945,16.139958376582975,419.6152734,31.086308477828656,279.7435156,15.016566052450512,2026-01-22 04:00:00
2026-01-22 04:00:00,medium,464.93278525,436.48192049447954,3623.649446,2536.5546121999996,3.443433769554008,193.70425244981354,3813.9102646802594,830,10.0,13.119509464493689,362.3649446,0.0,434.83793352,1.6133229084964664,289.89195568,1.8301108610575416,2026-01-22 14:00:00
2026-01-22 05:00:00,medium,487.488578,565.0026872102069,3527.27491,2469.092437,8.41087578328581,0.0,3518.864034216714,830,9.0,31.462797765658923,352.72749100000004,0.0,423.2729892,4.1408886935305835,282.1819928,4.269987089755227,2026-01-22 14:00:00
2026-01-22 06:00:00,medium,556.72434475,683.1637415490587,3217.178206,2252.0247442,22.75526473333175,0.0,3194.422941266668,830,8.0,88.94473373429129,321.71782060000004,0.06791095787847641,386.06138472,11.725137716404035,257.37425648,10.962216059049236,2026-01-22 14:00:00
2026-01-22 07:00:00,medium,728.9362062499999,708.9800854258187,3426.196614,2398.3376298,71.567015312726,0.0,3354.6295986872738,830,7.0,235.76083658469742,342.61966140000004,5.525717850174192,411.14359368,35.987861638053865,274.09572912,30.053435824497946,2026-01-22 14:00:00
2026-01-22 08:00:00,medium,799.105586,774.6029473229576,3530.184106,2471.1288742,103.39932249642891,0.0,3426.7847835035714,830,6.0,302.1244954294032,353.01841060000004,12.938355410826908,423.62209272,51.60829474117233,282.41472848,38.85267234442966,2026-01-22 14:00:00
2026-01-22 09:00:00,medium,748.7472,828.6833462414736,3540.721435,2478.5050045,99.27368520643837,0.0,3441.4477497935613,830,5.0,265.33169378042135,354.07214350000004,14.555197670228017,424.8865722,50.07272891026012,283.2577148,34.645758625950236,2026-01-22 14:00:00
2026-01-22 10:00:00,medium,680.2209674999999,767.0974355151891,3619.3082200000003,2533.515754,85.68751024658714,0.0,3533.6207097534134,830,4.0,210.0434983043916,361.93082200000003,12.398222139309029,434.3169864,44.808619299079155,289.54465760000005,28.48066880819896,2026-01-22 14:00:00
2026-01-22 11:00:00,medium,624.4850345,595.7277330065702,3656.744419,2559.7210933,73.26295816687295,33.019270931229116,3616.5007317643563,830,3.0,163.65212598414536,365.67444190000003,11.632367947394648,438.80933028,38.972033318124744,292.53955352,22.658556901353553,2026-01-22 14:00:00
2026-01-22 12:00:00,medium,575.9565082500001,552.846233309728,3997.2878330000003,2798.1014831,67.262936627349,12.466133097187505,3942.491029469839,830,2.0,121.6332371808578,399.72878330000003,13.745947732417084,479.67453996,34.97076906852758,319.78302664000006,18.546219826404332,2026-01-22 14:00:00
2026-01-22 13:00:00,medium,549.7970495,534.298896012672,3994.692186,2796.2845302,62.84345610558589,0.0,3931.848729894414,830,1.0,99.19881782769625,399.46921860000003,16.284344410435423,479.36306232,31.396678604748086,319.57537488,15.16243309040237,2026-01-22 14:00:00
2026-01-22 14:00:00,medium,522.0317797499999,448.0870016431147,3950.229584,2765.1607088,6.934924169948459,552.4210544197433,4495.715714249795,839,9.0,23.1598848742431,395.02295840000005,0.0,474.02755008,3.4138701139175245,316.01836672,3.5210540560309345,2026-01-22 23:00:00
2026-01-22 15:00:00,medium,679.38071825,628.8548611933691,3848.020086,2693.6140602,49.62041238281745,0.0,3798.3996736171825,839,8.0,152.57259506529252,384.8020086,3.102747410651593,461.76241031999996,24.24008471661965,307.84160688000003,22.277580255546212,2026-01-22 23:00:00
2026-01-22 16:00:00,medium,755.618496,700.3907538286363,3879.698944,2715.7892608,85.1883103554773,0.0,3794.510633644523,839,7.0,220.43332647817533,387.96989440000004,11.860071286259513,465.56387328,41.37500636582919,310.37591552000004,31.9532327033886,2026-01-22 23:00:00
2026-01-22 17:00:00,medium,721.6914755,679.462609419273,3750.779121,2625.5453847,74.714661927381,11.860071286259513,3687.9245303588787,839,6.0,196.81236554488464,375.07791210000005,8.64455656787273,450.09349452,38.32346102071231,300.06232968,27.746644338795956,2026-01-22 23:00:00
2026-01-22 18:00:00,medium,691.5735435,689.6658746937271,3633.876228,2543.7133596,69.84698875290353,0.0,3564.0292392470965,839,5.0,175.21571259709788,363.38762280000003,10.511841936483274,436.06514735999997,35.285247178821656,290.71009824000004,24.0498996375986,2026-01-22 23:00:00
2026-01-22 19:00:00,medium,624.5410467500001,637.4228570395087,3456.7033300000003,2419.692331,48.922924478155686,0.0,3407.7804055218444,839,4.0,118.99780819549326,345.670333,8.685002074949717,414.8043996,24.541157151604846,276.53626640000004,15.69676525160112,2026-01-22 23:00:00
2026-01-22 20:00:00,medium,620.2838495,705.5613766047742,3603.817399,2522.6721792999997,56.995646946168634,0.0,3546.8217520538315,839,3.0,118.06066503340162,360.3817399,12.874280366246628,432.45808788,27.883193940599213,288.30539192000003,16.238172639322794,2026-01-22 23:00:00
2026-01-22 21:00:00,medium,586.1327615,531.2232892593665,3350.41073,2345.287511,41.197536713793525,183.04222763818677,3492.2554209243935,839,2.0,88.56386521360321,335.04107300000004,8.398765779390214,402.0492876,21.43098231531693,268.0328584,11.367788619086387,2026-01-22 23:00:00
2026-01-22 22:00:00,medium,538.481806,592.6195379162122,3212.015976,2248.4111832,22.689589152894012,0.0,3189.3263868471063,839,1.0,44.331420918823845,321.2015976,5.867835615423897,385.44191712,11.346393828942395,256.96127808,5.475359708527719,2026-01-22 23:00:00
2026-01-22 23:00:00,medium,504.79751624999994,493.02812981759695,3207.180083,2245.0260581,0.0,261.2086959550933,3468.3887789550936,-1,0.0,0.0,320.71800830000006,0.0,384.86160996,0.0,256.57440664,0.0,
2026-01-23 00:00:00,medium,649.7308625000001,647.0103584691162,3326.868859,2328.8082013,46.75366697122804,0.0,3280.115192028772,842,2.0,101.34649026612053,332.68688590000005,9.539578707834313,399.22426308,24.316555761979643,266.14950872000003,12.897532501414094,2026-01-23 02:00:00
2026-01-23 01:00:00,medium,621.21947275,658.3345448191633,3388.13798,2371.696586,40.99238957809454,0.0,3347.1455904219056,842,1.0,76.10464785305717,338.813798,10.61141315957896,406.5765576,20.489711995942375,271.0510384,9.8912644225732,2026-01-23 02:00:00
2026-01-23 02:00:00,medium,604.93793775,543.1882265640735,3398.975324,2379.2827267999996,15.389947029555497,87.74605654932257,3471.331433519767,844,2.0,32.49686775946733,339.89753240000005,3.129991526030693,407.87703888,8.01022545934581,271.91802592,4.249730044178994,2026-01-23 04:00:00
2026-01-23 03:00:00,medium,592.5027132499999,613.5352492901227,3428.7171129999997,2400.1019790999994,11.588492105517478,0.0,3417.128620894482,844,1.0,21.191332170317096,342.8717113,2.995791935087488,411.44605355999994,5.796116879132771,274.29736904,2.7965832912972193,2026-01-23 04:00:00
2026-01-23 04:00:00,medium,561.6200484999999,570.7749199517181,3493.777163,2445.6440141,0.0,26.978439135072975,3520.7556021350733,-1,0.0,0.0,349.37771630000003,0.0,419.25325956,0.0,279.50217304,0.0,
2026-01-23 05:00:00,medium,575.0261855,602.1110050204481,3370.75065,2359.525455,0.31712575952297006,0.0,3370.433524240477,864,19.0,1.777387122022927,337.075065,0.0,404.490078,0.08646776005936013,269.660052,0.23065799946360996,2026-01-24 00:00:00
2026-01-23 06:00:00,medium,600.4941135,616.39838891493,3565.270293,2495.6892051,3.5006425980538047,0.0,3561.7696504019464,864,18.0,18.06144974751193,356.52702930000004,0.0,427.83243516,1.0219850655022336,285.22162344000003,2.478657532551571,2026-01-24 00:00:00
2026-01-23 07:00:00,medium,763.0295245,898.0710321950992,3731.755871,2612.2291096999998,34.428521962792026,0.0,3697.327349037208,864,17.0,124.7794182501775,373.17558710000003,2.4092213484637783,447.81070451999994,14.265778706404525,298.54046968,17.753521907923723,2026-01-24 00:00:00
2026-01-23 08:00:00,medium,892.833787,857.7580878661777,3593.037412,2515.1261884,80.51493276233357,0.0,3512.5224792376666,864,16.0,214.9486234767711,359.30374120000005,11.372847957153265,431.16448944,40.24439239249566,287.44299296,28.897692412684652,2026-01-24 00:00:00
2026-01-23 09:00:00,medium,902.84171275,873.6368802249001,3542.4021860000003,2479.6815302,94.25904781669206,0.0,3448.143138183308,864,15.0,227.26841385755677,354.24021860000005,17.62625103714393,425.08826232,46.60838215587408,283.39217488,30.02441462367405,2026-01-24 00:00:00
2026-01-23 10:00:00,medium,836.46453975,802.1918107966379,3510.5896970000003,2457.4127879000002,77.97711229894713,0.0,3432.612584701053,864,14.0,186.24653790345795,351.05896970000003,16.742785863478836,421.27076364000004,36.59789730472832,280.84717576,24.636429130739973,2026-01-24 00:00:00
2026-01-23 11:00:00,medium,747.8682777500001,717.3170361961861,3472.713021,2430.8991146999997,43.120884982391,45.74188485777603,3475.334020875385,864,13.0,126.94816873230198,347.2713021,8.975490520234622,416.72556252,17.342801088690326,277.81704168,16.80259337346605,2026-01-24 00:00:00
2026-01-23 12:00:00,medium,718.572676,683.5163839981416,3424.569187,2397.1984309,24.607536500789273,166.4439635168913,3566.4056140161024,864,12.0,108.45916136188046,342.4569187,0.0,410.94830243999996,10.412715268986108,273.96553496,14.194821231803166,2026-01-24 00:00:00
2026-01-23 13:00:00,medium,715.51054775,780.9064569609153,3354.04509,2347.8315629999997,25.210938452519727,0.0,3328.8341515474804,864,11.0,108.87891084729529,335.404509,0.0,402.4854108,11.255429029103077,268.3236072,13.95550942341665,2026-01-24 00:00:00
2026-01-23 14:00:00,medium,725.0516735,803.179407139442,3390.3394850000004,2373.2376395,29.252493509059487,0.0,3361.086991490941,864,10.0,119.06582980344585,339.03394850000006,0.0,406.84073820000003,13.848439011620922,271.22715880000004,15.404054497438565,2026-01-24 00:00:00
2026-01-23 15:00:00,medium,769.2284645,737.8374183437788,3566.287848,2496.4014936,47.30220727477735,0.0,3518.9856407252228,864,9.0,157.35587974150448,356.6287848,2.9541705556020283,427.95454176,23.07369103330144,285.30302784,21.274345685873882,2026-01-24 00:00:00
2026-01-23 16:00:00,medium,828.846549,783.0669924792674,3590.4354479999997,2513.3048135999998,70.6360405672189,0.0,3519.7994074327808,864,8.0,210.15052202213994,359.0435448,6.171926853676211,430.85225375999994,36.19702236570094,287.23483583999996,28.267091347841752,2026-01-24 00:00:00
2026-01-23 17:00:00,medium,903.5698992499999,929.4977548512521,3535.9291510000003,2475.1504057,101.91240179564971,0.0,3434.0167492043506,864,7.0,278.19754879816105,353.5929151,12.243188556194527,424.31149812,53.54237788193505,282.87433208000004,36.12683535752013,2026-01-24 00:00:00
2026-01-23 18:00:00,medium,860.942863,830.5705955645466,3597.1961699999997,2518.0373189999996,101.32363912478364,0.0,3495.872530875216,864,6.0,248.5507231638521,359.71961699999997,15.792835433069092,431.66354039999993,52.38887131342406,287.7756936,33.14193237829049,2026-01-24 00:00:00
2026-01-23 19:00:00,medium,761.554476,796.3657259765531,3401.332526,2380.9327682,68.27387993261567,0.0,3333.0586460673844,864,5.0,167.13287099679994,340.13325260000005,13.211840956278825,408.15990312,33.55308601465006,272.10660208,21.508952961686788,2026-01-24 00:00:00
2026-01-23 20:00:00,medium,722.34431275,733.5050788968215,3492.8383400000002,2444.986838,61.21710471486519,0.0,3431.621235285135,864,4.0,135.88503689377922,349.28383400000007,14.740707981516804,419.1406008,28.41306360634243,279.4270672,18.063333127005954,2026-01-24 00:00:00
2026-01-23 21:00:00,medium,700.38663825,617.0207119251522,3222.762634,2255.9338438,47.20928785510024,306.13122156331235,3481.6845677082124,864,3.0,118.9538934879142,322.27626340000006,7.459187750213522,386.73151608,25.120956641473548,257.82101072,14.629143463413175,2026-01-24 00:00:00
2026-01-23 22:00:00,medium,663.77182475,748.8846108231534,3187.7878960000003,2231.4515272,38.570989403564255,0.0,3149.216906596436,864,2.0,87.13613766460477,318.77878960000004,7.862610798105142,382.53454752000005,20.06505439019375,255.02303168000003,10.643324215265364,2026-01-24 00:00:00
2026-01-23 23:00:00,medium,682.6860489999999,781.4593210202536,2896.018279,2027.2127952999997,49.45182350626553,0.0,2846.5664554937343,864,1.0,107.78922988096907,289.6018279,12.819910677757852,347.52219348,24.701000511641137,231.68146232,11.930912316866538,2026-01-24 00:00:00
2026-01-24 00:00:00,medium,605.87149975,572.1681217733587,2959.4903339999996,2071.6432337999995,0.09491636498129832,480.76954087996177,3440.1649585149803,865,1.0,0.20103360650108587,295.94903339999996,0.024534454324060092,355.13884007999997,0.04747606615355134,236.75922672,0.022905844503686885,2026-01-24 01:00:00
2026-01-24 01:00:00,medium,626.98896275,605.6653769535209,2837.469425,1986.2285974999998,0.0,0.09491636498129832,2837.564341364981,-1,0.0,0.0,283.7469425,0.0,340.49633099999994,0.0,226.99755399999998,0.0,
2026-01-24 02:00:00,medium,673.83576175,689.5583582398697,2688.670912,1882.0696383999998,8.018804018227788,0.0,2680.652107981772,867,1.0,18.69858316427395,268.8670912,2.0729239928413263,322.64050944,4.010744441417582,215.09367296000002,1.9351355839688795,2026-01-24 03:00:00
2026-01-24 03:00:00,medium,636.2686982499999,654.6638216992864,2568.0043100000003,1797.6030170000001,0.0,8.018804018227788,2576.023114018228,-1,0.0,0.0,256.80043100000006,0.0,308.1605172,0.0,205.44034480000002,0.0,
2026-01-24 04:00:00,medium,658.0957020000001,694.3156369970058,2437.4655860000003,1706.2259102,0.0,0.0,2437.4655860000003,-1,0.0,0.0,243.74655860000004,0.0,292.49587032,0.0,194.99724688000003,0.0,
2026-01-24 05:00:00,medium,660.803062,771.3643116321492,2284.594149,1599.2159043,0.0,0.0,2284.594149,-1,0.0,0.0,228.4594149,0.0,274.15129788,0.0,182.76753192,0.0,
2026-01-24 06:00:00,medium,681.173663,671.4415654878273,2319.1354,1623.39478,5.81713069935758,0.0,2313.3182693006424,871,1.0,15.725065276876368,231.91354,1.5037351032678647,278.296248,2.909574966989345,185.530832,1.40382062910037,2026-01-24 07:00:00
2026-01-24 07:00:00,medium,708.95686425,665.050515800385,2422.762767,1695.9339369,1.4984693216661102,5.81713069935758,2427.0814283776917,940,69.0,5.473120904916868,242.27627670000004,0.33660744564840034,290.73153204,0.65135868163437,193.82102136000003,0.5105031943833398,2026-01-27 04:00:00
2026-01-24 08:00:00,medium,781.36495425,705.502396709201,2458.0535440000003,1720.6374808,4.704335107225091,0.9879661272827704,2454.3371750200577,887,15.0,21.191392391397127,245.80535440000006,0.4924237026967488,294.96642528,2.207030054601131,196.64428352000004,2.004881349927212,2026-01-24 23:00:00
2026-01-24 09:00:00,medium,827.50221425,787.3010620531944,2517.678727,1762.3751089,18.119179202266494,0.0,2499.5595477977336,876,3.0,58.14614645326356,251.7678727,2.8508551839126897,302.12144724,9.644159758637445,201.41429816000002,5.624164259716359,2026-01-24 12:00:00
2026-01-24 10:00:00,medium,878.60609875,876.7841152419412,2563.993171,1794.7952197,38.451283937148446,0.0,2525.541887062852,876,2.0,108.22964180144503,256.3993171,7.849523855462093,307.67918052,19.99618315753457,205.11945368000002,10.605576924151787,2026-01-24 12:00:00
2026-01-24 11:00:00,medium,823.7678995,922.4685819934783,2601.2233020000003,1820.8563114,23.807770316858473,0.0,2577.415531683142,876,1.0,57.48524894165469,260.1223302,6.159094260273413,312.14679624,11.903654603911539,208.09786416000003,5.74502145267352,2026-01-24 12:00:00
2026-01-24 12:00:00,medium,793.296026,764.8274045530105,2641.791085,1849.2537594999997,9.581719344544851,83.0776872135713,2715.287052869026,887,11.0,32.4826200859986,264.1791085,2.139888373854966,317.0149302,4.140252647238744,211.3432868,3.301578323451141,2026-01-24 23:00:00
2026-01-24 13:00:00,medium,760.8449477500001,773.1532850901394,2667.507078,1867.2549546,2.48293609000918,6.28014102109371,2671.3042829310843,940,63.0,17.10008446057474,266.75070780000004,0.0,320.10084936,0.7270976869900458,213.40056624000002,1.7558384030191345,2026-01-27 04:00:00
2026-01-24 14:00:00,medium,782.87732525,781.9740659659986,2610.737139,1827.5159972999998,5.111205589722603,0.0,2605.6259334102774,887,9.0,25.828538103698143,261.0737139,0.0,313.28845667999997,2.516182837105956,208.85897111999998,2.595022752616647,2026-01-24 23:00:00
2026-01-24 15:00:00,medium,870.1292525,935.4908825396446,2560.019298,1792.0135086,19.86108446290499,0.0,2540.158213537095,887,8.0,97.91822676366084,256.0019298,0.0,307.20231576000003,10.268086318977867,204.80154384000002,9.592998143927122,2026-01-24 23:00:00
2026-01-24 16:00:00,medium,954.9538915,1093.9351749230493,2633.523177,1843.4662239,39.17385797120379,0.0,2594.3493190287963,887,7.0,171.60367721848482,263.3523177,1.835258490103617,316.02278124,20.25545538937625,210.68185416,17.083144091723923,2026-01-24 23:00:00
2026-01-24 17:00:00,medium,1030.666774,1001.4689914893823,2741.941206,1919.3588441999998,63.435983081657795,0.0,2678.505222918342,887,6.0,241.11452687558912,274.1941206,6.594602454469684,329.03294472,32.28148746236085,219.35529648,24.55989316482726,2026-01-24 23:00:00
2026-01-24 18:00:00,medium,1026.6524385,999.7332691614978,2622.390744,1835.6735207999998,67.01753093986933,0.0,2555.3732130601306,887,5.0,243.6757315389499,262.2390744,9.113566166476799,314.68688927999995,34.183039030721524,209.79125951999998,23.720925742671003,2026-01-24 23:00:00
2026-01-24 19:00:00,medium,951.1635345,1008.592382738799,2503.663525,1752.5644674999999,50.13232257107852,0.0,2453.5312024289215,887,4.0,181.5392270660123,250.3663525,6.077458286314253,300.439623,26.910712667063176,200.293082,17.144151617701088,2026-01-24 23:00:00
2026-01-24 20:00:00,medium,859.91593975,897.4199716794471,2485.780759,1740.0465313,31.120717814550932,17.5434271110501,2472.2034682964995,887,3.0,101.48055280664013,248.57807590000004,4.909782547205631,298.29369108000003,16.561530883227277,198.86246072000003,9.649404384118025,2026-01-24 23:00:00
2026-01-24 21:00:00,medium,811.9115135,913.4804164154818,2410.042966,1687.0300762,19.581762059307668,0.0,2390.4612039406925,887,2.0,58.386322476551385,241.0042966,3.985828769751161,289.20515592,10.190070510784507,192.80343728,5.4058627787720015,2026-01-24 23:00:00
2026-01-24 22:00:00,medium,797.3290625,829.445112692928,2289.1366120000002,1602.3956284,16.64724288075497,0.0,2272.489369119245,887,1.0,45.64197026505598,228.91366120000004,4.305331151354425,274.69639344,8.324677195444533,183.13092896000003,4.017234533956013,2026-01-24 23:00:00
2026-01-24 23:00:00,medium,770.29272525,750.5316602567117,2232.228213,1562.5597490999999,3.017498384707456,300.57183762036885,2529.7825522356616,940,53.0,24.468190291198813,223.2228213,0.16698765643531832,267.86738556,0.7484882528728127,178.57825703999998,2.102022475399325,2026-01-27 04:00:00
2026-01-25 00:00:00,medium,742.9389719999999,775.424987688077,2781.765401,1947.2357806999999,1.8880711861651525,0.0,2779.877329813835,940,52.0,17.632838058002708,278.1765401,0.0,333.81184812,0.0,222.54123208000001,1.8880711861651525,2026-01-27 04:00:00
2026-01-25 01:00:00,medium,756.49448675,817.4731836820599,2704.657903,1893.2605320999996,2.2763149269624505,0.0,2702.381588073037,940,51.0,21.86704608996086,270.4657903,0.0,324.55894836,0.0,216.37263224,2.2763149269624505,2026-01-27 04:00:00
2026-01-25 02:00:00,medium,745.086213,790.212732965855,2851.544158,1996.0809106,2.2854217711443785,0.0,2849.258736228856,940,50.0,19.152087843972296,285.15441580000004,0.0,342.18529896,0.1833062459596414,228.12353264,2.102115525184737,2026-01-27 04:00:00
2026-01-25 03:00:00,medium,736.2172377500001,764.1173094609014,2693.67686,1885.573802,1.8331541049668165,0.915475909308131,2692.759181804341,940,49.0,17.031595482370584,269.367686,0.0,323.2412232,0.06718876183779023,215.4941488,1.7659653431290263,2026-01-27 04:00:00
2026-01-25 04:00:00,medium,732.37091225,791.0380201774034,2652.613167,1856.8292169,1.6827390510587579,0.0,2650.930427948941,940,48.0,16.304261396999763,265.2613167,0.0,318.31358004,0.017935351598622275,212.20905336,1.6648036994601356,2026-01-27 04:00:00
2026-01-25 05:00:00,medium,720.23443725,784.545694724512,2580.019414,1806.0135897999999,1.2880871011988713,0.0,2578.731326898801,940,47.0,12.969031912817476,258.0019414,0.0,309.60232967999997,0.0,206.40155312,1.2880871011988713,2026-01-27 04:00:00
2026-01-25 06:00:00,medium,726.20929475,802.228039257064,2546.566396,1782.5964772,1.4889757084510167,0.0,2545.077420291549,940,46.0,15.189204095075814,254.65663960000003,0.0,305.58796752,0.0,203.72531168,1.4889757084510167,2026-01-27 04:00:00
2026-01-25 07:00:00,medium,752.3120725,787.9911163174304,2572.035246,1800.4246721999998,2.8485261547535576,0.0,2569.1867198452464,940,45.0,24.048051828856934,257.2035246,0.0,308.64422951999995,0.46807483825548346,205.76281968,2.3804513164980743,2026-01-27 04:00:00
2026-01-25 08:00:00,medium,773.746947,764.555452582573,2757.573341,1930.3013386999996,4.537050831306616,0.0,2753.036290168693,940,44.0,31.791881063029482,275.7573341,0.0,330.90880092,1.163964019278595,220.60586727999998,3.373086812028021,2026-01-27 04:00:00
2026-01-25 09:00:00,medium,802.85582475,810.9250775038328,2919.720779,2043.8045453,7.556635929101632,0.0,2912.1641430708987,914,17.0,46.299876340012574,291.97207790000004,0.0,350.36649348000003,2.3591213141320866,233.57766232000003,5.1975146149695455,2026-01-26 02:00:00
2026-01-25 10:00:00,medium,843.57836275,909.9363559079596,2956.2756830000003,2069.3929781,18.02460898306788,0.0,2938.2510740169323,914,16.0,74.76909683667421,295.62756830000006,3.2524432456580037,354.75308196000003,6.292055800330736,236.50205464000004,8.480109937079138,2026-01-26 02:00:00
2026-01-25 11:00:00,medium,861.1482625,816.216800595702,2996.746479,2097.7225353,17.059559748081504,9.54449904598874,2989.231418297907,914,15.0,88.73748926220448,299.6746479,1.2620301955392195,359.60957748,5.609970263096076,239.73971832,10.18755928944621,2026-01-26 02:00:00
2026-01-25 12:00:00,medium,895.03702375,915.3140557380095,3013.444599,2109.4112192999996,30.804097520421998,0.0,2982.640501479578,914,14.0,114.86489592610846,301.3444599,5.99559813418969,361.61335188,11.591861026384846,241.07556792,13.216638359847462,2026-01-26 02:00:00
2026-01-25 13:00:00,medium,867.160491,845.5268563219952,3050.704381,2135.4930667,20.442958253978734,18.849489356113757,3049.110912102135,914,13.0,97.63115717392981,305.0704381,1.4485542604453316,366.08452572,7.59580751600547,244.05635048,11.398596477527931,2026-01-26 02:00:00
2026-01-25 14:00:00,medium,853.7730145,855.353979761415,3045.1363149999997,2131.5954205,18.220713675867145,1.4485542604453316,3028.364155584578,914,12.0,90.18501516457903,304.5136315,0.0,365.41635779999996,7.70148874694368,243.6109052,10.519224928923467,2026-01-26 02:00:00
2026-01-25 15:00:00,medium,834.63471025,904.9495626934015,3038.671946,2127.0703621999996,16.38560769418491,0.0,3022.286338305815,914,11.0,77.93113729886983,303.8671946,0.0,364.64063352,7.303267364168101,243.09375568,9.082340330016807,2026-01-26 02:00:00
2026-01-25 16:00:00,medium,873.07933625,883.5897849910947,3125.374793,2187.7623550999997,25.675889037900742,0.0,3099.6989039620994,914,10.0,109.84467826588379,312.53747930000003,0.9260778755105019,375.04497516,11.632133771465298,250.02998344,13.117677390924941,2026-01-26 02:00:00
2026-01-25 17:00:00,medium,976.4447755,978.9987856485882,3367.7286459999996,2357.4100521999994,55.30968560351013,0.0,3312.4189603964896,914,9.0,195.16438923546386,336.7728646,4.313895545368351,404.12743751999994,26.281664458854202,269.41829168,24.714125599287584,2026-01-26 02:00:00
2026-01-25 18:00:00,medium,1024.41183625,949.6197484961045,3209.164615,2246.4152305,71.89408256084873,0.0,3137.2705324391513,914,8.0,239.37710704182103,320.9164615,7.98905276761023,385.09975380000003,35.353003826854334,256.7331692,28.552025966384164,2026-01-26 02:00:00
2026-01-25 19:00:00,medium,987.74104,1028.7849861314971,2994.9736719999996,2096.4815704,64.54805891314973,0.0,2930.42561308685,914,7.0,214.65340998811416,299.4973672,9.134653654889027,359.39684063999994,31.356990318963337,239.59789375999998,24.056414939297373,2026-01-26 02:00:00
2026-01-25 20:00:00,medium,926.10638525,961.6080152127591,2885.108634,2019.5760438,50.30806154017707,0.0,2834.800572459823,914,6.0,167.03794796541334,288.5108634,8.34430012307351,346.21303608,23.72925158929344,230.80869072000002,18.234509827810122,2026-01-26 02:00:00
2026-01-25 21:00:00,medium,851.588436,970.5674457818003,2799.77475,1959.8423249999998,31.813771716055953,0.0,2767.9609782839443,914,5.0,105.50467435022998,279.977475,4.461681120522162,335.97297,16.05871373750276,223.98198000000002,11.29337685803103,2026-01-26 02:00:00
2026-01-25 22:00:00,medium,835.56830025,818.640497327585,2691.174788,1883.8223515999998,29.39158478719535,66.06098379330595,2727.8441870061106,914,4.0,93.67991962868106,269.1174788,4.664361712852641,322.94097456,15.07435292494268,215.29398304,9.652870149400027,2026-01-26 02:00:00
2026-01-25 23:00:00,medium,780.394027,792.4472950215167,2712.5106900000005,1898.7574830000003,15.551485340445318,66.76469761119233,2763.7239022707477,940,29.0,49.47625815708271,271.2510690000001,2.370112791763594,325.50128280000007,8.022440863999877,217.00085520000005,5.158931684681845,2026-01-27 04:00:00
2026-01-26 00:00:00,medium,776.09112425,789.8072268540916,2887.7166030000003,2021.4016221000002,17.59527753661226,0.0,2870.121325463388,940,28.0,48.59199732613335,288.77166030000006,3.428777305018006,346.52599236000003,8.772207926785285,231.01732824000004,5.394292304808971,2026-01-27 04:00:00
2026-01-26 01:00:00,medium,755.0879217500001,841.8478521369912,2862.2682430000004,2003.5877701000002,12.09410954500331,0.0,2850.174133454997,940,27.0,39.12819418877166,286.22682430000003,2.653221991269451,343.47218916,5.133220618310859,228.98145944000004,4.307666935423,2026-01-27 04:00:00
2026-01-26 02:00:00,medium,737.27723175,732.0359774687176,2938.199975,2056.7399824999998,5.898019448366993,326.9624184971362,3259.2643740487692,940,26.0,30.820733644863996,293.8199975,0.7236461637902378,352.583997,1.689996008644086,235.05599800000002,3.4843772759326694,2026-01-27 04:00:00
2026-01-26 03:00:00,medium,715.807305,731.1534889173687,2951.335887,2065.9351209,2.2843250602149894,0.8087702772266503,2949.860332217012,940,25.0,20.10894056933196,295.1335887,0.0,354.16030644,0.0,236.10687096,2.2843250602149894,2026-01-27 04:00:00
2026-01-26 04:00:00,medium,709.68371075,743.1180187844097,2940.44225,2058.3095749999998,2.40873045694477,0.0,2938.0335195430553,940,24.0,17.2573010443447,294.04422500000004,0.0,352.85307,0.4554493062306688,235.23538000000002,1.953281150714101,2026-01-27 04:00:00
2026-01-26 05:00:00,medium,717.6182355,727.8817372735997,3081.285212,2156.8996483999995,3.3017894211097474,1.689996008644086,3079.673418587534,940,23.0,22.15896740870289,308.1285212,0.0,369.75422543999997,0.6738957630949243,246.50281696,2.627893658014823,2026-01-27 04:00:00
2026-01-26 06:00:00,medium,769.55678425,745.0029354497209,3450.3146779999997,2415.2202746,8.959334611088435,0.0,3441.3553433889115,940,22.0,52.68586019210125,345.0314678,0.0,414.03776135999993,1.9729142328413003,276.02517424,6.986420378247135,2026-01-27 04:00:00
2026-01-26 07:00:00,medium,1003.8963577499999,1014.5713073594068,3712.427303,2598.6991120999996,37.89215509821024,0.0,3674.5351479017895,940,21.0,192.644440880154,371.2427303,1.295057897753573,445.49127636,9.689130738986073,296.99418424,26.907966461470597,2026-01-27 04:00:00
2026-01-26 08:00:00,medium,1030.55640025,1089.6061464922875,3603.201978,2522.2413846,47.117818596970736,0.0,3556.0841594030294,940,20.0,213.69139128488823,360.3201978,5.735691407162619,432.38423736,12.562781314899437,288.25615824,28.819345874908677,2026-01-27 04:00:00
2026-01-26 09:00:00,medium,1047.41492875,990.9565872823916,3542.4752009999997,2479.7326406999996,51.31559338444415,7.030749304916192,3498.190356920472,940,19.0,229.58508155843765,354.2475201,3.862019394898322,425.09702411999996,17.141809884481066,283.39801608,30.31176410506476,2026-01-27 04:00:00
2026-01-26 10:00:00,medium,1156.68753825,1164.0008703280782,3804.7934840000003,2663.3554388000002,110.48018437854691,0.0,3694.3132996214536,940,18.0,305.07234758707324,380.47934840000005,22.739624209849573,456.57521808,45.50106227272289,304.38347872,42.239497895974445,2026-01-27 04:00:00
2026-01-26 11:00:00,medium,1045.473342,1006.9666971783455,3811.239502,2667.8676514,65.87574068408026,26.601643604747895,3771.965404920668,940,17.0,240.08680964915925,381.1239502,8.971599344783773,457.34874024,22.90184519987094,304.89916016,34.00229613942554,2026-01-27 04:00:00
2026-01-26 12:00:00,medium,1061.00635075,1126.7339153408661,3856.262322,2699.3836254,83.17010548284631,0.0,3773.0922165171537,940,16.0,256.57672331212524,385.6262322,15.910147041496153,462.75147863999996,30.672492874154088,308.50098576,36.58746556719607,2026-01-27 04:00:00
2026-01-26 13:00:00,medium,1041.832793,958.0575132368924,3589.424399,2512.5970792999997,60.87653305571131,153.66173793240836,3682.209603876697,940,15.0,249.89421330868026,358.9424399,4.886058475737478,430.73092787999997,22.754687288701156,287.15395192,33.23578729127268,2026-01-27 04:00:00
2026-01-26 14:00:00,medium,1038.71496225,1007.9742606500628,3484.145584,2438.9019087999995,57.98826819165032,4.886058475737478,3431.0433742840873,940,14.0,254.0232172416631,348.41455840000003,0.6807833274513687,418.09747008,24.554147923719654,278.73164672,32.7533369404793,2026-01-27 04:00:00
2026-01-26 15:00:00,medium,1175.6370697500001,1196.3837228785487,3479.3219520000002,2435.5253664,93.12881171786029,0.0,3386.19314028214,940,13.0,359.38381358920935,347.9321952,5.523930043107938,417.51863424000004,43.034164534934874,278.34575616,44.570717139817475,2026-01-27 04:00:00
2026-01-26 16:00:00,medium,1238.79598825,1324.8998098578886,3527.415706,2469.1909941999997,119.49079450735736,0.0,3407.9249114926424,940,12.0,415.2709357681005,352.7415706,10.150533265846335,423.28988472,58.367122170631866,282.19325648,50.97313907087916,2026-01-27 04:00:00
2026-01-26 17:00:00,medium,1334.47717775,1330.8609133909856,3729.2028649999997,2610.4420054999996,169.79887354326462,0.0,3559.403991456735,940,11.0,498.46033381856796,372.9202865,22.185744467875203,447.50434379999996,85.48380095124567,298.3362292,62.12932812414374,2026-01-27 04:00:00
2026-01-26 18:00:00,medium,1327.71882775,1297.182853781874,3590.122832,2513.0859824,181.5069239511857,0.0,3408.615908048814,940,10.0,505.81550897356135,359.0122832,30.953663222261618,430.81473983999996,90.08827794765863,287.20982656,60.46498278126546,2026-01-27 04:00:00
2026-01-26 19:00:00,medium,1263.98115475,1367.4447935692326,3315.000704,2320.5004928,167.40810663542925,0.0,3147.592597364571,940,9.0,467.7247239098709,331.5000704,34.04128942163163,397.80008448,80.73589870875298,265.20005632,52.63091850504465,2026-01-27 04:00:00
2026-01-26 20:00:00,medium,1082.4576172499999,1002.8168527271065,3163.1567659999996,2214.2097361999995,115.42686427287771,87.86148043921982,3135.591382166342,940,8.0,330.94632910915,316.31567659999996,24.942048008463804,379.57881191999996,52.75094166727635,253.05254127999999,37.73387459713755,2026-01-27 04:00:00
2026-01-26 21:00:00,medium,1004.7364650000001,883.8021373858955,3060.6478930000003,2142.4535251,89.68863061151723,355.29161109570725,3326.2508734841904,940,7.0,274.0807083991306,306.06478930000003,16.717243769403215,367.27774716000005,42.12191545411315,244.85183144000004,30.849471388000868,2026-01-27 04:00:00
2026-01-26 22:00:00,medium,899.1417915,923.3425862529332,3015.9689399999997,2111.178258,61.640525770847184,0.0,2954.3284142291527,940,6.0,190.13291681622565,301.59689399999996,11.88234160145129,361.91627279999994,28.170529086429095,241.27751519999998,21.587655082966798,2026-01-27 04:00:00
2026-01-26 23:00:00,medium,828.47773575,800.8647534106063,2952.0918930000003,2066.4643251,39.74617063898952,223.50457297858574,3135.8502953395964,940,5.0,132.58534419764945,295.20918930000005,3.609680869856169,354.25102716000004,21.232181652675308,236.16735144000003,14.90430811645804,2026-01-27 04:00:00
2026-01-27 00:00:00,medium,859.6256105,803.4578055578107,3094.2448679999998,2165.9714075999996,56.74744345706396,0.0,3037.4974245429357,940,4.0,164.12552073188328,309.4244868,7.379045321672405,371.30938416,30.141673756383987,247.53958944,19.226724379007564,2026-01-27 04:00:00
2026-01-27 01:00:00,medium,820.2708427499999,859.2304473514644,3175.940293,2223.1582051,51.45826829268689,0.0,3124.482024707313,940,3.0,131.76924863431,317.59402930000005,8.140682933289296,381.11283516,27.379689840628238,254.07522344,15.93789551876935,2026-01-27 04:00:00
2026-01-27 02:00:00,medium,783.36172625,796.7707655074158,3197.6794560000003,2238.3756192,44.345516498971584,0.0,3153.333939501029,940,2.0,99.9959653977762,319.7679456000001,9.04736102059513,383.72153472,23.06458008186105,255.81435648000004,12.233575396515407,2026-01-27 04:00:00
2026-01-27 03:00:00,medium,758.53163475,727.5073100594799,3070.7200850000004,2149.5040595,38.2209008225995,10.988726191528574,3043.4879103689295,940,1.0,78.31034095725708,307.07200850000004,9.894823476208545,368.4864102,19.103630588799533,245.65760680000002,9.222446757591424,2026-01-27 04:00:00
2026-01-27 04:00:00,medium,748.6556,678.2388580731008,3001.128552,2100.7899864,3.2142160675786315,931.3933330123434,3929.3076689447653,1013,73.0,24.282355822014935,300.1128552,0.0,360.13542624,0.409591017342787,240.09028416,2.8046250502358445,2026-01-30 05:00:00
2026-01-27 05:00:00,medium,756.44068625,804.425839305408,2956.675603,2069.6729221,3.5620915580787424,0.0,2953.113511441921,1013,72.0,26.183932688100466,295.66756030000005,0.0,354.80107236,0.5828089984942512,236.53404824,2.979282559584491,2026-01-30 05:00:00
2026-01-27 06:00:00,medium,846.78115925,882.5422240377263,3103.537223,2172.4760561,14.54386838953259,0.0,3088.993354610467,964,22.0,72.59900596660866,310.3537223,0.0,372.42446676,5.897989241391699,248.28297784,8.645879148140892,2026-01-28 04:00:00
2026-01-27 07:00:00,medium,1139.3469870000001,1133.8923144921341,3419.906628,2393.9346396,84.26210108259129,0.0,3335.6445269174087,952,9.0,291.05881943822436,341.99066280000005,7.528978845882059,410.38879536,40.33333602654967,273.59253024000003,36.39978621015956,2026-01-27 16:00:00
2026-01-27 08:00:00,medium,1259.0542070000001,1360.6192417826217,3565.927409,2496.1491862999997,137.5046858521835,0.0,3428.422723147816,952,8.0,396.4349909114726,356.5927409,21.926324249283894,427.91128907999996,65.97115667353775,285.27419272,49.607204929361856,2026-01-27 16:00:00
2026-01-27 09:00:00,medium,1180.6247267499998,1121.7700646020614,3518.7119270000003,2463.0983489,123.75824376301073,0.0,3394.9536832369895,952,7.0,340.63261265535476,351.87119270000005,21.27149768948039,422.24543124,59.44348788362227,281.49695416000003,43.04325818990806,2026-01-27 16:00:00
2026-01-27 10:00:00,medium,1113.06070725,1029.1568228491394,3539.4948560000003,2477.6463992,113.2914777097582,43.197821938764285,3469.4012002290065,952,6.0,291.1028777962881,353.94948560000006,21.976271135131846,424.73938272000004,53.637446498907174,283.15958848,37.67776007571918,2026-01-27 16:00:00
2026-01-27 11:00:00,medium,995.48176525,957.4268214065315,3536.974276,2475.8819931999997,76.00769773671846,29.505249981013904,3490.4718282442955,952,5.0,194.70913010853545,353.6974276,13.005306831053366,424.43691312,37.10399904110776,282.95794208,25.898391864557333,2026-01-27 16:00:00
2026-01-27 12:00:00,medium,918.8444605,916.3372296004476,3482.380466,2437.6663261999997,53.04201317802155,0.0,3429.3384528219785,964,16.0,132.65348653142104,348.2380466,8.412288811471141,417.88565592,27.03929486737018,278.59043728,17.59042949918022,2026-01-28 04:00:00
2026-01-27 13:00:00,medium,845.3249597500001,858.7086294627481,3495.900107,2447.1300748999997,30.955396873338678,240.80302272514137,3705.747732851803,964,15.0,85.48246088340987,349.5900107,4.451034004062005,419.50801284,15.051785962402148,279.67200856,11.452576906874528,2026-01-28 04:00:00
2026-01-27 14:00:00,medium,918.508427,905.2404438179018,3494.277433,2445.9942031,66.26134703104884,0.0,3428.0160859689513,964,14.0,139.21797741879263,349.42774330000003,13.491421250426866,419.31329196,34.2664358681665,279.54219464000005,18.50348991245547,2026-01-28 04:00:00
2026-01-27 15:00:00,medium,815.659536,835.0225828082863,3467.545454,2427.2818177999998,25.798538045444722,0.0,3441.7469159545553,964,13.0,68.43116025706466,346.75454540000004,5.688543716490272,416.10545448,11.00126563352636,277.40363632000003,9.108728695428093,2026-01-28 04:00:00
2026-01-27 16:00:00,medium,843.682084,774.8474156695256,3568.323196,2497.8262372,22.706522078831018,346.61817085464975,3892.2348447758186,964,12.0,90.92311747492681,356.8323196,0.0,428.19878351999995,10.280137285682002,285.46585568,12.426384793149015,2026-01-28 04:00:00
2026-01-27 17:00:00,medium,953.47595275,1032.8830059740294,3750.358009,2625.2506063,56.45634852146682,0.0,3693.9016604785334,964,11.0,176.6212091557824,375.0358009,3.8247257420168137,450.04296108,27.61930535268733,300.02864072,25.01231742676268,2026-01-28 04:00:00
2026-01-27 18:00:00,medium,1049.454532,1044.9362171884086,3641.610983,2549.1276881,92.52201577099106,0.0,3549.088967229009,964,10.0,255.84058903071224,364.16109830000005,13.494008999791756,436.99331796,44.568499884948174,291.32887864,34.45950688625113,2026-01-28 04:00:00
2026-01-27 19:00:00,medium,1020.1998485,1081.651119237347,3390.462587,2373.3238109,86.9346067103774,0.0,3303.5279802896225,964,9.0,238.9568851276433,339.0462587,14.748472767378765,406.85551044,42.070418478433815,271.23700696000003,30.115715464564815,2026-01-28 04:00:00
2026-01-27 20:00:00,medium,892.7635292499999,911.6134233007737,3313.239377,2319.2675639,47.25763475641982,28.24248176717052,3294.2242240107503,964,8.0,140.67007384575297,331.3239377,5.411651217456127,397.58872524,24.122620653694593,265.05915016,17.723362885269097,2026-01-28 04:00:00
2026-01-27 21:00:00,medium,844.1488005,869.2702275534581,3185.547514,2229.8832598,34.34007567672039,3.8247257420168137,3155.032164065296,964,7.0,103.42117835736043,318.5547514,4.965238461485448,382.26570167999995,16.775706047923194,254.84380112,12.599131167311748,2026-01-28 04:00:00
2026-01-27 22:00:00,medium,834.8701945,866.2073949127713,3034.395409,2124.0767863,33.75990870915744,0.0,3000.6355002908426,964,6.0,98.0531277579501,303.43954090000005,6.294667298492107,364.12744908,16.079166660336206,242.75163272000003,11.386074750329126,2026-01-28 04:00:00
2026-01-27 23:00:00,medium,790.400028,815.0239988009523,2961.381863,2072.9673041,20.738420818161558,0.0,2940.6434421818385,964,5.0,61.29057031126858,296.13818630000003,3.8748384749297564,355.36582355999997,9.89214455246262,236.91054904,6.971437790769183,2026-01-28 04:00:00
2026-01-28 00:00:00,medium,722.5055435,757.8552952927149,3153.883002,2207.7181014,4.340535155221472,202.06224981606874,3351.6047166608473,1013,53.0,33.084074148422495,315.3883002,0.05947944932223617,378.46596024,0.2666074683623284,252.31064016000002,4.014448237536907,2026-01-30 05:00:00
2026-01-28 01:00:00,medium,726.22017125,799.3235604072837,3238.109786,2266.6768502,5.705252320390195,0.0,3232.40453367961,1013,52.0,34.93395563409035,323.8109786,0.30847458319624177,388.57317431999996,1.0450047781691938,259.04878288,4.35177295902476,2026-01-30 05:00:00
2026-01-28 02:00:00,medium,726.1641755,736.9728398335809,3181.735512,2227.2148584,5.974972898070996,0.0,3175.760539101929,1013,51.0,35.802665984723625,318.1735512,0.447374033403652,381.80826144,1.1454256714110036,254.53884096000002,4.382173193256341,2026-01-30 05:00:00
2026-01-28 03:00:00,medium,729.3001624999999,768.2953691673681,3056.428532,2139.4999724,7.434515051664163,0.0,3048.9940169483357,1013,50.0,37.60749010761394,305.6428532,1.0265954880084665,366.77142383999995,1.986492437790036,244.51428256,4.421427125865661,2026-01-30 05:00:00
2026-01-28 04:00:00,medium,725.88417625,720.9487130642025,2945.3626289999997,2061.7538403,4.5262582364592365,233.16503380444883,3174.001404567989,1013,49.0,37.556055987172655,294.5362629,0.0,353.44351548,0.2713158596237995,235.62901032,4.254942376835437,2026-01-30 05:00:00
2026-01-28 05:00:00,medium,733.8921085000001,813.0985553497211,3087.573337,2161.3013358999997,5.376448938437675,0.0,3082.1968880615623,1013,48.0,40.9187349139952,308.7573337,0.0,370.50880043999996,0.5175005415725237,247.00586696,4.858948396865151,2026-01-30 05:00:00
2026-01-28 06:00:00,medium,814.102046,776.9004693867402,3202.399703,2241.6797920999998,11.114049728679902,0.0,3191.2856532713204,1013,47.0,66.72494867963997,320.23997030000004,0.0,384.28796436,2.910376596702696,256.19197624000003,8.203673131977206,2026-01-30 05:00:00
2026-01-28 07:00:00,medium,1033.32143875,1132.373162560095,3525.480479,2467.8363352999995,40.69381136334944,0.0,3484.7866676366502,985,18.0,204.3498097003078,352.54804790000003,0.1701192484325513,423.05765748,13.494688556673255,282.03843832,27.029003558243634,2026-01-29 01:00:00
2026-01-28 08:00:00,medium,1276.93793575,1274.7292484645611,3587.704706,2511.3932941999997,104.28599290050241,0.0,3483.4187130994974,985,17.0,368.79205465979123,358.7704706,9.681015719797783,430.52456472,47.624438562256366,287.01637648,46.980538618448264,2026-01-29 01:00:00
2026-01-28 09:00:00,medium,1288.43650725,1209.7438766335074,3559.101155,2491.3708085,114.35430915919815,9.681015719797783,3454.4278615605995,985,16.0,385.83579294917973,355.9101155,11.357117251836856,427.09213859999994,54.586697886645446,284.7280924,48.41049402071584,2026-01-29 01:00:00
2026-01-28 10:00:00,medium,1277.6658992500002,1284.7116420700936,3570.887205,2499.6210435,124.71419223750078,0.0,3446.173012762499,985,15.0,388.2007491458666,357.0887205,16.269177557148023,428.50646459999996,59.626194549494635,285.67097640000003,48.818820130858136,2026-01-29 01:00:00
2026-01-28 11:00:00,medium,1212.7811845,1175.3233433388816,3581.637993,2507.1465950999996,118.68493767391664,0.0,3462.9530553260834,985,14.0,352.30461220904664,358.1637993,18.087631850949496,429.79655915999996,55.4911787078619,286.53103944,45.10612711510523,2026-01-29 01:00:00
2026-01-28 12:00:00,medium,1135.9498612500001,1182.18525644438,3595.665269,2516.9656883,102.82321730725559,0.0,3492.8420516927445,985,13.0,305.7105132637897,359.56652690000004,16.056427187603305,431.47983228,46.774531576529014,287.65322152,39.99225854312327,2026-01-29 01:00:00
2026-01-28 13:00:00,medium,1060.35051025,1024.4561913883686,3579.6588070000003,2505.7611649,82.15182390840104,61.94047309597023,3559.4474561875695,985,12.0,257.4442350601349,357.96588070000007,13.580561668595134,429.55905684000004,34.50236954461699,286.37270456000005,34.068892695188914,2026-01-29 01:00:00
2026-01-28 14:00:00,medium,1003.6603849999999,979.1202961731871,3544.531485,2481.1720394999998,68.00288677162662,0.0,3476.5285982283735,985,11.0,220.90122809696953,354.4531485,12.010986593791468,425.3437782,26.74079303227188,283.5625188,29.251107145563267,2026-01-29 01:00:00
2026-01-28 15:00:00,medium,1023.1295055,919.2047652979959,3510.5921459999995,2457.4145021999993,66.19887938618412,337.6916476464642,3782.0849142602797,985,10.0,241.65593560135034,351.05921459999996,2.360123411826373,421.27105751999994,32.32829341768827,280.84737168,31.510462556669477,2026-01-29 01:00:00
2026-01-28 16:00:00,medium,1093.70756425,1068.8307166913007,3589.778072,2512.8446504,93.3913164257262,0.0,3496.386755574274,985,9.0,304.13120933696916,358.97780720000003,6.17190843361825,430.77336864,47.47661669888675,287.18224576,39.7427912932212,2026-01-29 01:00:00
2026-01-28 17:00:00,medium,1209.8691865,1076.5558235354074,3718.747077,2603.1229538999996,140.58072144270244,0.0,3578.1663555572977,985,8.0,406.9354200200775,371.87470770000004,13.935801365213793,446.24964924,73.78765122203046,297.49976616,52.8572688554582,2026-01-29 01:00:00
2026-01-28 18:00:00,medium,1269.73266675,1182.618011458285,3667.42965,2567.200755,173.21587600091692,0.0,3494.213773999083,985,7.0,467.489858007086,366.742965,24.30460824632768,440.09155799999996,90.7074823463924,293.39437200000003,58.203785408196865,2026-01-29 01:00:00
2026-01-28 19:00:00,medium,1148.51243625,1190.3352423379365,3456.303903,2419.4127320999996,143.03583387306736,0.0,3313.2680691269325,985,6.0,374.98920081104956,345.63039030000004,22.97822987248437,414.75646836,74.1560394811369,276.50431224,45.90156451944608,2026-01-29 01:00:00
2026-01-28 20:00:00,medium,999.3670435,1042.5860522257958,3351.3245890000003,2345.9272123,101.21755135092894,0.0,3250.1070376490716,985,5.0,252.86175048830256,335.1324589000001,19.88509472606953,402.15895068000003,49.96076574169625,268.10596712,31.371690883163165,2026-01-29 01:00:00
2026-01-28 21:00:00,medium,876.205512,899.6056778981731,3249.553834,2274.6876838,59.651653932490746,63.578762895852215,3253.4809429633615,985,4.0,147.82181401411745,324.9553834,12.839496713333636,389.94646007999995,28.569026409013006,259.96430671999997,18.2431308101441,2026-01-29 01:00:00
2026-01-28 22:00:00,medium,830.82724125,777.6435533778933,3210.213292,2247.1493044,43.31800413964253,434.0541418131244,3600.9494296734815,985,3.0,109.46454594285858,321.0213292,6.8385847251118665,385.22559504,23.051591541937402,256.81706336,13.427827872593262,2026-01-29 01:00:00
2026-01-28 23:00:00,medium,789.480942,786.8568174121912,3072.969783,2151.0788481,33.19374301573647,0.0,3039.7760399842637,1013,30.0,90.43165623174991,307.29697830000003,6.3440255012254525,368.75637395999996,16.2056090892878,245.83758264,10.644108425223223,2026-01-30 05:00:00
2026-01-29 00:00:00,medium,780.6539495,780.4558098500187,3257.684457,2280.3791198999998,37.04979967583352,0.0,3220.6346573241663,1013,29.0,88.44581517074562,325.76844570000003,8.871712012019966,390.92213483999996,17.139503815195035,260.61475656,11.03858384861852,2026-01-30 05:00:00
2026-01-29 01:00:00,medium,776.5472,712.8371420944102,3311.184742,2317.8293194,20.4454652011537,721.6350101178285,4012.374286916675,1013,28.0,88.6454801936217,331.11847420000004,2.097611637248673,397.34216904,7.102905494876634,264.89477936,11.244948069028393,2026-01-30 05:00:00
2026-01-29 02:00:00,medium,760.7175895,843.4044960971933,3273.770908,2291.6396356,16.436105802624226,0.0,3257.3348021973757,1013,27.0,82.82980338687746,327.3770908,1.6969527258526214,392.85250895999997,4.3441758883897945,261.90167264,10.39497718838181,2026-01-30 05:00:00
2026-01-29 03:00:00,medium,746.8480105,795.1029364816619,3238.534621,2266.9742346999997,11.697917652923772,0.0,3226.836703347076,1013,26.0,77.68609470022771,323.8534621,0.6979113328168238,388.62415451999993,1.3504986328185693,259.08276968,9.649507687288379,2026-01-30 05:00:00
2026-01-29 04:00:00,medium,753.6427965,741.4897669393686,3195.04002,2236.528014,11.775638780262113,17.290055712003117,3200.5544369317413,1013,25.0,83.28971441147704,319.504002,0.0,383.4048024,1.5748086261920824,255.6032016,10.200830154070031,2026-01-30 05:00:00
2026-01-29 05:00:00,medium,779.459263,780.9379841446992,3085.411892,2159.7883244,14.511046528720705,0.0,3070.9008454712794,1013,24.0,99.5665807882804,308.5411892,0.0,370.24942704,2.757038329917569,246.83295136,11.754008198803136,2026-01-30 05:00:00
2026-01-29 06:00:00,medium,833.48154825,844.9426026871154,3298.5972319999996,2309.0180623999995,21.071219271279794,0.0,3277.5260127287197,1013,23.0,132.4857237153942,329.85972319999996,0.0,395.83166783999997,4.429740429267179,263.88777855999996,16.641478842012614,2026-01-30 05:00:00
2026-01-29 07:00:00,medium,999.5618509999999,887.2664332366639,3502.334609,2451.6342262999997,41.49761002118248,0.0,3460.8369989788175,1013,22.0,231.65961495856186,350.2334609,0.09851410045649152,420.28015308,11.177416540828814,280.18676872000003,30.221679379897175,2026-01-30 05:00:00
2026-01-29 08:00:00,medium,1174.45297925,1160.8582232113672,3638.431717,2546.9022019,93.91558365458562,0.0,3544.5161333454143,1013,21.0,340.98189112833285,363.8431717,12.397613924974488,436.61180604,36.970638234378626,291.07453736,44.547331495232505,2026-01-30 05:00:00
2026-01-29 09:00:00,medium,1182.0691172499999,1144.559983610121,3647.650551,2553.3553857,108.67052051030052,0.0,3538.9800304897,1013,20.0,354.2333100044966,364.76505510000004,19.58538339403087,437.71806612,42.93186238535936,291.81204408,46.15327473091028,2026-01-30 05:00:00
2026-01-29 10:00:00,medium,1102.84633775,1047.7572372057796,3666.8066639999997,2566.7646647999995,87.59233771210532,31.982997319005356,3611.1973236068998,1013,19.0,313.93330623835453,366.6806664,12.476980979412168,440.01679967999996,33.35858861898819,293.34453312,41.75676811370495,2026-01-30 05:00:00
2026-01-29 11:00:00,medium,1033.498444,1018.0379278912725,3700.5980329999998,2590.4186231,66.93013206105488,12.476980979412168,3646.144881918357,1013,18.0,277.66239641173536,370.0598033,6.670413167157986,444.07176395999994,22.516560686643487,296.04784264,37.74315820725341,2026-01-30 05:00:00
2026-01-29 12:00:00,medium,972.5133715,1071.3861304767238,3711.9771459999997,2598.3840021999995,57.3036429668,0.0,3654.6735030331997,1013,17.0,244.82125569754697,371.1977146,3.884548311185926,445.43725751999995,19.695729460981717,296.95817167999996,33.72336519463236,2026-01-30 05:00:00
2026-01-29 13:00:00,medium,959.147805,994.3941623696855,3844.989094,2691.4923658,60.42850871616135,0.09851410045649152,3784.659099384295,1013,16.0,242.05972814089998,384.4989094,3.936347765087207,461.39869128,21.926587560330894,307.59912752,34.56557339074325,2026-01-30 05:00:00
2026-01-29 14:00:00,medium,965.1025705,933.6877260619461,3814.160747,2669.9125228999997,62.295976270451014,150.26895916880082,3902.13372989835,1013,15.0,252.28014581876172,381.4160747,1.6436678651373933,457.69928963999996,25.023896612126062,305.13285976,35.62841179318756,2026-01-30 05:00:00
2026-01-29 15:00:00,medium,970.6466585,1002.1387114745887,3605.327772,2523.7294404,64.65328365490294,0.0,3540.674488345097,1013,14.0,262.57350089803657,360.53277720000006,2.5597632044162375,432.63933264,27.152132904311625,288.42622176000003,34.94138754617507,2026-01-30 05:00:00
2026-01-29 16:00:00,medium,1063.96297475,1140.92752376223,3644.9079100000004,2551.4355370000003,94.81867390274857,0.0,3550.0892360972516,1013,13.0,336.6441717515309,364.49079100000006,9.992057959679325,437.3889492,40.69359409751925,291.59263280000005,44.13302184554999,2026-01-30 05:00:00
2026-01-29 17:00:00,medium,972.5506702499999,1023.4055228102022,3860.106936,2702.0748552,82.68498934353816,0.0,3777.421946656462,1013,12.0,277.44645876516194,386.0106936,6.2947355038578054,463.21283232,37.04806801955655,308.80855488000003,39.3421858201238,2026-01-30 05:00:00
2026-01-29 18:00:00,medium,1030.4184,1033.6980703456095,3673.567818,2571.4974726,108.24409569164615,0.0,3565.323722308354,1013,11.0,328.4247636602942,367.3567818,17.409483751891596,440.82813816,47.304279516471844,293.88542544,43.53033242328271,2026-01-30 05:00:00
2026-01-29 19:00:00,medium,947.611588,912.0300652261934,3648.829588,2554.1807116,86.55956200701094,37.89970828498235,3600.1697342779717,1013,10.0,272.24886610631495,364.88295880000004,9.481486005410147,437.85955056,40.524283483819346,291.90636704,36.553792517781446,2026-01-30 05:00:00
2026-01-29 20:00:00,medium,875.70630775,914.1085899987474,3398.5734580000003,2379.0014206,65.58111207813945,0.0,3332.9923459218608,1013,9.0,221.7233464703721,339.8573458000001,6.334958999511365,407.82881496000005,31.101365654283107,271.88587664000005,28.14478742434499,2026-01-30 05:00:00
2026-01-29 21:00:00,medium,829.4494705,851.0911666981962,3349.33788,2344.5365159999997,56.09295136329075,9.481486005410147,3302.7264146421194,1013,8.0,189.4644045126511,334.93378800000005,5.904440355547726,401.92054559999997,26.295262816667343,267.9470304,23.89324819107569,2026-01-30 05:00:00
2026-01-29 22:00:00,medium,795.9048825,845.1405096015253,3281.966239,2297.3763673,51.71597038213806,0.0,3230.250268617862,1013,7.0,166.10147884256753,328.1966239,6.641581454195991,393.83594867999994,24.443985231249588,262.55729912,20.630403696692483,2026-01-30 05:00:00
2026-01-29 23:00:00,medium,737.55183875,772.4862878425083,3178.352153,2224.8465070999996,38.026559548253,6.334958999511365,3146.6605524512584,1013,6.0,120.08142759444765,317.8352153,4.6013294671309355,381.40225835999996,18.863367546747487,254.26817223999998,14.561862534374576,2026-01-30 05:00:00
2026-01-30 00:00:00,medium,736.808356,794.5337553425634,3377.483891,2364.2387237,45.42265273732364,0.0,3332.0612382626764,1013,5.0,122.46518218274649,337.7483891,7.189841064129716,405.29806691999994,22.457106690215,270.19871128,15.775704982978922,2026-01-30 05:00:00
2026-01-30 01:00:00,medium,713.2673775000001,683.8294408641689,3299.157531,2309.4102716999996,38.385565226535,358.2843580633601,3619.056323836825,1031,22.0,104.89540386721377,329.9157531,4.603343737069564,395.89890371999996,20.55028873641456,263.93260248,13.231932753050874,2026-01-30 23:00:00
2026-01-30 02:00:00,medium,705.2959335,777.752607109888,3368.404543,2357.8831801,41.78214936137929,0.0,3326.622393638621,1031,21.0,102.83529319862127,336.84045430000003,6.524020724283739,404.20854515999997,22.010253387261688,269.47236344000004,13.24787524983386,2026-01-30 23:00:00
2026-01-30 03:00:00,medium,670.6845344999999,681.5525127580819,3423.3224419999997,2396.3257093999996,34.896859243529676,0.0,3388.42558275647,1031,20.0,84.44570637106209,342.3322442,6.699412743540036,410.79869303999993,17.117428169647024,273.86579536,11.080018330342616,2026-01-30 23:00:00
2026-01-30 04:00:00,medium,649.5891242499999,763.7284722443895,3382.3405940000002,2367.6384158,30.086305053095536,0.0,3352.2542889469046,1031,19.0,73.46453921114204,338.23405940000004,7.006604463539091,405.88087128,13.545546089218812,270.58724752,9.534154500337637,2026-01-30 23:00:00
2026-01-30 05:00:00,medium,635.94245425,598.0371242550738,3370.0993399999998,2359.0695379999997,12.183113372350624,904.2644205816533,4262.180647209302,1031,18.0,66.62280190765146,337.009934,0.0,404.41192079999996,3.5629822416084997,269.6079472,8.620131130742124,2026-01-30 23:00:00
2026-01-30 06:00:00,medium,689.96909875,785.4471079240886,3449.668372,2414.7678604,19.907803280079204,0.0,3429.7605687199207,1031,17.0,103.63035393367043,344.96683720000004,0.0,413.96020464,6.236824345738047,275.97346976,13.670978934341157,2026-01-30 23:00:00
2026-01-30 07:00:00,medium,820.667271,831.5523640904456,3681.057732,2576.7404124,44.55030633812386,0.0,3636.5074256618764,1031,16.0,193.8633736728845,368.10577320000004,2.005219056196654,441.72692784000003,15.703387543691397,294.48461856,26.84169973823581,2026-01-30 23:00:00
2026-01-30 08:00:00,medium,948.32245375,912.4944635512054,3841.680839,2689.1765873,90.09829428431595,0.0,3751.582544715684,1031,15.0,286.5070868288632,384.16808390000006,8.222636429827034,461.00170068,41.564027840230445,307.33446712,40.31163001425848,2026-01-30 23:00:00
2026-01-30 09:00:00,medium,931.7821925000001,905.1684716270124,3921.718538,2745.2029766,95.65675407050729,0.0,3826.061783929493,1031,14.0,282.1043231593279,392.1718538,10.768529478413264,470.60622456,44.30942866649794,313.73748304000003,40.57879592559608,2026-01-30 23:00:00
2026-01-30 10:00:00,medium,907.81181425,890.1927122993123,3752.1737160000002,2626.5216012,92.58850681138516,0.0,3659.585209188615,1031,13.0,271.9265741377967,375.21737160000004,12.6655031048815,450.26084592,42.37451934482701,300.17389728,37.54848436167665,2026-01-30 23:00:00
2026-01-30 11:00:00,medium,806.4418555,829.7709825521054,3798.609246,2659.0264721999997,60.24305048017943,18.991165908240298,3757.357361428061,1031,12.0,203.71371566413592,379.86092460000003,8.783096080622961,455.83310952,22.423011419101066,303.88873968,29.0369429804554,2026-01-30 23:00:00
2026-01-30 12:00:00,medium,761.2827485,790.0387003419526,3896.818682,2727.7730773999997,52.99814508025658,0.0,3843.8205369197435,1031,11.0,174.56915414171925,389.68186820000005,6.375394971985233,467.61824184,20.924233111962973,311.74549456,25.698516996308367,2026-01-30 23:00:00
2026-01-30 13:00:00,medium,752.13518175,720.5816815333782,3970.155879,2779.1091152999998,52.2932409644283,196.20358802803418,4114.066226063606,1031,10.0,171.86426117056652,397.0155879,3.4357236688052795,476.41870547999997,23.06621155741949,317.61247032,25.79130573820353,2026-01-30 23:00:00
2026-01-30 14:00:00,medium,731.95454975,730.6150471756459,3758.803253,2631.1622770999998,47.671918337765334,3.4357236688052795,3714.56705833104,1031,9.0,160.10046369912678,375.88032530000004,2.5036746750622854,451.05639035999997,22.36662091826928,300.70426024,22.801622744433768,2026-01-30 23:00:00
2026-01-30 15:00:00,medium,733.9147350000001,851.7396047236525,3682.221293,2577.5549051,51.76219155629056,0.0,3630.4591014437096,1031,8.0,165.75829017959205,368.2221293,3.7459115009604673,441.86655516,24.916082619723813,294.57770344,23.10019743560628,2026-01-30 23:00:00
2026-01-30 16:00:00,medium,768.33946925,863.354343605539,3600.2169,2520.15183,66.60625677009233,0.0,3533.6106432299075,1031,7.0,198.8525661276883,360.02169000000004,7.6973641475732055,432.026028,32.01318820280487,288.017352,26.895704419714253,2026-01-30 23:00:00
2026-01-30 17:00:00,medium,799.0678035,823.0656053320718,3772.5027379999997,2640.7519165999997,90.5997817193382,0.0,3681.9029562806613,1031,6.0,230.334665197033,377.2502738,15.118467396868594,452.70032855999995,43.102610067861605,301.80021904,32.378704254607996,2026-01-30 23:00:00
2026-01-30 18:00:00,medium,786.76526775,788.8554590492511,3659.6765809999997,2561.7736066999996,95.12734911685708,0.0,3564.5492318831425,1031,5.0,225.30866531413864,365.9676581,20.016253097955893,439.1611897199999,44.34372299355885,292.77412648,30.767373025342337,2026-01-30 23:00:00
2026-01-30 19:00:00,medium,643.31650825,649.9182312195044,3564.067257,2494.8470799,40.91606896588746,49.08167081842045,3572.2328588525334,1031,4.0,101.21457616532287,356.40672570000004,5.560231356271133,427.68807084,21.55649379486762,285.12538056,13.799343814748706,2026-01-30 23:00:00
2026-01-30 20:00:00,medium,654.76029125,688.503779750173,3587.720174,2511.4041217999998,52.56891725982434,0.0,3535.1512567401755,1031,3.0,114.39373049698447,358.77201740000004,9.989280261474281,430.52642088,26.907779190386435,287.01761392000003,15.671857807963624,2026-01-30 23:00:00
2026-01-30 21:00:00,medium,641.67368575,585.4200946640877,3680.954284,2576.6679987999996,53.49365490604654,102.99584467916587,3730.456473773119,1031,2.0,104.84125735332178,368.0954284,10.917550383701585,441.71451407999996,27.82041544906078,294.47634272,14.755689073284172,2026-01-30 23:00:00
2026-01-30 22:00:00,medium,598.68011725,584.524407691716,3550.805807,2485.5640649,37.043396833551995,0.0,3513.7624101664483,1031,1.0,65.56327290763464,355.08058070000004,9.585564599473905,426.09669684,18.519139510549397,284.06446456000003,8.938692723528693,2026-01-30 23:00:00
2026-01-30 23:00:00,medium,623.22922625,531.4571021867325,3163.6366510000003,2214.5456557,25.515362069962833,732.6947378781789,3870.816026808216,1036,5.0,79.06757360224277,316.36366510000005,2.3013688000828205,379.63639812,13.621325964821466,253.09093208000002,9.592667305058546,2026-01-31 04:00:00
2026-01-31 00:00:00,medium,709.40300175,731.3602734932904,3204.614823,2243.2303761,57.19664582399721,0.0,3147.4181771760027,1036,4.0,159.04243528338813,320.4614823,7.611124567271796,384.55377876,30.270161195091696,256.36918584,19.31536006163372,2026-01-31 04:00:00
2026-01-31 01:00:00,medium,694.206841,729.8026176836509,3432.2577370000004,2402.5804159,62.84684352114911,0.0,3369.4108934788514,1036,3.0,148.97047454807168,343.22577370000005,10.059581081980415,411.87092844,33.3727862578568,274.58061896000004,19.414476181311898,2026-01-31 04:00:00
2026-01-31 02:00:00,medium,647.77827775,621.2030223235345,3330.8107509999995,2331.5675256999994,50.109551227684406,17.670705649252213,3298.3719054215676,1036,2.0,108.57746456514495,333.08107509999996,10.22973577976775,399.69729011999993,26.0587845015242,266.46486008,13.821030946392458,2026-01-31 04:00:00
2026-01-31 03:00:00,medium,614.79105675,701.3603287309519,3282.182858,2297.5280006,41.289424441894255,0.0,3240.8934335581057,1036,1.0,79.15335255527935,328.21828580000005,10.689574838957517,393.86194296,20.637018552303775,262.57462864,9.962831050632966,2026-01-31 04:00:00
2026-01-31 04:00:00,medium,601.051039,533.6339275348712,3257.4469240000003,2280.2128468,34.48399340775837,219.2871214354356,3442.250052027677,1037,1.0,66.53508130909756,325.7446924000001,8.923566875117595,390.89363088000005,17.239350299905013,260.59575392000005,8.321076232735761,2026-01-31 05:00:00
2026-01-31 05:00:00,medium,613.3722325,532.8316140884599,3204.964919,2243.4754433,8.35746120031901,34.48399340775837,3231.0914512074396,1061,24.0,51.89547608772187,320.4964919,0.0,384.59579027999996,1.9648648443530328,256.39719352000003,6.392596355965978,2026-02-01 05:00:00
2026-01-31 06:00:00,medium,610.4226185,622.7674685207985,3455.119997,2418.5839978999998,9.102935760877713,0.0,3446.017061239122,1061,23.0,51.54945416065401,345.5119997,0.0,414.61439963999993,2.257178715795447,276.40959976,6.845757045082266,2026-02-01 05:00:00
2026-01-31 07:00:00,medium,624.2559695,681.8463761436685,3680.391107,2576.2737749,12.04920913238504,0.0,3668.341897867615,1061,22.0,60.83558404207619,368.03911070000004,0.0,441.64693284,3.4491567947437676,294.43128856,8.600052337641271,2026-02-01 05:00:00
2026-01-31 08:00:00,medium,655.61905675,748.2350797801828,3373.515239,2361.4606673,15.870933859428082,0.0,3357.6443051405718,1061,21.0,80.92864669011736,337.3515239,0.0,404.82182867999995,5.403064644537965,269.88121911999997,10.467869214890117,2026-02-01 05:00:00
2026-01-31 09:00:00,medium,717.038411,691.7997765422083,3392.8327719999997,2374.9829403999997,30.49267192644183,0.0,3362.340100073558,1061,20.0,120.23008658733302,339.2832772,2.4625227896563335,407.1399326399999,12.466729406902335,271.42662176,15.56341972988316,2026-02-01 05:00:00
2026-01-31 10:00:00,medium,680.54150075,739.8689465887212,3438.30328,2406.812296,24.48852207157397,0.0,3413.814757928426,1061,19.0,100.57684262833381,343.830328,1.3865230131886483,412.5963936,9.872403400165263,275.0642624,13.22959565822006,2026-02-01 05:00:00
2026-01-31 11:00:00,medium,693.9081247500001,691.7901589274612,3582.515673,2507.7609710999996,31.415635762407703,0.0,3551.100037237592,1061,18.0,111.64589327597992,358.25156730000003,2.7350295679135193,429.90188076,13.401475348567072,286.60125383999997,15.279130845927114,2026-02-01 05:00:00
2026-01-31 12:00:00,medium,686.3660785,676.8715770032549,3338.6354069999998,2337.0447848999997,30.327750805037457,2.4625227896563335,3310.7701789846187,1061,17.0,109.54146056401692,333.8635407,3.3471393786588997,400.63624883999995,13.005947995295093,267.09083255999997,13.974663431083464,2026-02-01 05:00:00
2026-01-31 13:00:00,medium,687.46749975,736.068796311767,3462.0481290000002,2423.4336903,35.609196046387005,0.0,3426.4389329536134,1061,16.0,113.05282058362164,346.20481290000004,5.2792513958482035,415.44577548,15.381475117437386,276.96385032,14.948469533101418,2026-02-01 05:00:00
2026-01-31 14:00:00,medium,682.5203562500001,718.3981145627381,3270.725992,2289.5081944,36.3461322718548,0.0,3234.379859728145,1061,15.0,112.51464767413226,327.0725992,6.787216023739418,392.48711904,15.50270387541213,261.65807936,14.056212372703246,2026-02-01 05:00:00
2026-01-31 15:00:00,medium,717.5797975,630.8782288658663,3372.323831,2360.6266817,50.572185159122,32.00188878625102,3353.7535346271293,1061,14.0,140.0689402218345,337.23238310000005,7.462656731251989,404.67885972,25.14531884385606,269.78590648,17.964209584013954,2026-02-01 05:00:00
2026-01-31 16:00:00,medium,717.0384112500001,798.2481304849243,3386.856886,2370.7998202,57.85640139798509,0.0,3329.000484602015,1061,13.0,143.2236359507686,338.68568860000005,11.117887183750586,406.42282632,28.300752457875607,270.94855088,18.437761756358896,2026-02-01 05:00:00
2026-01-31 17:00:00,medium,666.558785,742.4638094781097,3510.242494,2457.1697458,44.24578331242619,0.0,3465.996710687574,1061,12.0,109.45313265760596,351.02424940000003,10.084857666473612,421.22909928,19.47962984406799,280.81939952,14.681295801884586,2026-02-01 05:00:00
2026-01-31 18:00:00,medium,629.40846625,595.0025176669758,3551.948195,2486.3637365,27.872498030508396,174.15817310869076,3698.2338700781825,1061,11.0,84.0056054111877,355.1948195,3.0015562626664227,426.2337834,13.433993617576002,284.1558556,11.436948150265968,2026-02-01 05:00:00
2026-01-31 19:00:00,medium,628.2323695,650.0015638390576,3845.38282,2691.767974,33.43943656882405,0.0,3811.943383431176,1061,10.0,85.21627236703185,384.538282,4.765183023965887,461.44593839999993,16.115641129048107,307.6306256,12.558612415810051,2026-02-01 05:00:00
2026-01-31 20:00:00,medium,608.70510725,635.8767674955506,3762.745848,2633.9220935999997,28.06768491079774,0.0,3734.6781630892024,1061,9.0,71.78069695805306,376.2745848,4.975565693547587,451.52950175999996,12.727191633980613,301.01966784,10.364927583269541,2026-02-01 05:00:00
2026-01-31 21:00:00,medium,608.85445925,623.1915163703148,3587.369403,2511.1585821,30.959754396122186,0.0,3556.409648603878,1061,8.0,73.72011302830738,358.7369403,7.095049030721203,430.48432836,13.717675606090571,286.98955224,10.147029759310415,2026-02-01 05:00:00
2026-01-31 22:00:00,medium,589.90594275,559.6391592885019,3592.256554,2514.5795878,17.9020286675604,83.50305635248863,3657.8575816849284,1061,7.0,59.67988136560736,359.22565540000005,0.0,431.07078648,9.666665884371861,287.38052432,8.235362783188542,2026-02-01 05:00:00
2026-01-31 23:00:00,medium,654.8909854999999,617.9517002634071,3289.705411,2302.7937877,36.23065130922476,0.0,3253.474759690775,1061,6.0,117.12382939850964,328.9705411,2.476313980848302,394.76464932,19.04710342628424,263.17643288,14.707233902092218,2026-02-01 05:00:00
2026-02-01 00:00:00,medium,694.41219625,693.0067223454705,3147.820846,2203.4745921999997,51.788018116052555,0.0,3096.0328278839474,1061,5.0,154.9661793292836,314.7820846,6.882390534444083,377.73850152,26.404263961815577,251.82566768,18.501363619792894,2026-02-01 05:00:00
2026-02-01 01:00:00,medium,699.43402825,763.934124309265,3061.9617369999996,2143.3732158999996,59.241767152843465,0.0,3002.7199698471563,1061,4.0,163.433108336905,306.1961737,10.589169437740637,367.43540843999995,29.704093104643768,244.95693895999997,18.948504610459064,2026-02-01 05:00:00
2026-02-01 02:00:00,medium,583.33462325,613.2326317526938,3465.36598,2425.756186,25.67210274289828,19.94787395303302,3459.6417512101348,1061,3.0,59.85997041676525,346.536598,4.039546145574768,415.8439176,13.664229190419915,277.2292784,7.968327406903594,2026-02-01 05:00:00
2026-02-01 03:00:00,medium,654.7976375000001,634.4138492352643,3289.024372,2302.3170603999997,58.798896085666115,0.0,3230.225475914334,1061,2.0,129.35305470056824,328.9024372,12.024318781075893,394.68292463999995,30.56549319060874,263.12194976,16.20908411398148,2026-02-01 05:00:00
2026-02-01 04:00:00,medium,661.46228825,703.905717335659,3221.313592,2254.9195144,70.67071619408102,0.0,3150.642875805919,1061,1.0,139.1277428071982,322.1313592,18.35581150710252,386.55763104,35.267650095067935,257.70508736,17.047254591910576,2026-02-01 05:00:00
2026-02-01 05:00:00,medium,675.482354,518.8125098653459,3251.621111,2276.1347776999996,60.00497688897116,515.3048578907051,3706.920992001734,1063,2.0,133.60143455571435,325.1621111,12.27571772244025,390.19453332,31.189674563473478,260.12968888,16.539584603057428,2026-02-01 07:00:00
2026-02-01 06:00:00,medium,639.8628375000001,703.0449510204658,3091.106625,2163.7746374999997,50.10252454760382,0.0,3041.004100452396,1063,1.0,102.24350346962218,309.1106625,12.98483026960574,370.932795,25.029472633310316,247.28853,12.088221644687767,2026-02-01 07:00:00
2026-02-01 07:00:00,medium,630.71528525,535.0310274172045,3259.5320389999997,2281.6724272999995,13.835153370956995,110.10750143657498,3355.804387065618,1076,13.0,52.79275237761056,325.9532039,2.0286683099243965,391.14384468,5.1930298941182995,260.76256312,6.6134551669143,2026-02-01 20:00:00
2026-02-01 08:00:00,medium,679.75741075,659.8231589728277,3616.6996860000004,2531.6897802000003,43.23513331235944,0.0,3573.464552687641,1076,12.0,90.4605074182256,361.66996860000006,10.473661201116654,434.00396232,20.23004406192794,289.33597488000004,12.531428049314838,2026-02-01 20:00:00
2026-02-01 09:00:00,medium,669.2097215,607.627877295562,3655.69212,2558.984484,37.883062814958436,37.92540346708729,3655.7344606521287,1076,11.0,84.73879534747932,365.56921200000005,8.869419380845466,438.6830544,17.140833624426634,292.45536960000004,11.872809809686341,2026-02-01 20:00:00
2026-02-01 10:00:00,medium,680.01878475,608.8113035853502,3677.6077490000002,2574.3254243,26.938456636465574,26.010253005272098,3676.679545368807,1076,10.0,95.30207508816403,367.76077490000006,1.641549558404347,441.31292988,11.879995286987649,294.20861992000005,13.416911791073577,2026-02-01 20:00:00
2026-02-01 11:00:00,medium,676.54642875,740.3919020558186,3635.455881,2544.8191166999995,27.989019602532736,0.0,3607.4668613974673,1076,9.0,94.94192602194263,363.54558810000003,1.9131145134515295,436.25470571999995,12.862330459490288,290.83647048,13.213574629590921,2026-02-01 20:00:00
2026-02-01 12:00:00,medium,689.184996,663.461429927846,3446.054382,2412.2380673999996,29.380276218005307,3.5546640718558766,3420.2287698538503,1076,8.0,107.69297600442869,344.6054382,0.0,413.52652584,15.195838960913193,275.68435056,14.184437257092112,2026-02-01 20:00:00
2026-02-01 13:00:00,medium,677.6478775,696.7055909951894,3471.8670690000004,2430.3069483,30.30663875468864,0.0,3441.5604302453116,1076,7.0,100.734321547344,347.18670690000005,1.18170544548158,416.62404828,15.745542304107618,277.74936552,13.379391005099441,2026-02-01 20:00:00
2026-02-01 14:00:00,medium,702.0662815000001,699.485649661645,3453.715028,2417.6005196,40.295460515315725,0.0,3413.419567484684,1076,6.0,124.30153813263112,345.37150280000003,2.714537004062319,414.44580336,21.21187333050035,276.29720224,16.36905018075306,2026-02-01 20:00:00
2026-02-01 15:00:00,medium,715.2835642499999,741.5208097472716,3479.940102,2435.9580714,49.11182620384967,0.0,3430.82827579615,1076,5.0,139.11245763929026,347.99401020000005,4.452856314559097,417.59281224,26.245033470208384,278.39520816,18.413936419082187,2026-02-01 20:00:00
2026-02-01 16:00:00,medium,762.23486225,766.460066258314,3925.389934,2747.7729538,80.80954742905963,0.0,3844.5803865709404,1076,4.0,185.11739752663536,392.5389934,10.421126368000493,471.04679207999993,43.00101584673657,314.03119472,27.387405214322573,2026-02-01 20:00:00
2026-02-01 17:00:00,medium,794.75538375,724.1908114196286,3669.0489,2568.3342299999995,99.85509773099875,0.0,3569.193802269001,1076,3.0,219.97436874982336,366.90489,17.683143486474275,440.28586799999994,52.01287042060448,293.523912,30.159083823919993,2026-02-01 20:00:00
2026-02-01 18:00:00,medium,769.5342365,824.3289115695927,3993.550585,2795.4854094999996,111.84546699829286,0.0,3881.705118001707,1076,2.0,201.55194902314508,399.35505850000004,24.605099881612276,479.2260702,57.02112531732865,319.4840468,30.21924179935195,2026-02-01 20:00:00
2026-02-01 19:00:00,medium,642.271076,615.1144639261278,4024.126156,2816.8883091999996,52.7671776847597,53.891075181568624,4025.250053496809,1076,1.0,82.53323903289694,402.4126156,13.662966770380553,482.89513872,26.372040477662498,321.93009248,12.73217043671665,2026-02-01 20:00:00
2026-02-01 20:00:00,medium,643.2605025,557.6484980737138,3546.4408139999996,2482.5085697999993,0.0,522.8709215464595,4069.311735546459,-1,0.0,0.0,354.6440814,0.0,425.5728976799999,0.0,283.71526511999997,0.0,
2026-02-01 21:00:00,medium,683.78981425,660.2434803968748,3622.9055670000002,2536.0338969,11.666425164379408,0.0,3611.239141835621,1079,2.0,23.10548108617427,362.2905567,2.372267290822554,434.74866804000004,6.072446151533054,289.83244536,3.2217117220238007,2026-02-01 23:00:00
2026-02-01 22:00:00,medium,634.29963375,716.8414222348871,3753.110103,2627.1770721,0.0,0.0,3753.110103,-1,0.0,0.0,375.3110103,0.0,450.37321235999997,0.0,300.24880824,0.0,
2026-02-01 23:00:00,medium,612.737494,659.499689816242,3487.507452,2441.2552164,0.0,11.666425164379408,3499.173877164379,-1,0.0,0.0,348.7507452,0.0,418.50089424,0.0,279.00059616,0.0,
