timestamp,scenario,actual_price,forecast_price,baseline_load,inflexible_load,shifted_out,shifted_in,shifted_total_load,target_hour_idx,wait_hours,shift_score,timeslot_shiftability,flex_short_flex_load,shift_out_short_flex,flex_day_flex_load,shift_out_day_flex,flex_multi_day_flex_load,shift_out_multi_day_flex,target_timestamp
2025-12-19 00:00:00,optimistic,73.516608,151.00516193542185,3605.324047,2091.08794726,12.782755705476653,0.0,3592.5412912945235,5,5.0,15.922816111217456,0.6,504.74536658000005,3.029586437724444,576.85184752,6.137469582976014,432.63888564,3.6156996847761946,2025-12-19 05:00:00
2025-12-19 01:00:00,optimistic,43.762554,90.25898740424682,3868.834526,2243.92402508,6.76701248383241,0.0,3862.0675135161678,4,3.0,7.230877111909835,0.6,541.6368336400001,1.8471607834423152,619.01352416,3.1575165412897035,464.26014312,1.7623351591003913,2025-12-19 04:00:00
2025-12-19 02:00:00,optimistic,32.350296,63.71987078578155,3809.755944,2209.6584475199998,0.0,0.0,3809.755944,-1,0.0,0.0,0.6,533.3658321600001,0.0,609.56095104,0.0,457.17071328,0.0,
2025-12-19 03:00:00,optimistic,26.261268,43.938011909658236,3814.2640050000005,2212.2731229,0.0,0.0,3814.2640050000005,-1,0.0,0.0,0.6,533.9969607000002,0.0,610.2822408000001,0.0,457.7116806,0.0,
2025-12-19 04:00:00,optimistic,30.127614,36.35603658441386,3628.1016170000003,2104.29893786,0.0,6.76701248383241,3634.8686294838326,-1,0.0,0.0,0.6,507.9342263800001,0.0,580.49625872,0.0,435.37219404,0.0,
2025-12-19 05:00:00,optimistic,68.60429400000001,56.94396943596073,3331.6494279999997,1932.3566682399996,0.0,12.782755705476653,3344.4321837054763,-1,0.0,0.0,0.6,466.43091992,0.0,533.06390848,0.0,399.79793135999995,0.0,
2025-12-19 06:00:00,optimistic,233.77384625000002,136.7595555225083,3006.963525,1744.0388444999999,10.038369739662496,0.0,2996.9251552603378,24,18.0,48.369677214476646,0.3,420.97489350000006,0.0,481.114164,5.467736446842624,360.835623,4.570633292819873,2025-12-20 00:00:00
2025-12-19 07:00:00,optimistic,377.837266,237.48082946910657,3138.483303,1820.3203157399998,44.82948951534887,0.0,3093.653813484651,24,17.0,174.50288113759476,0.3,439.38766242,7.293755041077082,502.15732848,20.800996117782343,376.61799636,16.73473835648944,2025-12-20 00:00:00
2025-12-19 08:00:00,optimistic,445.7317975,320.9288632674283,3281.613261,1903.3356913799998,63.24533485027892,7.293755041077082,3225.661681190798,24,16.0,235.64173616535146,0.3,459.42585654000004,10.494277433940136,525.05812176,29.685440050784102,393.79359131999996,23.06561736555469,2025-12-20 00:00:00
2025-12-19 09:00:00,optimistic,464.52186,367.18360012458203,3215.1992120000004,1864.8155429600001,108.10580730571934,10.494277433940136,3117.5876821282213,24,15.0,254.19972117704967,0.5,450.1278896800001,14.505072319055223,514.43187392,53.31530657273905,385.82390544000003,40.285428413925075,2025-12-20 00:00:00
2025-12-19 10:00:00,optimistic,469.0792975,408.49303037982565,3202.467313,1857.43104154,60.51460852093766,0.0,3141.9527044790625,26,16.0,233.38014444047357,0.5,448.34542382000006,17.24772922808693,512.3947700800001,6.0741033830628055,384.29607756,37.192775909787926,2025-12-20 02:00:00
2025-12-19 11:00:00,optimistic,472.62811375,389.6960102086607,3161.184896,1833.48723968,105.74345165180435,31.752801547142152,3087.194245895338,26,15.0,238.40219137389815,0.5,442.56588544000005,18.919128964077967,505.78958336000005,49.40485212339564,379.34218752000004,37.41947056433074,2025-12-20 02:00:00
2025-12-19 12:00:00,optimistic,462.5233105,384.2771623725362,3058.465123,1773.90977134,89.38192724059321,18.919128964077967,2988.002324723485,26,14.0,231.28291684058598,0.5,428.18511722000005,13.399025838107523,489.35441968,47.65256274351564,367.01581475999996,28.33033865897005,2025-12-20 02:00:00
2025-12-19 13:00:00,optimistic,458.731676,402.3397800389192,3001.023889,1740.5938556199999,91.0831799703509,0.0,2909.940709029649,25,12.0,208.46014576696922,0.5,420.14334446000004,14.04127534995993,480.16382224,45.58160773692307,360.12286668,31.460296883467905,2025-12-20 01:00:00
2025-12-19 14:00:00,optimistic,469.84508800000003,389.8801509203025,2936.925435,1703.4167522999999,93.8679448709432,27.44030118806745,2870.497791317124,25,11.0,220.31174339851037,0.5,411.1695609000001,13.246351451468888,469.90806960000003,48.24077924397306,352.4310522,32.38081417550125,2025-12-20 01:00:00
2025-12-19 15:00:00,optimistic,549.955034,403.49726842701034,3037.017339,1761.47005662,141.81755317009598,13.246351451468888,2908.446137281373,25,10.0,296.03210681983336,0.5,425.18242746000004,31.3008877974204,485.92277424,67.12998330908079,364.44208068,43.38668206359478,2025-12-20 01:00:00
2025-12-19 16:00:00,optimistic,602.70170425,395.2710280154181,3000.074526,1740.0432250799997,49.767268635484385,31.3008877974204,2981.6081451619357,25,9.0,347.49226833261133,0.15,420.01043364000003,11.805624626861656,480.01192416,23.30577854448652,360.00894311999997,14.655865464136205,2025-12-20 01:00:00
2025-12-19 17:00:00,optimistic,607.74475825,486.1396652927368,3075.6760830000003,1783.89212814,44.71283639685822,0.0,3030.963246603142,25,8.0,355.0137658088362,0.15,430.5946516200001,13.690625049577724,492.1081732800001,15.741851165536588,369.08112996,15.280360181743912,2025-12-20 01:00:00
2025-12-19 18:00:00,optimistic,550.459351,478.32616386432437,3073.051817,1782.3700538599999,47.897095560900624,0.0,3025.1547214390994,25,7.0,303.6996722607124,0.15,430.22725438000003,12.81996195540621,491.68829072,21.62157313536356,368.76621804,13.455560470130859,2025-12-20 01:00:00
2025-12-19 19:00:00,optimistic,389.6043945,464.7393195681597,2872.7645380000004,1666.20343204,23.594331463862343,0.0,2849.170206536138,25,6.0,152.822720136898,0.15,402.18703532000006,5.696927000926376,459.6423260800001,11.143051512277069,344.73174456000004,6.754352950658897,2025-12-20 01:00:00
2025-12-19 20:00:00,optimistic,410.635826,401.8920207783786,2767.861198,1605.35949484,24.20305064867417,0.0,2743.658147351326,27,7.0,165.75907397425092,0.15,387.50056772000005,7.31162044727475,442.85779168,9.861443163125585,332.14334376,7.029987038273839,2025-12-20 03:00:00
2025-12-19 21:00:00,optimistic,387.28832650000004,279.3788107330788,2808.5492059999997,1628.9585394799997,57.033863881048674,51.32475908004672,2802.8401011989977,27,6.0,144.83717441229618,0.4,393.19688884,12.704130145509223,449.36787295999994,27.601581641597434,337.02590471999997,16.72815209394202,2025-12-20 03:00:00
2025-12-19 22:00:00,optimistic,379.98522825,370.34551615722745,2746.8584539999997,1593.1779033199998,55.67658934898897,0.0,2691.1818646510105,27,5.0,138.9837793096812,0.4,384.56018356,13.32134111571832,439.49735264,26.629832046243866,329.62301447999994,15.725416187026784,2025-12-20 03:00:00
2025-12-19 23:00:00,optimistic,430.752032,239.91084444535292,2550.3685979999996,1479.2137868399996,72.09521128105004,200.0,2678.2733867189495,27,4.0,189.26809249180155,0.4,357.05160371999995,18.635602481836695,408.05897567999995,33.896293038829285,306.04423175999995,19.563315760384054,2025-12-20 03:00:00
2025-12-20 00:00:00,optimistic,503.57756725,177.91247470052133,2608.9155180000002,1513.17100044,97.2988557533851,200.0,2711.6166622466153,28,4.0,207.23974331270026,0.6,365.2481725200001,8.1643484506385,417.42648288000004,56.49103116288869,313.06986216,32.64347613985791,2025-12-20 04:00:00
2025-12-20 01:00:00,optimistic,502.86777725,229.26728106550257,2554.5576060000003,1481.6434114800002,110.8654926972534,200.0,2643.6921133027467,28,3.0,208.21135281694248,0.6,357.6380648400001,34.11989398588778,408.72921696000003,56.91375728641989,306.54691272,19.831841424945736,2025-12-20 04:00:00
2025-12-20 02:00:00,optimistic,558.71500825,203.83039356630607,2435.881391,1412.8112067799998,112.86070798657467,200.0,2523.0206830134252,29,3.0,199.43429608131225,0.6,341.02339474,31.236411496972163,389.74102256,52.203959108539124,292.30576692,29.420337381063373,2025-12-20 05:00:00
2025-12-20 03:00:00,optimistic,589.496345,235.32941330650664,2253.918224,1307.27256992,111.1923150685941,200.0,2342.7259089314057,29,2.0,219.16844961176432,0.6,315.54855136000003,36.84415910831873,360.62691584,50.29513290510661,270.47018687999997,24.053023055168747,2025-12-20 05:00:00
2025-12-20 04:00:00,optimistic,612.89989025,289.59890448469764,2155.078793,1249.94569994,103.88830058595074,200.0,2251.1904924140495,30,2.0,199.06687183472565,0.6,301.71103102000006,30.656900441791347,344.81260688000003,47.24684882445815,258.60945516,25.98455131970125,2025-12-20 06:00:00
2025-12-20 05:00:00,optimistic,621.06216875,354.4363897185803,2090.941551,1212.74609958,84.57433320810112,200.0,2206.367217791899,30,1.0,203.20184667906915,0.6,292.73181714000003,34.473527868086514,334.55064816,37.58514849079398,250.91298611999997,12.515656849220628,2025-12-20 06:00:00
2025-12-20 06:00:00,optimistic,638.4513832499999,410.6223314646767,2160.6608969999997,1253.1833202599998,31.815990266006636,200.0,2328.844906733993,36,6.0,113.24528396374359,0.3,302.49252558,9.938588565572449,345.70574351999994,14.269179528405077,259.27930763999996,7.60822217202911,2025-12-20 12:00:00
2025-12-20 07:00:00,optimistic,723.10010475,524.6748755891359,2308.4748080000004,1338.9153886400002,48.52370772599566,24.207768093977528,2284.158868367982,36,5.0,195.48447742244238,0.3,323.1864731200001,11.714866232052321,369.35596928000007,23.123553218159895,277.01697696,13.685288275783453,2025-12-20 12:00:00
2025-12-20 08:00:00,optimistic,779.7131045,622.0095863829738,2487.288853,1442.6275347399999,68.42126409434405,0.0,2418.867588905656,36,4.0,251.88468834898057,0.3,348.22043942000005,17.87975253536863,397.96621648,31.99254157190864,298.47466235999997,18.548969987066776,2025-12-20 12:00:00
2025-12-20 09:00:00,optimistic,818.3205435,645.1036969182778,2550.4762889999997,1479.2762476199998,98.31287058106086,0.0,2452.163418418939,38,5.0,285.93421728589,0.5,357.06668046,38.708206986977224,408.07620624,24.222942171433317,306.05715467999994,35.38172142265032,2025-12-20 14:00:00
2025-12-20 10:00:00,optimistic,798.633926,607.8871478773686,2623.4177179999997,1521.5822764399998,128.7776543712777,0.0,2494.640063628722,38,4.0,269.16424674010227,0.5,367.27848052,34.711938111570625,419.74683487999994,59.51238039055138,314.8101261599999,34.553335869155696,2025-12-20 14:00:00
2025-12-20 11:00:00,optimistic,777.02348375,596.6675265179293,2620.61685,1519.9577729999999,98.38743672485782,34.711938111570625,2556.941351386713,38,3.0,230.758896081257,0.5,366.886359,34.61983410685012,419.298696,35.932728210792504,314.474022,27.834874407215192,2025-12-20 14:00:00
2025-12-20 12:00:00,optimistic,770.2620420000001,519.6377544613533,2542.565407,1474.6879360599999,97.01807947108946,200.0,2645.5473275289105,75,39.0,208.2158563693869,0.5,355.95915698000005,28.99374830173383,406.81046512,41.39877199104176,305.10784884,26.625559178313864,2025-12-22 03:00:00
2025-12-20 13:00:00,optimistic,785.67139,598.127747011452,2513.085286,1457.5894658799998,86.88379538078914,70.3925202927756,2496.5940109119865,75,38.0,221.25821879780992,0.5,351.83194004,21.541587850419127,402.09364576,37.52646292661375,301.57023432,27.815744603756258,2025-12-22 03:00:00
2025-12-20 14:00:00,optimistic,838.492772,520.7171294385782,2514.783413,1458.5743795399999,112.28865258892952,200.0,2602.4947604110707,75,37.0,262.3232635919686,0.5,352.06967782000004,32.48189239293136,402.36534608000005,47.417172085512455,301.77400956,32.389588110485704,2025-12-22 03:00:00
2025-12-20 15:00:00,optimistic,849.43808225,641.7433421224382,2570.778849,1491.0517324199998,101.0522907249193,54.023480243350484,2523.750038518431,75,36.0,272.63663971548965,0.5,359.90903886,15.007989243567454,411.32461584,51.80696972826949,308.49346188,34.23733175308236,2025-12-22 03:00:00
2025-12-20 16:00:00,optimistic,855.69522325,804.3878570857314,2708.803738,1571.1061680399998,35.37126053612193,0.0,2673.432477463878,75,35.0,279.5555259530783,0.15,379.23252332000004,7.09921912626107,433.40859808000005,17.213648796501488,325.05644856,11.058392613359374,2025-12-22 03:00:00
2025-12-20 17:00:00,optimistic,876.8387045,847.8556961888273,2817.6254360000003,1634.2227528800001,41.163515643902755,0.0,2776.4619203560974,75,34.0,297.9091911253111,0.15,394.4675610400001,9.418523146431804,450.82006976,19.60494445684611,338.11505232,12.140048040624842,2025-12-22 03:00:00
2025-12-20 18:00:00,optimistic,845.85189325,901.5491151746544,2750.9773990000003,1595.56689142,28.137607966868458,0.0,2722.839791033132,75,33.0,276.5049721026018,0.15,385.1368358600001,9.31125835549124,440.15638384000005,7.701020504333627,330.11728788000005,11.12532910704359,2025-12-22 03:00:00
2025-12-20 19:00:00,optimistic,777.82662075,828.1939707925707,2599.1350589999997,1507.4983342199998,27.305340315957793,0.0,2571.829718684042,75,32.0,226.06466530010746,0.15,363.87890826,6.566839038513833,415.86160943999994,11.938603065449065,311.89620707999995,8.799898211994893,2025-12-22 03:00:00
2025-12-20 20:00:00,optimistic,720.09294675,782.1575421579253,2489.021841,1443.63266778,19.781596878675657,0.0,2469.2402441213244,75,31.0,182.82738945342038,0.15,348.46305774000007,4.556924390848763,398.24349456000004,8.292401784666083,298.68262092000003,6.9322707031608095,2025-12-22 03:00:00
2025-12-20 21:00:00,optimistic,694.89631375,692.466404855761,2389.025949,1385.6350504199997,29.216101182650643,15.007989243567454,2374.8178370609166,75,30.0,164.4755011551644,0.4,334.46363286,10.43761697469483,382.24415184,17.737520936992695,286.68311387999995,1.0409632709631182,2025-12-22 03:00:00
2025-12-20 22:00:00,optimistic,689.18084975,618.482259907575,2313.2725809999997,1341.6980969799997,40.35847907643415,18.222982555623666,2291.1370844791895,99,53.0,134.22605222387534,0.4,323.85816134,10.749234265966313,370.12361295999995,16.802857027844514,277.59270971999996,12.806387782623327,2025-12-23 03:00:00
2025-12-20 23:00:00,optimistic,677.43238725,570.8050516870408,2271.145538,1317.26441204,37.46143369779914,200.0,2433.684104302201,99,52.0,127.55393843246291,0.4,317.9603753200001,10.453885200156591,363.38328608000006,15.038554438255753,272.53746456,11.968994059386791,2025-12-23 03:00:00
2025-12-21 00:00:00,optimistic,714.99383075,592.5471293713829,2311.7398700000003,1340.8091246000001,68.95035940969066,101.45067369402585,2344.2401842843356,99,51.0,153.5560291579403,0.6,323.6435818000001,17.830074416059592,369.87837920000004,29.279650122586276,277.4087844,21.840634871044802,2025-12-23 03:00:00
2025-12-21 01:00:00,optimistic,672.744204,670.1287550518882,2338.690154,1356.44028932,51.223383832131816,0.0,2287.466770167868,99,50.0,126.46863256578494,0.6,327.41662156,12.377781327275638,374.19042464,20.510427981731553,280.64281847999996,18.33517452312462,2025-12-23 03:00:00
2025-12-21 02:00:00,optimistic,646.14673575,607.8771420838369,2347.258344,1361.4098395199999,39.129238853323464,30.20785574333523,2338.3369608900116,99,49.0,109.5124207186997,0.6,328.61616816000003,8.52666896792092,375.56133503999996,14.603566501141678,281.67100128,15.999003384260865,2025-12-23 03:00:00
2025-12-21 03:00:00,optimistic,638.0031407500001,625.0074017165905,2316.554998,1343.6018988399999,37.15420045343611,0.0,2279.400797546564,99,48.0,104.84517536097012,0.6,324.31769972000006,8.120827790287628,370.64879968,13.901381012900625,277.98659976,15.13199165024786,2025-12-23 03:00:00
2025-12-21 04:00:00,optimistic,639.7401835,616.2148106506679,2260.632344,1311.16675952,38.56188478609169,0.0,2222.0704592139086,99,47.0,106.87995837892412,0.6,316.48852816000004,9.249889165009353,361.70117504,14.265226487738992,271.27588128,15.046769133343345,2025-12-23 03:00:00
2025-12-21 05:00:00,optimistic,610.0981899999999,589.6803558223708,2215.1501180000005,1284.7870684400002,23.58845013667223,75.68746402753573,2267.249131890864,99,46.0,87.22269434246114,0.6,310.12101652000007,0.8539851883072964,354.42401888000006,10.655810167106829,265.8180141600001,12.078654781258106,2025-12-23 03:00:00
2025-12-21 06:00:00,optimistic,611.984659,605.3938292017048,2227.517045,1291.9598861,11.885512585103497,0.8539851883072964,2216.485517603204,99,45.0,89.2394192424998,0.3,311.85238630000003,0.0,356.4027272,5.67428207952113,267.3020454,6.211230505582367,2025-12-23 03:00:00
2025-12-21 07:00:00,optimistic,663.0316365,679.4767813610157,2309.589622,1339.5619807599999,18.759897848103645,0.0,2290.8297241518962,99,44.0,125.85652245093083,0.3,323.34254708000003,0.0,369.53433952,9.748813857768676,277.15075464,9.011083990334969,2025-12-23 03:00:00
2025-12-21 08:00:00,optimistic,720.279723,702.1031778998155,2478.314879,1437.4226298199999,28.55782763072746,0.0,2449.7570513692726,99,43.0,167.45223739585788,0.3,346.96408306000006,0.5512493566392258,396.53038064000003,15.295868774220901,297.39778548,12.710709499867335,2025-12-23 03:00:00
2025-12-21 09:00:00,optimistic,758.45754425,714.8512410723114,2574.160003,1493.01280174,65.28730157887365,0.5512493566392258,2509.4239507777656,74,17.0,201.20062339007885,0.5,360.38240042,6.573314413156255,411.86560048,32.59365757290884,308.89920036,26.12032959280856,2025-12-22 02:00:00
2025-12-21 10:00:00,optimistic,766.4143775,756.7408367990909,2661.5813420000004,1543.7171783600002,66.23770197686834,0.0,2595.343640023132,74,16.0,209.81753062296406,0.5,372.6213878800001,9.096638022984576,425.8530147200001,35.98064123738496,319.38976104000005,21.1604227164988,2025-12-22 02:00:00
2025-12-21 11:00:00,optimistic,756.83255625,716.2367023698449,2688.746705,1559.4730889,67.28314471199539,15.669952436140832,2637.1335127241455,99,40.0,198.06251014050181,0.5,376.4245387,8.191278887130434,430.1994728,32.20183177184148,322.6496046,26.890034053023474,2025-12-23 03:00:00
2025-12-21 12:00:00,optimistic,735.782441,713.301991756797,2689.302066,1559.79519828,58.726719543103556,0.0,2630.5753464568966,99,39.0,184.24506962706417,0.5,376.50228924000004,6.550875768609006,430.28833056,30.206512008592426,322.71624792,21.969331765902126,2025-12-23 03:00:00
2025-12-21 13:00:00,optimistic,708.7740695,714.4722716423008,2717.414285,1576.1002852999998,53.37773153178017,0.0,2664.0365534682196,98,37.0,161.78421809091924,0.5,380.4379999,3.529196943780244,434.7862856,27.365264591136178,326.08971419999995,22.483269996863747,2025-12-23 02:00:00
2025-12-21 14:00:00,optimistic,738.8456462500001,718.4799330583174,2682.1104339999997,1555.6240517199997,66.75094810196958,0.0,2615.35948589803,98,36.0,185.6301960290861,0.5,375.49546076,8.792926724958248,429.13766943999997,32.701530990020586,321.85325207999995,25.25649038699075,2025-12-23 02:00:00
2025-12-21 15:00:00,optimistic,753.61993675,732.2286324350763,2789.314698,1617.80252484,78.64348989222948,0.0,2710.671208107771,98,35.0,198.28736218721048,0.5,390.50405772000005,13.084319333257813,446.29035168,37.63409655489598,334.71776376,27.92507400407568,2025-12-23 02:00:00
2025-12-21 16:00:00,optimistic,728.55406425,684.5894007490825,2816.701361,1633.68678938,20.340067570645488,40.14859765773575,2836.5098910870897,98,34.0,180.78348146265543,0.15,394.33819054,2.10542894438911,450.67221775999997,10.47181611683383,338.00416332,7.762822509422547,2025-12-23 02:00:00
2025-12-21 17:00:00,optimistic,725.21069875,809.2936521734115,3001.341555,1740.7781019,21.968404598217802,0.0,2979.3731504017824,98,33.0,179.66793360612257,0.15,420.18781770000004,2.4019472452335413,480.2146488,11.342583730229865,360.1609866,8.223873622754395,2025-12-23 02:00:00
2025-12-21 18:00:00,optimistic,678.347606,811.5558711291543,2931.663684,1700.3649367199998,18.621240560703292,0.0,2913.0424434392967,98,32.0,144.8323549260444,0.15,410.43291576000007,3.4118696730638423,469.06618944,8.661539375762356,351.79964208,6.547831511877095,2025-12-23 02:00:00
2025-12-21 19:00:00,optimistic,635.05199825,784.7149320228514,2855.2801,1656.0624579999999,13.228308923648406,0.0,2842.0517910763515,98,31.0,112.2095027766176,0.15,399.739214,2.188965357526195,456.844816,6.057082392696403,342.63361199999997,4.982261173425808,2025-12-23 02:00:00
2025-12-21 20:00:00,optimistic,610.0608414999999,721.6799677532525,2664.939101,1545.6646785799999,8.607344738715089,0.0,2656.3317562612847,98,30.0,93.45203891747988,0.15,373.09147414,1.3617587499251764,426.39025616,3.357742467990903,319.79269211999997,3.887843520799009,2025-12-23 02:00:00
2025-12-21 21:00:00,optimistic,581.46482925,693.3915996508395,2521.725336,1462.60069488,12.003094220409999,0.0,2509.72224177959,98,29.0,71.52755662894587,0.4,353.04154704,1.1280945998394964,403.47605376,3.338659429817851,302.60704032,7.53634019075265,2025-12-23 02:00:00
2025-12-21 22:00:00,optimistic,569.21205025,661.9827315418479,2498.109187,1448.90332846,7.983131705900979,4.507376189622651,2494.633431483722,98,28.0,62.30824038691816,0.4,349.73528618000006,0.0,399.69746992,1.471501072788529,299.77310244,6.51163063311245,2025-12-23 02:00:00
2025-12-21 23:00:00,optimistic,529.74542675,657.2920610150979,2470.962544,1433.15827552,3.214977646099603,0.0,2467.7475663539003,98,27.0,31.00905370162727,0.4,345.93475616,0.0,395.35400704,0.0,296.51550528,3.214977646099603,2025-12-23 02:00:00
2025-12-22 00:00:00,optimistic,524.641554,574.4908790281564,2615.876197,1517.20819426,4.464831671851589,5.600835030590037,2617.0122003587385,98,26.0,27.11271971033308,0.6,366.22266758000006,0.0,418.54019152,0.0,313.90514364,4.464831671851589,2025-12-23 02:00:00
2025-12-22 01:00:00,optimistic,514.16403775,569.7277802005015,2620.5707479999996,1519.9310338399996,3.0948059338156426,2.489853349764673,2619.965795415949,98,25.0,18.752226623550577,0.6,366.87990471999996,0.0,419.29131967999996,0.0,314.46848975999995,3.0948059338156426,2025-12-23 02:00:00
2025-12-22 02:00:00,optimistic,506.39463175000003,527.9456330519878,2674.4810669999997,1551.1990188599998,4.242987486677513,200.0,2870.238079513322,98,24.0,12.490701975285958,0.6,374.42734938,0.0,427.91697071999994,2.1387354214015257,320.93772803999997,2.104252065275987,2025-12-23 02:00:00
2025-12-22 03:00:00,optimistic,495.07666574999996,485.80697265781004,2682.2609850000003,1555.7113713,1.0967650559415076,200.0,2881.164219944059,98,23.0,3.1752072196668544,0.6,375.51653790000006,0.0,429.16175760000004,0.5602163080698697,321.8713182,0.536548747871638,2025-12-23 02:00:00
2025-12-22 04:00:00,optimistic,489.1935645,539.3617318116845,2745.493765,1592.3863837,0.0,200.0,2945.493765,-1,0.0,0.0,0.6,384.36912710000007,0.0,439.2790024,0.0,329.4592518,0.0,
2025-12-22 05:00:00,optimistic,510.95167775,559.9885614749469,2538.6100239999996,1472.3938139199997,5.595110279727999,4.810160502606379,2537.825074222878,98,21.0,16.646421407877018,0.6,355.40540336,0.0,406.17760383999996,2.9335604748477424,304.63320287999994,2.661549804880257,2025-12-23 02:00:00
2025-12-22 06:00:00,optimistic,540.1430675,697.4708934523667,2464.900996,1429.6425776799997,6.887216803820268,0.0,2458.0137791961797,98,20.0,41.65538835471971,0.3,345.08613944,0.0,394.38415936,3.6586267877532754,295.78811951999995,3.2285900160669923,2025-12-23 02:00:00
2025-12-22 07:00:00,optimistic,618.715103,851.0215065217961,2711.831568,1572.86230944,20.04810674078027,0.0,2691.7834612592196,98,19.0,109.48242568417403,0.3,379.65641952000004,0.0,433.89305088000003,10.808602902865795,325.41978816,9.239503837914476,2025-12-23 02:00:00
2025-12-22 08:00:00,optimistic,632.4983432500001,911.6999927124962,2892.469316,1677.6322032799999,24.179244142243277,0.0,2868.290071857757,98,18.0,122.29653674951612,0.3,404.94570424000005,0.0,462.79509056000006,13.203534305367244,347.09631792,10.975709836876035,2025-12-23 02:00:00
2025-12-22 09:00:00,optimistic,675.30490575,854.9830048449282,2982.545728,1729.87652224,29.03135791665887,0.0,2953.514370083341,100,19.0,150.07046918566243,0.5,417.55640192000004,0.0,477.20731648000003,6.058516688968183,357.90548736,22.972841227690687,2025-12-23 04:00:00
2025-12-22 10:00:00,optimistic,664.24837675,858.733358184103,2983.742691,1730.5707607799998,47.97980645731701,0.0,2935.762884542683,100,18.0,141.70213502866685,0.5,417.72397674,0.0,477.39883056,26.226737331726977,358.04912292,21.753069125590034,2025-12-23 04:00:00
2025-12-22 11:00:00,optimistic,634.3473245,833.7501993109064,3005.055731,1742.9323239799999,40.59416678633467,0.0,2964.461564213665,100,17.0,116.74138553328244,0.5,420.70780234000006,0.0,480.80891696,22.42844220904663,360.60668771999997,18.16572457728804,2025-12-23 04:00:00
2025-12-22 12:00:00,optimistic,644.86217375,832.2535941136323,2981.016335,1728.9894742999998,44.34788672569651,0.0,2936.6684482743035,100,16.0,126.93058796758213,0.5,417.34228690000003,0.0,476.9626136,24.80322271989761,357.72196019999996,19.544664005798897,2025-12-23 04:00:00
2025-12-22 13:00:00,optimistic,661.07339225,745.1625987033019,3009.544183,1745.53562614,44.10529880296113,0.0,2965.438884197039,100,15.0,142.32816629498268,0.5,421.33618562000004,0.0,481.52706928,28.75192015094396,361.14530196,15.35337865201717,2025-12-23 04:00:00
2025-12-22 14:00:00,optimistic,687.23916125,740.8309997216986,3008.732987,1745.0651324599999,53.58430553863176,0.0,2955.148681461368,101,15.0,143.5063304240857,0.5,421.22261818000004,0.0,481.39727791999996,31.381093108420284,361.04795843999995,22.203212430211476,2025-12-23 05:00:00
2025-12-22 15:00:00,optimistic,709.707,752.5556862500869,3056.241657,1772.6201610599999,63.348585833366116,0.0,2992.893071166634,101,14.0,164.7462277533379,0.5,427.87383198000003,0.0,488.99866512,37.6234524632916,366.74899884,25.72513337007452,2025-12-23 05:00:00
2025-12-22 16:00:00,optimistic,747.1160405,787.4664683929508,3057.073124,1773.10241192,25.926727886370745,0.0,3031.146396113629,101,13.0,199.78345719201369,0.15,427.99023736000004,2.671851286808815,489.13169984,14.009202630755999,366.84877488,9.245673968805932,2025-12-23 05:00:00
2025-12-22 17:00:00,optimistic,795.712288,836.1490883101154,3148.730783,1826.26385414,36.61501945965209,0.0,3112.115763540348,101,12.0,245.53607717223804,0.15,440.82230962000006,7.158904980792178,503.79692528,17.97727216350022,377.84769395999996,11.47884231535969,2025-12-23 05:00:00
2025-12-22 18:00:00,optimistic,753.78353625,891.110457370579,3101.5345580000003,1798.89004364,32.20164209660462,0.0,3069.3329159033956,101,11.0,209.11153347597468,0.15,434.2148381200001,6.817976044048896,496.2455292800001,15.601552156363956,372.18414696,9.782113896191772,2025-12-23 05:00:00
2025-12-22 19:00:00,optimistic,700.6675665,827.0151632421251,2969.7715329999996,1722.4674891399998,24.784655368043694,0.0,2944.986877631956,101,10.0,161.75891526238038,0.15,415.76801462,5.499820729805611,475.16344527999996,11.914563140006011,356.37258395999993,7.370271498232073,2025-12-23 05:00:00
2025-12-22 20:00:00,optimistic,634.68349025,745.3838063318905,2782.297354,1613.7324653199998,15.02912400795833,0.0,2767.2682299920416,124,32.0,102.11507819861356,0.15,389.52162956,3.518544258872559,445.16757664,7.082808571170259,333.87568247999997,4.4277711779155124,2025-12-24 04:00:00
2025-12-22 21:00:00,optimistic,584.3503392499999,720.833966539933,2917.848486,1692.35212188,23.993934300939294,0.0,2893.8545516990607,205,112.0,64.65521895332743,0.4,408.49878804,5.534065131259165,466.85575775999996,10.570035865115019,350.14181831999997,7.88983330456511,2025-12-27 13:00:00
2025-12-22 22:00:00,optimistic,558.61409825,669.2375572143776,2689.680722,1560.01481876,14.624283779622612,2.671851286808815,2677.728289507186,205,111.0,54.58464115697604,0.4,376.55530108000005,2.7830011971331077,430.34891552,5.693728550001878,322.76168664,6.147554032487625,2025-12-27 13:00:00
2025-12-22 23:00:00,optimistic,521.20508725,590.8334666757919,2570.880656,1491.11078048,4.259003979322663,7.158904980792178,2573.7805570014693,205,110.0,39.50645115626067,0.4,359.92329184,0.0,411.34090496,0.0,308.50567872,4.259003979322663,2025-12-27 13:00:00
2025-12-23 00:00:00,optimistic,519.44035525,555.8647532624238,2693.239995,1562.0791970999999,6.621544114647103,6.817976044048896,2693.436426929402,205,109.0,39.085910341232974,0.6,377.05359930000003,0.0,430.9183992,0.0,323.1887994,6.621544114647103,2025-12-27 13:00:00
2025-12-23 01:00:00,optimistic,485.80576875,534.5293883447027,2798.5822740000003,1623.1777189200002,4.444337076229496,152.92537555057876,2947.0633124743495,205,108.0,25.223787869127037,0.6,391.8015183600001,0.0,447.77316384000005,0.0,335.82987288000004,4.444337076229496,2025-12-27 13:00:00
2025-12-23 02:00:00,optimistic,463.189751,491.2600164303508,2889.365071,1675.8317411799999,2.8785768739475315,200.0,3086.4864941260525,205,107.0,15.817788696434983,0.6,404.51110994000004,0.0,462.29841136000005,0.0,346.72380852000003,2.8785768739475315,2025-12-27 13:00:00
2025-12-23 03:00:00,optimistic,441.19001575,484.07517446144294,2890.1941039999997,1676.3125803199996,1.187670486287164,200.0,3089.0064335137126,205,106.0,6.522998333700667,0.6,404.62717456,0.0,462.43105663999995,0.0,346.82329247999996,1.187670486287164,2025-12-27 13:00:00
2025-12-23 04:00:00,optimistic,434.1119995,500.5988328613412,2803.607838,1626.09254604,0.6216738498815619,200.0,3002.9861641501184,205,105.0,3.519737513934169,0.6,392.50509732,0.0,448.57725408,0.0,336.43294055999996,0.6216738498815619,2025-12-27 13:00:00
2025-12-23 05:00:00,optimistic,437.45490675,525.4362255151339,2635.3495639999996,1528.5027471199996,0.8305734943372799,102.06901189399235,2736.5880023996547,205,104.0,5.002768235961118,0.6,368.94893895999996,0.0,421.65593024,0.0,316.24194767999995,0.8305734943372799,2025-12-27 13:00:00
2025-12-23 06:00:00,optimistic,506.83438524999997,607.3968639943186,2649.318509,1536.60473522,3.261622113105989,0.0,2646.056886886894,205,103.0,35.47788585842398,0.3,370.9045912600001,0.0,423.89096144,0.3046656196000431,317.91822108,2.956956493505946,2025-12-27 13:00:00
2025-12-23 07:00:00,optimistic,578.10010825,791.0437101338085,2903.968935,1684.3019822999997,12.53229897489263,0.0,2891.4366360251074,205,102.0,67.27632971934707,0.3,406.55565090000005,0.0,464.6350296,6.406472906994597,348.4762722,6.125826067898034,2025-12-27 13:00:00
2025-12-23 08:00:00,optimistic,620.6802407499999,795.967583871165,2838.78196,1646.4935367999997,19.175998071478954,0.0,2819.6059619285206,124,20.0,100.47131581080858,0.3,397.4294744,0.0,454.2051136,10.283139770164956,340.65383519999995,8.892858301313998,2025-12-24 04:00:00
2025-12-23 09:00:00,optimistic,638.44064325,785.7683260475537,2959.124487,1716.29220246,39.24988757446914,0.0,2919.874599425531,124,19.0,116.53428761887325,0.5,414.2774281800001,0.0,473.45991792,21.39268926372218,355.09493843999996,17.857198310746966,2025-12-24 04:00:00
2025-12-23 10:00:00,optimistic,626.28289075,780.2275041772127,3057.4482419999995,1773.3199803599996,37.728826887894826,0.0,3019.719415112105,124,18.0,106.94305204752145,0.5,428.04275387999996,0.0,489.1917187199999,20.760399208641896,366.89378903999994,16.968427679252933,2025-12-24 04:00:00
2025-12-23 11:00:00,optimistic,611.56660025,805.6614354192294,3063.176513,1776.6423775399999,33.99277450772209,0.0,3029.183738492278,124,17.0,94.95702204516637,0.5,428.84471182000004,0.0,490.10824207999997,18.861119631353738,367.58118155999995,15.131654876368355,2025-12-24 04:00:00
2025-12-23 12:00:00,optimistic,601.2390525,752.531524532752,3064.391483,1777.3470601399997,31.41857537571598,0.0,3032.972907624284,124,16.0,86.63299717934915,0.5,429.01480762,0.0,490.30263728,17.5868227176149,367.72697796,13.831752658101081,2025-12-24 04:00:00
2025-12-23 13:00:00,optimistic,591.7332155,708.6258751115477,2998.237977,1738.9780266599998,28.367262477998445,0.0,2969.8707145220014,124,15.0,78.89791971678311,0.5,419.75331678000003,0.0,479.71807631999997,16.026459640588914,359.78855723999993,12.340802837409532,2025-12-24 04:00:00
2025-12-23 14:00:00,optimistic,591.751878,686.7030677815403,2968.263818,1721.59301444,28.746729380831745,0.0,2939.517088619168,124,14.0,79.54831965501322,0.5,415.55693452,0.0,474.92221087999997,16.42986987321954,356.19165816,12.316859507612204,2025-12-24 04:00:00
2025-12-23 15:00:00,optimistic,611.26779975,729.1501453911108,2978.29703,1727.4122774,36.13717885765455,0.0,2942.159851142346,124,13.0,97.77550094379623,0.5,416.96158420000006,0.0,476.52752480000004,20.996417799313654,357.3956436,15.140761058340896,2025-12-24 04:00:00
2025-12-23 16:00:00,optimistic,625.1623475,772.3842696237035,3037.319358,1761.64522764,12.787803247578292,0.0,3024.531554752422,124,12.0,111.18353877802339,0.15,425.22471012000005,0.0,485.97109728000004,7.535147819715733,364.47832296,5.252655427862559,2025-12-24 04:00:00
2025-12-23 17:00:00,optimistic,616.048709,849.7785140798892,3082.7781099999997,1788.0113037999997,12.840632239167055,0.0,3069.9374777608327,124,11.0,103.73066088525674,0.15,431.5889354,0.553053653285477,493.2444976,7.305668016996868,369.93337319999995,4.981910568884711,2025-12-24 04:00:00
2025-12-23 18:00:00,optimistic,627.08593875,878.5758132260248,3019.1373160000003,1751.09964328,14.568151411837771,0.0,3004.5691645881625,124,10.0,114.75248162395174,0.15,422.67922424000005,1.032893096921641,483.0619705600001,8.150802229248274,362.29647792000003,5.384456085667857,2025-12-24 04:00:00
2025-12-23 19:00:00,optimistic,616.03005975,768.0707492917766,2956.492839,1714.7658466199998,15.354987264179453,0.0,2941.1378517358207,124,9.0,105.38634637833259,0.15,413.90899746,2.9996869146537177,473.03885424000003,7.502900715705763,354.77914068,4.8523996338199735,2025-12-24 04:00:00
2025-12-23 20:00:00,optimistic,582.71294175,657.1046229396786,2690.915739,1560.73112862,10.415582616214069,0.0,2680.500156383786,205,89.0,76.9131876728419,0.15,376.72820346000003,2.227856233035066,430.54651824,4.947541095161156,322.90988868,3.2401852880178468,2025-12-27 13:00:00
2025-12-23 21:00:00,optimistic,522.39108775,667.6228154321107,2684.272823,1556.8782373399997,9.945600859950245,0.0,2674.3272221400493,205,88.0,47.69559524319135,0.4,375.79819522,1.219250506474405,429.48365168,3.3616272848170086,322.11273875999996,5.364723068658831,2025-12-27 13:00:00
2025-12-23 22:00:00,optimistic,536.62182625,633.6466653668607,2602.231912,1509.29450896,14.573711449465593,0.0,2587.6582005505347,205,87.0,55.17378965562448,0.4,364.31246768000005,2.743248731809514,416.35710592000004,5.818982355970757,312.26782944,6.011480361685322,2025-12-27 13:00:00
2025-12-23 23:00:00,optimistic,478.78378425,600.0921230563299,2597.5175520000003,1506.56018016,2.8942671774907414,1.585946750207118,2596.209231572717,205,86.0,26.54869408834306,0.4,363.6524572800001,0.0,415.60280832000007,0.0,311.70210624000003,2.8942671774907414,2025-12-27 13:00:00
2025-12-24 00:00:00,optimistic,450.0608765,622.0893484757288,2834.951649,1644.27195642,2.180473427310129,0.0,2832.77117557269,205,85.0,12.210422332988152,0.6,396.8932308600001,0.0,453.59226384000004,0.0,340.19419788,2.180473427310129,2025-12-27 13:00:00
2025-12-24 01:00:00,optimistic,417.30404899999996,525.5610136787813,2946.543197,1708.99505426,4.890846554957262,2.9996869146537177,2944.652037359697,241,120.0,26.365663886883034,0.6,412.51604758,0.0,471.44691152,0.0,353.58518363999997,4.890846554957262,2025-12-29 01:00:00
2025-12-24 02:00:00,optimistic,429.125637,508.9543526734501,2905.709489,1685.3115036199997,9.112213952707158,146.56546264379688,3043.1627376910897,242,120.0,49.90376356944763,0.6,406.79932846,0.0,464.91351824,0.0,348.68513867999997,9.112213952707158,2025-12-29 02:00:00
2025-12-24 03:00:00,optimistic,422.88802775,518.9425792153032,2886.3410010000002,1674.07778058,9.08972342449926,0.0,2877.251277575501,243,120.0,50.115720542733314,0.6,404.08774014000005,0.0,461.81456016000004,0.0,346.36092012,9.08972342449926,2025-12-29 03:00:00
2025-12-24 04:00:00,optimistic,417.19199275,502.7760594231647,2752.717294,1596.57603052,8.369491991604153,190.67512689964855,2935.0229289080444,244,120.0,48.37631074124691,0.6,385.38042116,0.0,440.43476704,0.0,330.32607528,8.369491991604153,2025-12-29 04:00:00
2025-12-24 05:00:00,optimistic,417.21067174999996,543.7575156847494,2675.528764,1551.80668312,8.201035289120671,0.0,2667.3277287108795,244,119.0,48.77208290764608,0.6,374.5740269600001,0.0,428.08460224000004,0.0,321.06345168,8.201035289120671,2025-12-29 04:00:00
2025-12-24 06:00:00,optimistic,427.40748775,602.1359769384649,2650.0597449999996,1537.0346520999997,4.422480187884628,0.0,2645.637264812115,244,118.0,53.13108379160113,0.3,371.0083643,0.0,424.00955919999996,0.0,318.00716939999995,4.422480187884628,2025-12-29 04:00:00
2025-12-24 07:00:00,optimistic,503.8276445,856.0153639627745,2680.968597,1554.9617862599998,7.022049954444243,0.0,2673.9465470455557,243,116.0,83.74431882098246,0.3,375.33560358000005,0.0,428.95497552,0.0,321.71623164,7.022049954444243,2025-12-29 03:00:00
2025-12-24 08:00:00,optimistic,605.0862,910.4671766174197,2787.7790069999996,1616.9118240599996,18.274478692207758,0.0,2769.504528307792,243,115.0,124.77042278971275,0.3,390.28906098,0.0,446.04464111999994,7.488625454889423,334.5334808399999,10.785853237318337,2025-12-29 03:00:00
2025-12-24 09:00:00,optimistic,616.0673885,927.0867428223626,2749.441925,1594.6763165,32.785265780119616,0.0,2716.6566592198806,243,114.0,130.1839523196319,0.5,384.92186950000007,0.0,439.910708,14.312271674356692,329.93303099999997,18.472994105762922,2025-12-29 03:00:00
2025-12-24 10:00:00,optimistic,567.903287,950.4476555681437,2928.101401,1698.2988125799998,25.136471166978616,0.0,2902.9649298330214,243,113.0,111.72571039898281,0.5,409.93419614000004,0.0,468.49622416,8.1769611858792,351.37216811999997,16.959509981099416,2025-12-29 03:00:00
2025-12-24 11:00:00,optimistic,517.59148425,853.6584310750787,3067.307652,1779.03843816,14.900671251072165,0.0,3052.4069807489277,243,112.0,92.08586346240156,0.5,429.42307128000004,0.0,490.76922432,0.1987949280025498,368.07691824,14.701876323069616,2025-12-29 03:00:00
2025-12-24 12:00:00,optimistic,511.970155,851.9411867602122,3080.5869199999997,1786.7404135999998,14.517443113498567,0.0,3066.069476886501,243,111.0,90.51245231450778,0.5,431.2821688,0.0,492.89390719999994,0.0,369.67043039999993,14.517443113498567,2025-12-29 03:00:00
2025-12-24 13:00:00,optimistic,508.04831875,761.0419635913024,2973.1749870000003,1724.44149246,13.874253044966474,0.0,2959.300733955034,243,110.0,89.61274541178604,0.5,416.2444981800001,0.0,475.7079979200001,0.0,356.78099844,13.874253044966474,2025-12-29 03:00:00
2025-12-24 14:00:00,optimistic,550.98327475,744.9601519375852,3037.301767,1761.63502486,23.614882158480924,0.0,3013.686884841519,243,109.0,108.28424959698032,0.5,425.22224738000006,0.0,485.96828272,6.551808778223814,364.47621203999995,17.06307338025711,2025-12-29 03:00:00
2025-12-24 15:00:00,optimistic,620.41878375,829.2671489999378,2934.849022,1702.2124327599997,40.53989071212762,0.0,2894.3091312878723,243,108.0,138.41917737213794,0.5,410.87886308000003,0.0,469.57584352,19.619905823660925,352.18188263999997,20.919984888466697,2025-12-29 03:00:00
2025-12-24 16:00:00,optimistic,656.630578,894.8580818569725,3049.381091,1768.64103278,15.750152261827136,0.0,3033.630938738173,243,107.0,154.91584688383105,0.15,426.91335274000005,0.0,487.90097456000007,8.486966588255338,365.92573092000003,7.263185673571797,2025-12-29 03:00:00
2025-12-24 17:00:00,optimistic,667.6864835,968.9823079146013,3158.214166,1831.76421628,18.873057764678205,0.0,3139.341108235322,243,106.0,160.89506368429878,0.15,442.1499832400001,1.2844718978463652,505.31426656,9.790363024331452,378.98569992,7.798222842500388,2025-12-29 03:00:00
2025-12-24 18:00:00,optimistic,589.4548175,994.9145958958129,2881.992603,1671.5557097399999,10.848111125851322,0.0,2871.144491874149,243,105.0,128.41395311543764,0.15,403.47896442000007,0.5958087077421236,461.11881648,4.519594694915672,345.83911236,5.732707723193527,2025-12-29 03:00:00
2025-12-24 19:00:00,optimistic,536.1549367499999,897.0047793783046,2684.646473,1557.0949543399997,5.6231571590012965,0.0,2679.0233158409983,243,104.0,106.25044630288929,0.15,375.85050622,0.0,429.54343567999996,1.181618454379775,322.15757676,4.441538704621522,2025-12-29 03:00:00
2025-12-24 20:00:00,optimistic,509.15015825,867.5431751332079,2593.207015,1504.0600686999999,3.8549635928444403,0.0,2589.3520514071556,243,103.0,95.2575797119014,0.15,363.04898210000005,0.0,414.9131224,0.0,311.18484179999996,3.8549635928444403,2025-12-29 03:00:00
2025-12-24 21:00:00,optimistic,507.880217,859.260993239598,2628.88648,1524.7541584,10.443202715502231,0.0,2618.443277284498,243,102.0,95.46113264136049,0.4,368.04410720000004,0.0,420.62183680000004,0.0,315.4663776,10.443202715502231,2025-12-29 03:00:00
2025-12-24 22:00:00,optimistic,515.4998115,701.3961207739467,2544.013918,1475.52807244,10.53816183608855,0.0,2533.4757561639117,243,101.0,99.62430875569089,0.4,356.16194852000007,0.0,407.04222688000004,0.0,305.28167016,10.53816183608855,2025-12-29 03:00:00
2025-12-24 23:00:00,optimistic,486.77690199999995,631.5003089521261,2576.024124,1494.09399192,6.521255458294917,1.2844718978463652,2570.7873404395514,243,100.0,87.51846454985304,0.4,360.64337736000004,0.0,412.16385984,0.0,309.12289488,6.521255458294917,2025-12-29 03:00:00
2025-12-25 00:00:00,optimistic,472.26603825,571.0665667452539,2711.91407,1572.9101605999997,13.83342990741259,0.5958087077421236,2698.676448800329,244,100.0,81.51649036759085,0.6,379.66796980000004,0.0,433.9062512,0.0,325.4296884,13.83342990741259,2025-12-29 04:00:00
2025-12-25 01:00:00,optimistic,436.57716525,557.4340141650015,2732.5698780000002,1584.89052924,11.312855220502062,0.0,2721.257022779498,244,99.0,66.00639057337668,0.6,382.5597829200001,0.0,437.21118048000005,0.0,327.90838536,11.312855220502062,2025-12-29 04:00:00
2025-12-25 02:00:00,optimistic,424.7368965,540.9509474502258,2745.060829,1592.13528082,10.531704765964603,0.0,2734.5291242340354,244,98.0,61.13057641393712,0.6,384.30851606000004,0.0,439.20973264,0.0,329.40729948,10.531704765964603,2025-12-29 04:00:00
2025-12-25 03:00:00,optimistic,417.1733155,536.6479445717272,2714.664195,1574.5052330999997,9.909240305293904,0.0,2704.754954694706,244,97.0,58.14049489468747,0.6,380.05298730000004,0.0,434.3462712,0.0,325.7597034,9.909240305293904,2025-12-29 04:00:00
2025-12-25 04:00:00,optimistic,407.35000425,516.4394821505063,2707.2682409999998,1570.2155797799996,9.1912696636023,80.32691060689484,2778.403881943292,244,96.0,54.05005709242756,0.6,379.01755374,0.0,433.16291856,0.0,324.87218892,9.1912696636023,2025-12-29 04:00:00
2025-12-25 05:00:00,optimistic,392.96986749999996,530.206032772543,2707.213219,1570.18366702,8.126609989459071,0.0,2699.086609010541,244,95.0,47.759084598718395,0.6,379.00985066000004,0.0,433.15411504,0.0,324.86558628,8.126609989459071,2025-12-29 04:00:00
2025-12-25 06:00:00,optimistic,367.27239050000003,600.2838818153197,2645.347167,1534.30135686,2.9982112275396315,0.0,2642.34895577246,244,94.0,36.02831402135841,0.3,370.34860338000004,0.0,423.25554672,0.0,317.44166004,2.9982112275396315,2025-12-29 04:00:00
2025-12-25 07:00:00,optimistic,403.5962325,932.5878826251748,2617.773867,1518.30884286,4.405225801496776,0.0,2613.368641198503,244,93.0,53.57912302181534,0.3,366.48834138,0.0,418.84381872,0.0,314.13286403999996,4.405225801496776,2025-12-29 04:00:00
2025-12-25 08:00:00,optimistic,479.624191,986.9820482648139,2691.687863,1561.17896054,7.6039273421911515,0.0,2684.083935657809,244,92.0,90.4288586553379,0.3,376.8363008200001,0.0,430.67005808000005,0.0,323.00254356,7.6039273421911515,2025-12-29 04:00:00
2025-12-25 09:00:00,optimistic,483.37796275,962.3142424411624,2751.4400729999998,1595.8352423399997,13.312007178149452,0.0,2738.12806582185,244,91.0,92.9677889062551,0.5,385.20161022,0.0,440.23041168,0.0,330.17280875999995,13.312007178149452,2025-12-29 04:00:00
2025-12-25 10:00:00,optimistic,401.6352995,1016.3355217184494,2923.306108,1695.51754264,8.251747674748982,0.0,2915.0543603252513,244,90.0,53.9260883907796,0.5,409.2628551200001,0.0,467.72897728000004,0.0,350.79673296,8.251747674748982,2025-12-29 04:00:00
2025-12-25 11:00:00,optimistic,375.07874400000003,913.0009732760069,3038.1039929999997,1762.1003159399997,6.580514320608852,0.0,3031.523478679391,244,89.0,41.32893758499951,0.5,425.33455902000003,0.0,486.09663887999994,0.0,364.57247915999994,6.580514320608852,2025-12-29 04:00:00
2025-12-25 12:00:00,optimistic,362.211315,922.8023302534368,3039.475736,1762.8959268799997,5.625217806483003,0.0,3033.850518193517,244,88.0,35.296627060939926,0.5,425.52660304,0.0,486.31611776,0.0,364.73708832,5.625217806483003,2025-12-29 04:00:00
2025-12-25 13:00:00,optimistic,357.56112875,871.3407148850604,3004.030307,1742.33757806,5.239833344598384,0.0,2998.7904736554015,244,87.0,33.261663080886905,0.5,420.56424298,0.0,480.64484912,0.0,360.48363684,5.239833344598384,2025-12-29 04:00:00
2025-12-25 14:00:00,optimistic,512.063538,884.0575668038695,2755.333043,1598.09316494,15.882643511673788,0.0,2739.450399488326,244,86.0,111.17867921060272,0.5,385.74662602000006,0.0,440.85328688000004,0.0,330.63996516,15.882643511673788,2025-12-29 04:00:00
2025-12-25 15:00:00,optimistic,667.947937,933.3527573193486,2729.170201,1582.91871658,46.49478208469753,0.0,2682.6754189153025,244,85.0,191.045361246372,0.5,382.08382814000004,0.0,436.66723215999997,20.09779446289886,327.50042412,26.39698762179867,2025-12-29 04:00:00
2025-12-25 16:00:00,optimistic,689.01390075,1004.9111795493088,2848.965456,1652.3999644799999,16.483827451975877,0.0,2832.481628548024,244,84.0,203.33795054951563,0.15,398.85516384000005,0.0,455.83447295999997,7.726357966193897,341.87585471999995,8.757469485781982,2025-12-29 04:00:00
2025-12-25 17:00:00,optimistic,702.23616025,1046.7995245518969,2933.54962,1701.4587795999998,20.218275970727383,0.0,2913.3313440292723,244,83.0,211.77783965101057,0.15,410.69694680000003,1.8246228008342664,469.36793919999997,9.033470738236945,352.02595439999993,9.36018243165617,2025-12-29 04:00:00
2025-12-25 18:00:00,optimistic,702.60966275,1075.58551032921,2864.0214929999997,1661.1324659399997,12.855449361755618,0.0,2851.166043638244,244,82.0,213.67267636004433,0.15,400.96300902,2.021481711580822,458.24343888,9.146052717745643,343.68257915999993,1.6879149324291518,2025-12-29 04:00:00
2025-12-25 19:00:00,optimistic,685.1293949999999,996.7439505791134,2759.473039,1600.49436262,19.279956351818576,0.0,2740.193082648181,242,79.0,205.34893830482557,0.15,386.32622546000005,2.6687645761042136,441.51568624,8.051701803750289,331.13676468,8.559489971964071,2025-12-29 02:00:00
2025-12-25 20:00:00,optimistic,680.03099075,914.5195229977311,2647.918891,1535.7929567799997,18.74804832986914,0.0,2629.1708426701307,242,78.0,204.2666090493929,0.15,370.70864474,2.890645340451547,423.66702255999996,7.683740469866213,317.75026691999994,8.173662519551378,2025-12-29 02:00:00
2025-12-25 21:00:00,optimistic,692.48753275,811.9003319417008,2560.745919,1485.2326330199999,54.70725312939554,0.0,2506.0386658706043,242,77.0,212.63508078840027,0.4,358.50442866000003,10.328443613297848,409.71934704,22.509805228905076,307.28951028,21.869004287192613,2025-12-29 02:00:00
2025-12-25 22:00:00,optimistic,718.27840725,720.2758592950464,2467.4654,1431.1299319999998,62.284043245807254,0.0,2405.1813567541926,242,76.0,228.3845330460968,0.4,345.44515600000005,13.298997332564998,394.794464,26.501358502122187,296.095848,22.483687411120076,2025-12-29 02:00:00
2025-12-25 23:00:00,optimistic,683.2991885,646.8654556441402,2433.7938059999997,1411.6004074799996,53.63242000501654,3.8461045124150885,2384.007490507398,242,75.0,211.02193487189834,0.4,340.73113284,11.604707894116839,389.40700896,21.387050637193447,292.05525671999993,20.640661473706263,2025-12-29 02:00:00
2025-12-26 00:00:00,optimistic,725.35640925,671.5851096706374,2463.7183280000004,1428.95663024,67.30918878786082,0.0,2396.4091392121395,242,74.0,235.98376574379108,0.6,344.92056592000006,26.228847753476003,394.1949324800001,6.401670879631752,295.64619936,34.67867015475307,2025-12-29 02:00:00
2025-12-26 01:00:00,optimistic,680.1803837499999,598.9145093789763,2502.2470780000003,1451.30330524,84.14033384365707,2.6687645761042136,2420.7755087324476,242,73.0,212.68619849170997,0.6,350.31459092000006,19.80242216884089,400.35953248000004,32.27674570898504,300.26964936,32.061165965831144,2025-12-29 02:00:00
2025-12-26 02:00:00,optimistic,641.073883,582.6512858663986,2516.821408,1459.7564166399998,66.73472809759573,22.69306750929244,2472.779747411697,242,72.0,192.4110882688779,0.6,352.35499712,14.551309611284713,402.69142528,22.777790439272923,302.01856896,29.405628047038093,2025-12-29 02:00:00
2025-12-26 03:00:00,optimistic,620.4187835,557.1927949493496,2507.1867970000003,1454.1683422600001,42.645238599985916,200.0,2664.5415584000143,242,71.0,182.25218102974065,0.6,351.00615158000005,12.141167522455559,401.14988752000005,17.488254861394196,300.86241564000005,13.015816216136159,2025-12-29 02:00:00
2025-12-26 04:00:00,optimistic,615.4884535,561.1105179257809,2465.8284620000004,1430.18050796,35.05631424346916,99.23526814339243,2530.007415899923,245,73.0,159.71997332962823,0.6,345.2159846800001,4.4517095078047735,394.53255392000005,6.419135473504146,295.89941544000004,24.185469262160243,2025-12-29 05:00:00
2025-12-26 05:00:00,optimistic,618.7940245,593.4475939381302,2413.186613,1399.6482355399999,30.542027353621215,10.87084498130892,2393.5154306276877,245,72.0,162.86105957686374,0.6,337.84612582,0.0,386.10985808,6.431454317245526,289.58239355999996,24.110573036375687,2025-12-29 05:00:00
2025-12-26 06:00:00,optimistic,635.11639125,635.113821694536,2380.870643,1380.90497294,22.254851311222478,0.0,2358.615791688778,245,71.0,173.418367050585,0.3,333.32189002000007,0.0,380.93930288,9.634027132451598,285.70447716,12.62082417877088,2025-12-29 05:00:00
2025-12-26 07:00:00,optimistic,695.587671,777.0835246664947,2452.941911,1422.7063083799999,30.04423223411291,0.0,2422.897678765887,205,30.0,212.09742808956494,0.3,343.41186754,0.0,392.47070576,14.369266195757545,294.35302931999996,15.674966038355366,2025-12-27 13:00:00
2025-12-26 08:00:00,optimistic,738.802778,815.6805321081716,2587.321729,1500.6466028199998,37.614345731973756,0.0,2549.707383268026,205,29.0,248.06826433115032,0.3,362.22504206,0.0,413.97147664,18.577742091661595,310.47860747999994,19.036603640312162,2025-12-27 13:00:00
2025-12-26 09:00:00,optimistic,722.5924552500001,844.2094372130412,2745.1187990000003,1592.16890342,64.33620686965394,0.0,2680.7825921303465,205,28.0,237.10361353406785,0.5,384.3166318600001,0.0,439.2190078400001,31.99993395588136,329.41425588000004,32.336272913772575,2025-12-27 13:00:00
2025-12-26 10:00:00,optimistic,666.71535,829.7010934432728,2865.95519,1662.2540102,55.70509781348736,0.0,2810.2500921865126,245,67.0,197.54554217203022,0.5,401.23372660000007,0.0,458.5528304,27.111970576540536,343.9146228,28.593127236946827,2025-12-29 05:00:00
2025-12-26 11:00:00,optimistic,634.9109755,785.1558691514385,2865.8588510000004,1662.19813358,49.86852340103721,0.0,2815.990327598963,245,66.0,180.37455407835753,0.5,401.2202391400001,0.0,458.5374161600001,23.596624278848854,343.90306212,26.271899122188355,2025-12-29 05:00:00
2025-12-26 12:00:00,optimistic,614.89083925,825.5385127808147,2782.2658340000003,1613.71418372,44.98060035153601,0.0,2737.2852336484643,245,65.0,169.9209555457222,0.5,389.51721676000005,0.0,445.16253344000006,20.867008723003394,333.87190008000005,24.113591628532614,2025-12-29 05:00:00
2025-12-26 13:00:00,optimistic,620.7549425,891.0662840661809,2671.844917,1549.6700518599998,46.45980874631552,0.0,2625.3851082536844,245,64.0,174.80010756684956,0.5,374.05828838,0.0,427.49518672,22.677495458085687,320.62139004,23.782313288229833,2025-12-29 05:00:00
2025-12-26 14:00:00,optimistic,692.4875455,876.7304265326339,2629.023679,1524.83373382,61.23579694368817,0.0,2567.787882056312,205,23.0,221.7346432742103,0.5,368.06331506000004,0.0,420.64378863999997,32.0800145244843,315.48284148,29.155782419203874,2025-12-27 13:00:00
2025-12-26 15:00:00,optimistic,815.31630175,946.4179359254777,2557.5224719999997,1483.3630337599998,66.22553496478291,0.0,2491.2969370352166,205,22.0,326.5220387504243,0.5,358.05314608,0.0,409.20359551999996,48.761334530784936,306.90269663999993,17.464200433997974,2025-12-27 13:00:00
2025-12-26 16:00:00,optimistic,872.313922,1067.2263520467259,2666.127276,1546.3538200799999,34.280261877836786,0.0,2631.8470141221633,204,20.0,358.44623081531705,0.15,373.25781864000004,2.9074471937591553,426.58036416000004,18.027265074240546,319.93527312000003,13.345549609837088,2025-12-27 12:00:00
2025-12-26 17:00:00,optimistic,899.9349755,1145.447893704459,2755.7793220000003,1598.35200676,40.877202961143816,0.0,2714.9021190388567,204,19.0,385.0514628481337,0.15,385.8091050800001,6.004322048550194,440.92469152000007,20.301692915881937,330.69351864000004,14.571187996711686,2025-12-27 12:00:00
2025-12-26 18:00:00,optimistic,873.8079825,1140.6751301898698,2704.510679,1568.6161938199998,38.95605886020262,0.0,2665.5546201397974,204,18.0,365.5211859889469,0.15,378.63149506,5.761922152264517,432.72170864000003,19.449746419322935,324.54128148,13.744390288615161,2025-12-27 12:00:00
2025-12-26 19:00:00,optimistic,868.504135,1067.23306047648,2624.471748,1522.19361384,39.53066698508739,0.0,2584.9410810149125,204,17.0,363.8276591942149,0.15,367.42604472000005,7.031971397033571,419.91547968,19.20882712170668,314.93660975999995,13.289868466347146,2025-12-27 12:00:00
2025-12-26 20:00:00,optimistic,849.54851175,918.5852862375508,2528.72579,1466.6609581999999,37.797703332418074,0.0,2490.9280866675817,204,16.0,350.07178489137715,0.15,354.02161060000003,7.092594640574134,404.5961264,18.2795714278228,303.4470948,12.425537264021141,2025-12-27 12:00:00
2025-12-26 21:00:00,optimistic,832.92729975,844.7592441973845,2445.324827,1418.2883996599999,96.74242492516339,0.0,2348.5824020748364,204,15.0,338.14189879444984,0.4,342.34547578,19.232757925188256,391.25197232,46.337535377788555,293.43897924,31.172131622186583,2025-12-27 12:00:00
2025-12-26 22:00:00,optimistic,808.6864955,775.0377378469731,2428.026145,1408.2551640999998,80.26378717815123,2.9074471937591553,2350.669805015608,204,14.0,319.1855316012415,0.4,339.9236603,19.326837392208322,388.48418319999996,31.39743965382246,291.36313739999997,29.53951013212046,2025-12-27 12:00:00
2025-12-26 23:00:00,optimistic,742.2951025,703.8102458678516,2318.032516,1344.45885928,72.0183227210111,11.766244200814711,2257.780437479804,245,54.0,268.26370747117295,0.4,324.52455224000005,14.469285612178235,370.88520256000004,33.195002818863415,278.16390192,24.35403428996945,2025-12-29 05:00:00
2025-12-27 00:00:00,optimistic,722.293625,694.7207215086579,2299.955417,1333.97414186,71.68255530270153,0.0,2228.2728616972986,245,53.0,257.3289799578121,0.6,321.99375838000003,20.99756554457809,367.99286672000005,38.71682180129733,275.99465004,11.968167956826107,2025-12-29 05:00:00
2025-12-27 01:00:00,optimistic,685.2041135,625.790753018138,2353.6078190000003,1365.09253502,92.19440777695237,7.031971397033571,2268.4453826200815,241,48.0,229.37725809169257,0.6,329.50509466000005,17.249119336263036,376.5772510400001,42.6500756724264,282.43293828000003,32.29521276826295,2025-12-29 01:00:00
2025-12-27 02:00:00,optimistic,627.7395925,595.0138985835281,2284.549378,1325.03863924,67.17624909117637,98.36816045099008,2315.741289359814,314,120.0,193.5735474957308,0.6,319.83691292000003,8.730743012529587,365.52790048,31.604072894321142,274.14592536000004,26.841433184325638,2026-01-01 02:00:00
2025-12-27 03:00:00,optimistic,604.11508125,622.966560942735,2291.218938,1328.90698404,60.67273223620816,0.0,2230.546205763792,315,120.0,186.85013679040847,0.6,320.77065132,6.755455175358624,366.59503008,27.867915712819492,274.94627256,26.049361348030047,2026-01-01 03:00:00
2025-12-27 04:00:00,optimistic,609.7363937499999,606.3613212148941,2302.957205,1335.7151789,70.86697066681828,0.0,2232.090234333182,316,120.0,191.70793484720852,0.6,322.41400870000007,13.853949971618324,368.47315280000004,30.19741321586266,276.3548646,26.815607479337288,2026-01-01 04:00:00
2025-12-27 05:00:00,optimistic,540.87982175,568.3215682516097,2575.269996,1493.65659768,53.91262630161408,15.162197329775113,2536.519567028161,317,120.0,178.52331192634375,0.6,360.53779944,8.560073373532726,412.04319936,17.29551010775845,309.03239952,28.057042820322906,2026-01-01 05:00:00
2025-12-27 06:00:00,optimistic,510.55082649999997,480.94262202174684,2495.133169,1447.17723802,20.05714750742674,200.0,2675.0760214925735,317,119.0,168.25119525893527,0.3,349.3186436600001,2.518671457910066,399.22130704000006,4.683835074930103,299.41598028,12.85464097458657,2026-01-01 05:00:00
2025-12-27 07:00:00,optimistic,503.2860455,470.73259091475927,2577.995213,1495.23722354,19.485696388881195,200.0,2758.509516611119,317,118.0,166.77610619940756,0.3,360.91932982000003,2.331108818254638,412.47923408,3.9831062957063383,309.35942556000003,13.171481274920216,2026-01-01 05:00:00
2025-12-27 08:00:00,optimistic,509.50498949999997,545.8935820504541,2746.203481,1592.7980189799998,23.1140949376589,6.755455175358624,2729.8448412376997,317,117.0,170.55469540821804,0.3,384.46848734,3.418595713979784,439.39255696000004,5.36464299775217,329.54441772,14.330856225926947,2026-01-01 05:00:00
2025-12-27 09:00:00,optimistic,500.42869075,549.8808339217103,2954.375246,1713.5376426799999,31.050826692534628,0.0,2923.3244193074656,317,116.0,168.33634861499016,0.5,413.61253444000005,5.083116315736812,472.70003936,0.587912377390893,354.52502952,25.37979799940692,2026-01-01 05:00:00
2025-12-27 10:00:00,optimistic,491.57650724999996,475.2183700785091,3074.8630430000003,1783.42056494,31.037450200992154,200.0,3243.825592799008,317,115.0,166.16067688061878,0.5,430.4808260200001,2.0250043791054844,491.97808688000003,2.9203581917358767,368.98356516,26.092087630150793,2026-01-01 05:00:00
2025-12-27 11:00:00,optimistic,481.34233325,481.9322859637847,3136.5150860000003,1819.1787498800002,26.194024272406544,4.945362570841361,3115.266424298435,317,114.0,163.38402146917664,0.5,439.1121120400001,0.0,501.84241376000006,0.0,376.38181032,26.194024272406544,2026-01-01 05:00:00
2025-12-27 12:00:00,optimistic,465.1880275,451.67337347218586,3193.16959,1852.0383622,25.85640597564013,200.0,3367.31318402436,317,113.0,158.15470423707683,0.5,447.04374260000003,0.0,510.9071344,0.0,383.1803508,25.85640597564013,2026-01-01 05:00:00
2025-12-27 13:00:00,optimistic,470.43584699999997,425.95899575578534,3016.1660039999997,1749.3762823199997,23.02909537828142,200.0,3193.1369086217182,316,111.0,148.7008621713339,0.5,422.26324056,0.0,482.58656063999996,0.0,361.93992047999996,23.02909537828142,2026-01-01 04:00:00
2025-12-27 14:00:00,optimistic,498.35571375,570.1351751803178,2944.245742,1707.66253036,24.315986212566138,0.0,2919.929755787434,316,110.0,161.47592383518005,0.5,412.19440388000004,0.0,471.07931872,0.0,353.30948904,24.315986212566138,2026-01-01 04:00:00
2025-12-27 15:00:00,optimistic,570.3124005,739.2968159475813,2756.020515,1598.4918987,39.01286160824639,0.0,2717.0076533917536,316,109.0,192.85904517671574,0.5,385.8428721000001,0.0,440.9632824,12.121268310933857,330.7224618,26.891593297312532,2026-01-01 04:00:00
2025-12-27 16:00:00,optimistic,675.97838125,887.0568034149766,2754.99727,1597.8984165999998,19.937111221053677,0.0,2735.060158778946,241,33.0,251.5370180703357,0.15,385.6996178,0.0,440.79956319999997,9.67690725733023,330.5996724,10.260203963723447,2025-12-29 01:00:00
2025-12-27 17:00:00,optimistic,763.37974375,1015.0460250770602,2867.457304,1663.1252363199999,34.989337902095116,0.0,2832.467966097905,241,32.0,321.21844774784165,0.15,401.44402256000006,6.386022740604186,458.79316864000003,15.453098415274436,344.09487648,13.15021674621649,2025-12-29 01:00:00
2025-12-27 18:00:00,optimistic,795.74438675,1016.5501914705826,2838.331798,1646.23244284,39.675347067431126,0.0,2798.656450932569,241,31.0,349.0545727613961,0.15,397.36645172000004,8.204014418740872,454.13308768,17.556416791810314,340.59981576,13.914915856879938,2025-12-29 01:00:00
2025-12-27 19:00:00,optimistic,777.25563825,1012.1055725029515,2691.0348710000003,1560.80022518,37.08742084531214,0.0,2653.9474501546883,241,30.0,337.3144442491208,0.15,376.7448819400001,8.060694620347686,430.5655793600001,16.187788567524656,322.92418452000004,12.838937657439793,2025-12-29 01:00:00
2025-12-27 20:00:00,optimistic,753.8365592499999,971.1609557539152,2567.1238089999997,1488.9318092199996,34.189028888583884,0.0,2532.934780111416,241,29.0,321.45371480269324,0.15,359.39733326,7.7216045934268385,410.73980944,14.687501974930901,308.05485708,11.779922320226145,2025-12-29 01:00:00
2025-12-27 21:00:00,optimistic,693.23456775,833.7691875781767,2502.48661,1451.4422338,72.88746649077649,0.0,2429.5991435092233,241,28.0,275.5955695467812,0.4,350.3481254,15.598179956997729,400.3978576,30.377894973849006,300.29839319999996,26.91139155992975,2025-12-29 01:00:00
2025-12-27 22:00:00,optimistic,703.02051075,728.7572474416953,2435.1123620000003,1412.36516996,77.32406638769083,0.0,2357.7882956123094,241,27.0,285.69405646320155,0.4,340.9157306800001,18.279467338476806,389.61797792000004,32.03885333370391,292.21348344,27.00574571551012,2025-12-29 01:00:00
2025-12-27 23:00:00,optimistic,671.5896575,562.8011559260292,2397.227023,1390.39167334,68.73630166152547,64.24998366859413,2392.7407050070688,241,26.0,262.4604153732664,0.4,335.61178322,16.397151163768353,383.55632368,27.6274877671889,287.66724275999997,24.711662730568218,2025-12-29 01:00:00
2025-12-28 00:00:00,optimistic,629.99931125,599.8652303177803,2442.961054,1416.91741132,86.25723759610167,0.0,2356.703816403898,316,100.0,234.07606132885655,0.6,342.01454756000004,19.996899754619307,390.87376864,32.122888648726494,293.15532648,34.137449192755874,2026-01-01 04:00:00
2025-12-28 01:00:00,optimistic,622.7905792500001,578.6954726532276,2486.7722430000003,1442.32790094,74.16903288354001,0.0,2412.60321011646,316,99.0,232.6910715212348,0.6,348.1481140200001,17.36289323889122,397.88355888000007,22.240944126285882,298.41266916,34.56519551836291,2026-01-01 04:00:00
2025-12-28 02:00:00,optimistic,597.3171995,509.736339548607,2558.0384219999996,1483.6622847599997,77.1926680361637,200.0,2680.8457539638357,315,97.0,221.4681413892124,0.6,358.12537907999996,15.993676899567141,409.28614751999993,27.193806969939104,306.96461063999993,34.00518416665745,2026-01-01 03:00:00
2025-12-28 03:00:00,optimistic,588.78248125,551.0504315940188,2463.875,1429.0475,73.08861015613309,0.0,2390.786389843867,315,96.0,219.28739507240684,0.6,344.94250000000005,15.844262512197757,394.22,24.78368006071126,295.66499999999996,32.460667583224065,2026-01-01 03:00:00
2025-12-28 04:00:00,optimistic,600.9589165,578.1724425368013,2338.86162,1356.5397396,78.5441640267208,0.0,2260.3174559732793,315,95.0,226.74324014672277,0.6,327.4406268000001,19.196771052615954,374.2178592,27.586835414219706,280.6633944,31.760557559885125,2026-01-01 03:00:00
2025-12-28 05:00:00,optimistic,624.5834275,499.7311145279701,2262.5520530000003,1312.28019074,61.18019307385302,192.2060831078025,2393.57794303395,315,94.0,239.70159350670275,0.6,316.75728742000007,3.595928798628678,362.00832848000005,25.289377732981546,271.50624636000003,32.2948865422428,2026-01-01 03:00:00
2025-12-28 06:00:00,optimistic,646.0042149999999,605.1822862600502,2289.316218,1327.80340644,32.357056814489155,3.595928798628678,2260.5550899841396,315,93.0,251.80625402807783,0.3,320.50427052000003,0.4709872794393174,366.29059488,14.818167096181101,274.71794616,17.067902438868735,2026-01-01 03:00:00
2025-12-28 07:00:00,optimistic,688.37893,749.4940271316065,2438.24298,1414.1809283999999,43.58044134646411,0.0,2394.662538653536,315,92.0,274.1273818048505,0.3,341.35401720000004,4.307760404078972,390.1188768,19.69751492146094,292.58915759999996,19.575166020924204,2026-01-01 03:00:00
2025-12-28 08:00:00,optimistic,714.26317125,800.7961183144729,2591.678665,1503.1736256999998,37.4738137647787,0.0,2554.204851235221,315,91.0,288.8280175960656,0.3,362.8350131,6.843599762981668,414.6685864,23.843939661629445,311.00143979999996,6.78627434016758,2026-01-01 03:00:00
2025-12-28 09:00:00,optimistic,721.3598665,790.1995850067761,2728.3360040000002,1582.43488232,97.47067556428527,0.0,2630.865328435715,314,89.0,293.9926457906765,0.5,381.96704056000004,14.428524133172026,436.53376064,44.291542814324565,327.40032048,38.75060861678869,2026-01-01 02:00:00
2025-12-28 10:00:00,optimistic,658.96501575,727.0053239560658,2793.283826,1620.1046190799998,80.39238770901954,0.0,2712.89143829098,314,88.0,265.4933438634876,0.5,391.05973564000004,7.386820100381857,446.92541216,36.65069245744116,335.19405911999996,36.35487515119653,2026-01-01 02:00:00
2025-12-28 11:00:00,optimistic,660.1229002499999,688.8782477037779,2761.281069,1601.5430200199999,80.08750665046841,0.0,2681.193562349532,314,87.0,268.20310208815386,0.5,386.57934966000005,8.4221517333412,441.80497104000005,35.40876531598124,331.35372828,36.256589601145976,2026-01-01 02:00:00
2025-12-28 12:00:00,optimistic,597.7840719999999,636.8553982800363,2777.086083,1610.7099281399999,58.966279147861826,0.4709872794393174,2718.5907911315776,314,86.0,239.02707000693076,0.5,388.79205162000005,0.0,444.33377328000006,26.016561734416992,333.25032996,32.94971741344483,2026-01-01 02:00:00
2025-12-28 13:00:00,optimistic,597.802751,609.6610158874482,2744.086133,1591.5699571399998,55.448991693279126,41.38885613395573,2730.0259974406767,314,85.0,240.95641896986277,0.5,384.17205862000003,0.0,439.05378127999995,26.60221566018079,329.29033595999994,28.846776033098337,2026-01-01 02:00:00
2025-12-28 14:00:00,optimistic,630.8210225,623.2948191918921,2764.802211,1603.58528238,77.94969703872087,0.0,2686.8525139612793,313,83.0,252.6176672113257,0.5,387.07230954000005,8.883186424131836,442.36835376000005,34.61421416099863,331.77626532,34.452296453590414,2026-01-01 01:00:00
2025-12-28 15:00:00,optimistic,637.69362125,618.2077259475508,2866.986574,1662.8522129199998,92.86569986535086,0.0,2774.120874134649,313,82.0,258.2130626517839,0.5,401.37812036,17.830098434275765,458.71785184000004,38.615931453083974,344.03838888,36.41966997799112,2026-01-01 01:00:00
2025-12-28 16:00:00,optimistic,601.05228475,632.3869587016679,2919.3906690000003,1693.24658802,24.91055697823507,0.0,2894.4801120217653,313,81.0,241.12030188224233,0.15,408.7146936600001,4.806441017595423,467.1025070400001,9.631598732376153,350.32688028,10.472517228263497,2026-01-01 01:00:00
2025-12-28 17:00:00,optimistic,549.50790825,716.724484804512,3149.856991,1826.91705478,20.812437664114224,0.0,3129.0445533358857,313,80.0,215.87804153330418,0.15,440.97997874000004,3.5550513299614313,503.97711856,7.029633076166124,377.98283892,10.22775325798667,2026-01-01 01:00:00
2025-12-28 18:00:00,optimistic,526.16354425,681.848836641208,3170.62534,1838.9626971999999,18.544255810520074,0.0,3152.08108418948,313,79.0,205.20381673954174,0.15,443.88754760000006,2.8490155955746106,507.3000544,5.866801435963848,380.4750408,9.828438778981615,2026-01-01 01:00:00
2025-12-28 19:00:00,optimistic,520.112675,632.0385751632483,2962.334794,1718.1541805199997,17.100610290693712,0.0,2945.2341837093063,313,78.0,203.60999400600346,0.15,414.72687116000003,2.676118945722594,473.97356704,5.3073242740049,355.48017527999997,9.117167070966218,2026-01-01 01:00:00
2025-12-28 20:00:00,optimistic,519.96326725,544.8964706143672,2891.3741609999997,1676.9970133799998,17.249395118056384,8.883186424131836,2883.0079523060754,313,77.0,205.16471168322332,0.15,404.79238254,2.9346260486356983,462.61986576,5.353534518240664,346.96489932,8.96123455118002,2026-01-01 01:00:00
2025-12-28 21:00:00,optimistic,515.59320775,470.2956333631449,2769.182849,1606.1260524199997,40.87593703085169,170.13187311282206,2898.4387850819703,313,76.0,204.43338285931708,0.4,387.68559886,4.618594117725498,443.06925584,13.445607900847307,332.30194187999996,22.811735012278888,2026-01-01 01:00:00
2025-12-28 22:00:00,optimistic,512.530411,489.0028003713738,2722.9287000000004,1579.2986460000002,40.32397956171434,0.0,2682.604720438286,313,75.0,204.39451077498,0.4,381.2100180000001,4.716387157376459,435.66859200000005,13.180807702657805,326.75144400000005,22.426784701680074,2026-01-01 01:00:00
2025-12-28 23:00:00,optimistic,512.43704275,450.92094916882695,2769.7431149999998,1606.4510066999997,42.232315337246355,200.0,2927.5107996627535,313,74.0,205.98457180331874,0.4,387.7640361,5.393517998189415,443.1588984,13.863406082138637,332.36917379999994,22.975391256918304,2026-01-01 01:00:00
2025-12-29 00:00:00,optimistic,411.40354349999996,476.74701087041433,3009.015329,1745.2288908199998,12.30701171016318,14.728499273291371,3011.4368165631276,313,73.0,151.2963883178009,0.6,421.26214606,0.0,481.44245264,0.0,361.08183948,12.30701171016318,2026-01-01 01:00:00
2025-12-29 01:00:00,optimistic,478.53297825,348.4449376071683,2970.93693,1723.1434193999999,46.902574334611444,200.0,3124.0343556653884,333,92.0,144.3679501112514,0.6,415.9311702,6.760974307203304,475.3499088,13.680994354745485,356.51243159999996,26.46060567266266,2026-01-01 21:00:00
2025-12-29 02:00:00,optimistic,473.49126125,298.79215367513257,2852.445692,1654.4185013599997,43.76758877518125,200.0,3008.6781032248186,333,91.0,143.0930129227968,0.6,399.34239688,6.497347325308221,456.39131072,12.0801826416693,342.29348303999996,25.19005880820373,2026-01-01 21:00:00
2025-12-29 03:00:00,optimistic,471.19448375,292.0009771454849,2747.229561,1593.3931453799999,42.27028918376239,200.0,2904.9592718162376,333,90.0,143.12438660809372,0.6,384.61213854000005,6.648392371582253,439.55672976000005,11.355902554288011,329.66754732,24.265994257892125,2026-01-01 21:00:00
2025-12-29 04:00:00,optimistic,471.3252005,290.84775258986457,2577.81607,1495.1333205999997,41.08321087018763,200.0,2736.7328591298124,333,89.0,144.33811164690837,0.6,360.8942498,7.056443731926583,412.4505712,11.072035864130592,309.33792839999995,22.95473127413045,2026-01-01 21:00:00
2025-12-29 05:00:00,optimistic,499.93222175,329.07909375884,2468.231063,1431.57401654,56.77640022625913,200.0,2611.454662773741,333,88.0,159.64656422906157,0.6,345.5523488200001,13.35179626146236,394.91697008000006,19.2261374294582,296.18772756,24.198466535338564,2026-01-01 21:00:00
2025-12-29 06:00:00,optimistic,508.87660525,433.61996568394,2587.014716,1500.46853528,13.113510964036454,171.77732183179356,2745.6785268677572,333,87.0,165.3883106591977,0.3,362.18206024000006,0.0,413.92235456000003,0.0,310.44176592,13.113510964036454,2026-01-01 21:00:00
2025-12-29 07:00:00,optimistic,524.84200925,740.200293622608,2739.306148,1588.79756584,14.624993446239143,0.0,2724.681154553761,333,86.0,174.74062004676162,0.3,383.50286072000006,0.0,438.28898368,0.0,328.71673776,14.624993446239143,2026-01-01 21:00:00
2025-12-29 08:00:00,optimistic,541.124869,777.4230962844745,3023.47245,1753.614021,18.121845322815425,0.0,3005.350604677185,333,85.0,184.39332508170264,0.3,423.2861430000001,0.0,483.75559200000004,1.1455241107407814,362.816694,16.976321212074645,2026-01-01 21:00:00
2025-12-29 09:00:00,optimistic,556.791516,720.07921134149,2949.1075490000003,1710.48237842,33.26713720482411,0.0,2915.8404117951764,333,84.0,193.87512819775154,0.5,412.8750568600001,0.0,471.85720784000006,4.350921751455568,353.89290588,28.91621545336854,2026-01-01 21:00:00
2025-12-29 10:00:00,optimistic,557.33303475,729.2936944176299,3010.498829,1746.08932082,7.987166903009179,0.0,3002.511662096991,333,83.0,195.71111719051834,0.5,421.46983606000003,0.0,481.67981264,4.688064526955511,361.25985948,3.2991023760536677,2026-01-01 21:00:00
2025-12-29 11:00:00,optimistic,564.59682975,709.1090526071462,2998.836328,1739.3250702399998,36.56275697888803,0.0,2962.273571021112,312,61.0,201.72672801026178,0.5,419.83708592000005,0.0,479.81381247999997,6.059852179192371,359.86035935999996,30.502904799695663,2026-01-01 00:00:00
2025-12-29 12:00:00,optimistic,568.14470175,744.5911314500066,2886.7807749999997,1674.3328494999996,36.510188651391964,0.0,2850.2705863486076,312,60.0,205.5423786079915,0.5,404.1493085,0.0,461.88492399999996,6.636422603087672,346.41369299999997,29.873766048304294,2026-01-01 00:00:00
2025-12-29 13:00:00,optimistic,600.54235475,613.5971586201537,2808.546673,1628.9570703399997,44.06026187125185,0.0,2764.486411128748,312,59.0,227.40146243676296,0.5,393.19653422,0.0,449.36746768,12.194850999800796,337.02560076,31.865410871451054,2026-01-01 00:00:00
2025-12-29 14:00:00,optimistic,636.3758290000001,678.5553387385116,2818.5607660000005,1634.7652442800002,54.13319161199961,0.0,2764.4275743880007,312,58.0,251.7587530651872,0.5,394.5985072400001,0.0,450.9697225600001,19.116242740131607,338.22729192,35.016948871867996,2026-01-01 00:00:00
2025-12-29 15:00:00,optimistic,652.80807625,698.7466889787495,2896.7539159999997,1680.1172712799996,60.98861416367063,0.0,2835.765301836329,312,57.0,264.19588657793054,0.5,405.54554824,0.0,463.48062655999996,23.447401774179955,347.61046991999996,37.541212389490674,2026-01-01 00:00:00
2025-12-29 16:00:00,optimistic,662.59273925,810.9725788471399,2946.327944,1708.87020752,19.75399198229447,0.0,2926.573952017706,312,56.0,272.56939755117565,0.15,412.48591216000005,0.0,471.41247104,7.984842334900419,353.55935328,11.76914964739405,2026-01-01 00:00:00
2025-12-29 17:00:00,optimistic,696.0547367500001,880.4952769022096,3066.484014,1778.56072812,27.55366633227083,0.0,3038.930347667729,312,55.0,296.30944337034805,0.15,429.30776196000005,3.6955232027074114,490.63744224000004,10.705495916401029,367.97808168,13.152647213162389,2026-01-01 00:00:00
2025-12-29 18:00:00,optimistic,668.82952875,1054.3725458289525,3045.503729,1766.3921628199998,22.614523415779427,0.0,3022.8892055842207,312,54.0,281.0145658394188,0.15,426.37052206000004,3.0941296710925363,487.28059664,9.242433586053016,365.46044747999997,10.277960158633874,2026-01-01 00:00:00
2025-12-29 19:00:00,optimistic,611.93288125,1008.3049627917201,2935.203749,1702.4181744199998,16.897752105345717,0.0,2918.305996894654,334,75.0,238.8805821840836,0.15,410.92852486,0.9835818691865726,469.63259983999995,5.472155537494634,352.22444987999995,10.44201469866451,2026-01-01 22:00:00
2025-12-29 20:00:00,optimistic,555.3537005000001,935.3294700528422,2881.890963,1671.4967585399997,10.882976868103725,0.0,2871.007986131896,334,74.0,209.49857189015137,0.15,403.46473482,0.0,461.10255408,1.7782034532009845,345.82691556,9.104773414902741,2026-01-01 22:00:00
2025-12-29 21:00:00,optimistic,540.62068875,759.2497895271479,2845.486342,1650.38207836,26.29153225776563,0.0,2819.1948097422346,334,73.0,202.9652231720236,0.4,398.3680878800001,0.832266672384772,455.27781472000004,2.1738895265386944,341.45836104,23.285376058842164,2026-01-01 22:00:00
2025-12-29 22:00:00,optimistic,535.56030925,670.9121632045354,2753.79861,1597.2031937999998,24.2380925113926,0.0,2729.5605174886073,334,72.0,201.75080309318136,0.4,385.5318054,0.5699620414870029,440.60777759999996,1.2572789294099307,330.4558332,22.410851540495667,2026-01-01 22:00:00
2025-12-29 23:00:00,optimistic,530.3131852500001,588.4828442601531,2739.320181,1588.80570498,22.61919401725998,7.773234742986521,2724.4742217257267,334,71.0,200.39795998924404,0.4,383.50482534,0.15333737993811236,438.29122896,0.31069327633550975,328.71842172,22.155163360986357,2026-01-01 22:00:00
2025-12-30 00:00:00,optimistic,562.4641792499999,640.7548152023926,2740.303675,1589.3761315,51.688121613482295,0.0,2688.6155533865176,334,70.0,220.37251272330838,0.6,383.64251450000006,5.5784127313220475,438.44858800000003,9.845061260302874,328.836441,36.26464762185737,2026-01-01 22:00:00
2025-12-30 01:00:00,optimistic,546.21931275,593.5461737448567,2734.325869,1585.9090040199997,43.43501543677688,0.0,2690.890853563223,334,69.0,212.78881715430103,0.6,382.80562166,3.0950018102381303,437.49213904,5.2897967102750165,328.11910428,35.05021691626373,2026-01-01 22:00:00
2025-12-30 02:00:00,optimistic,535.50145975,572.9542506567558,2790.8600109999998,1618.6988063799997,58.67204661468166,0.0,2732.187964385318,334,68.0,208.27707836358067,0.6,390.72040154,1.3882759429190181,446.53760176,22.20349974759595,334.90320131999994,35.0802709241667,2026-01-01 22:00:00
2025-12-30 03:00:00,optimistic,518.024232,530.8656192302362,2891.567573,1677.1091923399997,27.30458776325072,94.57410229266827,2958.837087529417,334,67.0,199.7243328548736,0.6,404.81946022,0.0,462.65081168,21.097902299429972,346.98810876,6.206685463820747,2026-01-01 22:00:00
2025-12-30 04:00:00,optimistic,511.89975225,528.6574088191244,2681.6421809999997,1555.3524649799997,51.21318542655014,48.74228550207717,2679.1712810755266,335,67.0,196.0047128245599,0.6,375.42990534,0.0,429.06274895999996,19.33979315437875,321.79706171999993,31.873392272171387,2026-01-01 23:00:00
2025-12-30 05:00:00,optimistic,537.36868275,560.5732181833521,2780.4806209999997,1612.6787601799997,60.44383451283963,0.0,2720.03678648716,335,66.0,212.60019078230565,0.6,389.26728694,0.0,444.87689936,24.830834357814133,333.65767451999994,35.613000155025496,2026-01-01 23:00:00
2025-12-30 06:00:00,optimistic,568.17789525,655.0263172911792,2765.657591,1604.08140278,34.50640272053773,0.0,2731.1511882794625,335,65.0,232.62452359092418,0.3,387.19206274000004,0.0,442.50521456,15.290537925339697,331.87891092,19.21586479519803,2026-01-01 23:00:00
2025-12-30 07:00:00,optimistic,613.9062315,804.0803494879326,2904.7110239999997,1684.7323939199998,43.0045921127432,0.0,2861.7064318872567,335,64.0,261.8977829546068,0.3,406.65954336,0.0,464.75376384,20.589320472528613,348.56532287999994,22.41527164021458,2026-01-01 23:00:00
2025-12-30 08:00:00,optimistic,687.9603677499999,870.0364938088718,2882.288587,1671.72738046,53.07112985813298,0.0,2829.217457141867,335,63.0,308.73816688858943,0.3,403.52040218,0.0,461.16617392,27.482867591107166,345.87463044,25.58826226702581,2026-01-01 23:00:00
2025-12-30 09:00:00,optimistic,705.008156,839.3076785534336,2962.169816,1718.05849328,94.49099433962587,0.0,2867.678821660374,335,62.0,321.5994273528545,0.5,414.70377424000003,0.0,473.94717056,49.165244451805734,355.46037792,45.325749887820145,2026-01-01 23:00:00
2025-12-30 10:00:00,optimistic,640.98099425,833.2739576494604,3021.793934,1752.6404817199998,57.464689846818835,0.0,2964.3292441531808,335,61.0,284.8792842584634,0.5,423.05115076000004,0.0,483.48702943999996,37.49623086427429,362.61527207999995,19.968458982544547,2026-01-01 23:00:00
2025-12-30 11:00:00,optimistic,592.8812895,824.1890382293352,3091.635737,1793.14872746,67.81132714969118,0.0,3023.8244098503087,337,62.0,236.31823019575924,0.5,432.82900318000003,0.0,494.66171792,31.501120237261002,370.99628844,36.31020691243018,2026-01-02 01:00:00
2025-12-30 12:00:00,optimistic,568.7940847499999,840.8165067371242,3122.828384,1811.2404627199999,63.44057219408155,0.0,3059.3878118059183,337,61.0,223.43035858755204,0.5,437.19597376,0.0,499.65254144,28.56875706538527,374.73940608,34.87181512869628,2026-01-02 01:00:00
2025-12-30 13:00:00,optimistic,573.294103,719.0792573504225,3123.815718,1811.8131164399997,65.94067118469295,0.0,3057.875046815307,337,60.0,228.00950688790226,0.5,437.33420052,0.0,499.81051487999997,30.412836103773788,374.85788615999996,35.52783508091916,2026-01-02 01:00:00
2025-12-30 14:00:00,optimistic,651.08269075,774.5974829315812,2959.2574,1716.3692919999999,83.81357834789671,0.0,2875.4438216521035,337,59.0,278.36180361698644,0.5,414.296036,0.0,473.481184,43.69154384608865,355.110888,40.122034501808066,2026-01-02 01:00:00
2025-12-30 15:00:00,optimistic,743.3983005,854.0854965353607,2932.052093,1700.5902139399998,76.55113849386348,0.0,2855.500954506136,311,32.0,351.898379740201,0.5,410.48729302,0.0,469.12833487999995,28.32951188321701,351.84625115999995,48.221626610646474,2025-12-31 23:00:00
2025-12-30 16:00:00,optimistic,814.632919,972.5422100700774,3057.507001,1773.35406058,43.08402577892318,0.0,3014.4229752210767,311,31.0,410.313500467182,0.15,428.05098014000004,5.392981704724611,489.20112016,20.748504698419513,366.90084012,16.942539375779052,2025-12-31 23:00:00
2025-12-30 17:00:00,optimistic,826.9192634999999,1090.4454781500758,3170.201298,1838.7167528399998,48.91419562297758,0.0,3121.287102377022,311,30.0,423.27395448085394,0.15,443.82818172000003,8.181413827299751,507.23220768,22.76956237197101,380.42415575999996,17.963219423706818,2025-12-31 23:00:00
2025-12-30 18:00:00,optimistic,815.0063755,1133.9900093865476,3134.9369220000003,1818.2634147600002,48.790243986751946,0.0,3086.146678013248,311,29.0,417.2274487179894,0.15,438.8911690800001,8.635422766119765,501.58990752000005,22.57283105328501,376.19243064,17.58199016734717,2025-12-31 23:00:00
2025-12-30 19:00:00,optimistic,788.77185875,1030.6789404482447,2944.603473,1707.87001434,45.278495456337666,0.0,2899.3249775436625,311,28.0,399.6090089796805,0.15,412.24448622000006,8.749644182849247,471.13655568,20.523754786344426,353.35241676,16.005096487143994,2025-12-31 23:00:00
2025-12-30 20:00:00,optimistic,751.819474,889.8270437968482,2838.454103,1646.3033797399999,41.36255470378451,0.0,2797.0915482962155,311,27.0,373.04486182659707,0.15,397.38357442000006,8.219379656685213,454.15265648,18.49067990491893,340.61449236,14.652495142180364,2025-12-31 23:00:00
2025-12-30 21:00:00,optimistic,694.570348,765.8552619399145,2741.9273479999997,1590.3178618399998,93.24811970053983,0.0,2648.6792282994597,311,26.0,329.54304707090967,0.4,383.86982872,18.122904184710148,438.70837567999996,40.88865332838634,329.03128175999996,34.23656218744335,2025-12-31 23:00:00
2025-12-30 22:00:00,optimistic,687.47490025,656.5254807879357,2762.2735359999997,1602.1186508799997,95.33198126650808,5.392981704724611,2672.334536438216,311,25.0,326.3807037225391,0.4,386.71829504,19.703761169956646,441.96376575999994,41.405954774967434,331.47282432,34.222265321584,2025-12-31 23:00:00
2025-12-30 23:00:00,optimistic,640.88764225,593.4604422866424,2591.797465,1503.2425297,42.08095497722563,16.816836593419517,2566.5333466161937,337,50.0,292.30905446038076,0.4,362.85164510000004,12.600059081707343,414.6875944,0.174205284168778,311.0156958,29.306690611349513,2026-01-02 01:00:00
2025-12-31 00:00:00,optimistic,657.8793880000001,718.8156388015237,2682.734159,1555.9858122199998,100.98910230393236,0.0,2581.745056696068,337,49.0,306.13829828612785,0.6,375.58278226000004,30.047890558242266,429.23746544000005,47.0797939808933,321.92809908,23.861417764796784,2026-01-02 01:00:00
2025-12-31 01:00:00,optimistic,629.90834975,518.4311467231977,2652.4084080000002,1538.39687664,109.34316771673714,84.84357975244353,2627.9088200357064,338,49.0,286.6525520935203,0.6,371.3371771200001,20.955501541617263,424.38534528,44.13841223011357,318.28900896,44.2492539450063,2026-01-02 02:00:00
2025-12-31 02:00:00,optimistic,599.09913925,383.9730089896144,2640.547148,1531.51734584,100.81050879523362,200.0,2739.7366392047666,338,48.0,267.9698483838136,0.6,369.67660072000007,18.36978099912786,422.48754368000004,40.86653002996625,316.86565776,41.574197766139505,2026-01-02 02:00:00
2025-12-31 03:00:00,optimistic,571.9683602499999,415.3002673451136,2701.505663,1566.8732845399998,95.10642681829489,200.0,2806.399236181705,338,47.0,251.49414895994443,0.6,378.21079282000005,15.937575420854625,432.24090608,38.930939627985374,324.18067956,40.2379117694549,2026-01-02 02:00:00
2025-12-31 04:00:00,optimistic,559.663355,448.156308620267,2618.5805920000003,1518.77674336,81.8931632117977,200.0,2736.6874287882024,338,46.0,244.9976659139202,0.6,366.60128288000004,14.798493998593656,418.97289472000006,28.984324131041518,314.22967104,38.110345082162524,2026-01-02 02:00:00
2025-12-31 05:00:00,optimistic,577.55137575,490.35665245752324,2574.1551839999997,1493.0100067199996,45.471476105927024,70.0613519601934,2598.745059854266,338,45.0,259.44555671243063,0.6,360.38172576,3.7745394519605546,411.86482944,5.868645216729699,308.89862207999994,35.82829143723677,2026-01-02 02:00:00
2025-12-31 06:00:00,optimistic,597.8667785,559.6527988806411,2457.427387,1425.30788446,41.22430490351552,3.7745394519605546,2419.9776215484453,318,24.0,270.07874136674764,0.3,344.03983418000007,1.115971747635197,393.18838192000004,20.630993391275876,294.89128644,19.47733976460444,2026-01-01 06:00:00
2025-12-31 07:00:00,optimistic,633.71749275,592.1202913154993,2401.2343530000003,1392.71592474,48.63225640498466,0.0,2352.6020965950156,318,23.0,302.07352968762603,0.3,336.1728094200001,4.745447190483076,384.19749648000004,22.95289941797819,288.14812236,20.933909796523395,2026-01-01 06:00:00
2025-12-31 08:00:00,optimistic,715.4646145,585.3694506410261,2526.886144,1465.59396352,60.17805961938036,5.861418938118273,2472.569503318738,318,22.0,373.05441649225,0.3,353.76406016000004,4.126449409690041,404.30178304000003,29.962823945836405,303.22633728,26.08878626385392,2026-01-01 06:00:00
2025-12-31 09:00:00,optimistic,712.04758875,675.5447319074823,2734.0634130000003,1585.75677954,64.48011564400926,4.126449409690041,2673.709746765681,318,21.0,373.16222564228383,0.5,382.76887782000006,4.5268682240814915,437.4501460800001,55.34548445310179,328.08760956000003,4.607762966825987,2026-01-01 06:00:00
2025-12-31 10:00:00,optimistic,666.6926787499999,732.6114677398605,2835.334727,1644.4941416599997,79.30061256831746,0.0,2756.0341144316826,332,34.0,329.362017628376,0.5,396.94686178,0.0,453.65355632,35.06667416628854,340.24016724,44.23393840202891,2026-01-01 20:00:00
2025-12-31 11:00:00,optimistic,623.50376825,689.8191902534487,2854.855243,1655.8160409399998,71.95010341544463,0.0,2782.9051395845554,332,33.0,298.8395410452255,0.5,399.67973402,0.0,456.77683888,30.841181940178398,342.58262916,41.10892147526623,2026-01-01 20:00:00
2025-12-31 12:00:00,optimistic,620.2734765,696.1205092832935,2782.6787359999994,1613.9536668799994,70.72113106576072,0.0,2711.9576049342386,332,32.0,298.73914137584023,0.5,389.57502303999996,0.0,445.2285977599999,30.662815346260828,333.9214483199999,40.05831571949989,2026-01-01 20:00:00
2025-12-31 13:00:00,optimistic,636.12621125,677.2757341884549,2723.044591,1579.3658627799998,73.9672598999503,4.5268682240814915,2653.604199324131,332,31.0,313.5094788931559,0.5,381.22624274000003,0.0,435.68713456,33.16232093069131,326.76535091999995,40.804938969259,2026-01-01 20:00:00
2025-12-31 14:00:00,optimistic,636.182228,693.6136031948225,2614.115651,1516.18707758,66.71913726575295,0.0,2547.396513734247,332,30.0,316.0716781702624,0.5,365.97619114,0.0,418.25850416000003,32.925251831806975,313.69387812,33.793885433945974,2026-01-01 20:00:00
2025-12-31 15:00:00,optimistic,678.41884825,731.9256160741467,2660.063258,1542.83668964,92.22332209542338,0.0,2567.8399359045766,328,25.0,330.8103119104269,0.5,372.40885612000005,13.23466378429887,425.61012128000004,37.341755784773966,319.20759096,41.64690252635054,2026-01-01 16:00:00
2025-12-31 16:00:00,optimistic,752.1555875,786.030693872261,2788.393626,1617.26830308,36.502856956786324,0.0,2751.890769043214,339,35.0,371.70070140707287,0.15,390.37510764000007,7.201784306149766,446.14298016000004,14.94666137399015,334.60723512,14.35441127664641,2026-01-02 03:00:00
2025-12-31 17:00:00,optimistic,822.32588075,907.577946884061,2872.311541,1665.94069378,46.97526445790821,0.0,2825.336276542092,331,26.0,431.4524456332449,0.15,402.12361574000005,10.961779788654,459.56984656000003,19.516867076252172,344.67738492,16.496617593002036,2026-01-01 19:00:00
2025-12-31 18:00:00,optimistic,803.1121465,861.6144582102173,2860.0803370000003,1658.8465954600001,46.3418643765268,0.0,2813.7384726234736,331,25.0,419.18703345565626,0.15,400.4112471800001,11.411355207476207,457.6128539200001,18.83614698110818,343.20964044000004,16.094362187942416,2026-01-01 19:00:00
2025-12-31 19:00:00,optimistic,716.939709,801.3892458367202,2695.5187739999997,1563.4008889199997,36.00754184001024,0.0,2659.5112321599895,339,32.0,353.46734008967906,0.15,377.37262835999996,8.225492188961073,431.28300383999994,14.436075720443547,323.46225287999994,13.34597393060562,2026-01-02 03:00:00
2025-12-31 20:00:00,optimistic,619.90002425,696.9157993157595,2594.651517,1504.8978798599999,24.48902884007168,0.0,2570.162488159928,339,31.0,280.5805371010191,0.15,363.25121238,3.962194020419414,415.14424271999997,9.901213793580482,311.35818204,10.625621026071784,2026-01-02 03:00:00
2025-12-31 21:00:00,optimistic,585.7858287500001,544.9261468883644,2451.187256,1421.68860848,46.31182667191117,99.21892857004939,2504.0943578981382,339,30.0,255.99900732767827,0.4,343.16621584000006,0.0,392.18996096,21.589023394688475,294.14247072,24.722803277222695,2026-01-02 03:00:00
2025-12-31 22:00:00,optimistic,545.2297,338.06821907611965,2368.3006490000002,1373.61437642,67.08105379005698,200.0,2501.2195952099432,339,29.0,225.896388174904,0.4,331.56209086000007,29.236912825680296,378.92810384000006,16.476214582159034,284.19607788,21.367926382217657,2026-01-02 03:00:00
2025-12-31 23:00:00,optimistic,495.2814315,288.8326085130335,2389.6824330000004,1386.01581114,25.44452025495012,200.0,2564.2379127450504,316,5.0,211.96640692961873,0.4,334.5555406200001,1.0081600957035448,382.3491892800001,6.239263904189711,286.76189196,18.197096255056863,2026-01-01 04:00:00
2026-01-01 00:00:00,optimistic,435.26882175,235.9729251157847,2970.822386,1723.0769838799997,76.5618862217814,200.0,3094.260499778218,317,5.0,197.92216846923304,0.6,415.91513404,28.06366282663896,475.33158176,22.64176011113862,356.49868632,25.856463284003823,2026-01-01 05:00:00
2026-01-01 01:00:00,optimistic,316.64401925,140.0993302202885,2756.386886,1598.7043938799998,11.913214595217557,200.0,2944.473671404782,339,26.0,45.724584857276824,0.6,385.89416404,0.0,441.02190176,3.989935291845421,330.76642631999994,7.923279303372136,2026-01-02 03:00:00
2026-01-01 02:00:00,optimistic,146.16636925,122.18424115739754,3048.6401090000004,1768.21126322,0.0,200.0,3248.6401090000004,-1,0.0,0.0,0.6,426.8096152600001,0.0,487.7824174400001,0.0,365.83681308,0.0,
2026-01-01 03:00:00,optimistic,46.9420365,116.1192379358631,3262.979898,1892.5283408399998,0.0,200.0,3462.979898,-1,0.0,0.0,0.6,456.81718572000005,0.0,522.0767836800001,0.0,391.55758776,0.0,
2026-01-01 04:00:00,optimistic,28.605887000000003,109.05345638231671,3318.220645,1924.5679741,0.0,200.0,3518.220645,-1,0.0,0.0,0.6,464.55089030000005,0.0,530.9153032,0.0,398.18647739999994,0.0,
2026-01-01 05:00:00,optimistic,19.045695,74.6311175681529,3294.05688,1910.5529904,0.0,200.0,3494.05688,-1,0.0,0.0,0.6,461.16796320000003,0.0,527.0491008,0.0,395.2868256,0.0,
2026-01-01 06:00:00,optimistic,21.00628125,270.6203303269232,3233.194105,1875.2525808999999,0.0,200.0,3433.194105,-1,0.0,0.0,0.3,452.64717470000005,0.0,517.3110568,0.0,387.98329259999997,0.0,
2026-01-01 07:00:00,optimistic,21.34238175,452.8804360191383,3284.5749100000003,1905.0534478,0.0,6.239263904189711,3290.81417390419,-1,0.0,0.0,0.3,459.8404874000001,0.0,525.5319856000001,0.0,394.1489892,0.0,
2026-01-01 08:00:00,optimistic,24.049858,398.7783429037535,3271.4532999999997,1897.4429139999997,0.0,200.0,3471.4532999999997,-1,0.0,0.0,0.3,458.003462,0.0,523.4325279999999,0.0,392.5743959999999,0.0,
2026-01-01 09:00:00,optimistic,28.1204085,418.5361750839035,3411.192207,1978.49148006,0.0,62.91311314441813,3474.1053201444183,-1,0.0,0.0,0.5,477.56690898000005,0.0,545.79075312,0.0,409.34306484,0.0,
2026-01-01 10:00:00,optimistic,32.415026,350.4637201543745,3552.622008,2060.52076464,0.0,0.0,3552.622008,-1,0.0,0.0,0.5,497.36708112,0.0,568.41952128,0.0,426.31464095999996,0.0,
2026-01-01 11:00:00,optimistic,36.61628225,419.6663465186313,3748.632374,2174.20677692,0.0,0.0,3748.632374,-1,0.0,0.0,0.5,524.8085323600001,0.0,599.7811798399999,0.0,449.83588488,0.0,
2026-01-01 12:00:00,optimistic,38.03537325,473.5679826567858,3799.688392,2203.8192673599997,0.0,0.0,3799.688392,-1,0.0,0.0,0.5,531.95637488,0.0,607.95014272,0.0,455.96260703999997,0.0,
2026-01-01 13:00:00,optimistic,48.8092615,245.27750297203397,3691.341764,2140.9782231199997,0.0,0.0,3691.341764,-1,0.0,0.0,0.5,516.78784696,0.0,590.61468224,0.0,442.96101167999996,0.0,
2026-01-01 14:00:00,optimistic,74.464933,190.84007364559048,3625.563081,2102.82658698,0.0,0.0,3625.563081,-1,0.0,0.0,0.5,507.57883134,0.0,580.09009296,0.0,435.06756971999994,0.0,
2026-01-01 15:00:00,optimistic,113.284539,234.86205462937497,3597.460873,2086.52730634,0.0,0.0,3597.460873,-1,0.0,0.0,0.5,503.64452222000006,0.0,575.59373968,0.0,431.69530476,0.0,
2026-01-01 16:00:00,optimistic,175.92994125,274.3662208547785,3438.053205,1994.0708588999998,0.0,41.64690252635054,3479.7001075263506,-1,0.0,0.0,0.15,481.32744870000005,0.0,550.0885128,0.0,412.5663846,0.0,
2026-01-01 17:00:00,optimistic,240.87202125,411.32105990445245,3767.739398,2185.28885084,0.0,0.0,3767.739398,-1,0.0,0.0,0.15,527.4835157200001,0.0,602.8383036800001,0.0,452.12872776,0.0,
2026-01-01 18:00:00,optimistic,196.11464,319.3922633215775,3534.2297209999997,2049.8532381799996,0.0,0.0,3534.2297209999997,-1,0.0,0.0,0.15,494.79216094000003,0.0,565.47675536,0.0,424.1075665199999,0.0,
2026-01-01 19:00:00,optimistic,180.05650675,291.11594765228205,3424.7731049999998,1986.3684008999996,0.0,47.027055501388,3471.800160501388,-1,0.0,0.0,0.15,479.46823470000004,0.0,547.9636968,0.0,410.9727725999999,0.0,
2026-01-01 20:00:00,optimistic,166.3323995,234.3763756853935,3104.983325,1800.8903285,0.0,200.0,3304.983325,-1,0.0,0.0,0.15,434.6976655000001,0.0,496.79733200000004,0.0,372.597999,0.0,
2026-01-01 21:00:00,optimistic,231.7786375,177.15499064929702,3134.6132749999997,1818.0756994999997,0.0,200.0,3334.6132749999997,-1,0.0,0.0,0.4,438.8458585,0.0,501.538124,0.0,376.15359299999994,0.0,
2026-01-01 22:00:00,optimistic,221.39686274999997,176.66408140415126,3127.170079,1813.7586458199999,0.0,200.0,3327.170079,-1,0.0,0.0,0.4,437.80381106000004,0.0,500.34721264,0.0,375.26040947999996,0.0,
2026-01-01 23:00:00,optimistic,243.8782535,176.8970145720347,3057.642312,1773.4325409599999,0.0,200.0,3257.642312,-1,0.0,0.0,0.4,428.06992368000004,0.0,489.22276992,0.0,366.91707743999996,0.0,
2026-01-02 00:00:00,optimistic,116.037129,290.1868869824301,3345.90715,1940.626147,0.0,26.63169540298404,3372.538845402984,-1,0.0,0.0,0.6,468.427001,0.0,535.345144,0.0,401.508858,0.0,
2026-01-02 01:00:00,optimistic,101.023635,204.81377546183688,3269.1635610000003,1896.11486538,0.0,200.0,3469.1635610000003,-1,0.0,0.0,0.6,457.6828985400001,0.0,523.0661697600001,0.0,392.29962732,0.0,
2026-01-02 02:00:00,optimistic,112.003653,205.68042783709026,3008.121255,1744.7103278999998,0.0,200.0,3208.121255,-1,0.0,0.0,0.6,421.13697570000005,0.0,481.2994008,0.0,360.9745506,0.0,
2026-01-02 03:00:00,optimistic,65.8614345,260.347308201566,3159.205238,1832.3390380399999,0.0,136.393574735197,3295.598812735197,-1,0.0,0.0,0.6,442.28873332000006,0.0,505.47283808000003,0.0,379.10462856,0.0,
2026-01-02 04:00:00,optimistic,74.71267350000001,321.3626087319147,3034.4764870000004,1759.99636246,0.0,0.0,3034.4764870000004,-1,0.0,0.0,0.6,424.8267081800001,0.0,485.5162379200001,0.0,364.13717844,0.0,
2026-01-02 05:00:00,optimistic,116.186517,352.84862378307906,3082.6456179999996,1787.9344584399996,0.0,0.0,3082.6456179999996,-1,0.0,0.0,0.6,431.57038652,0.0,493.22329887999996,0.0,369.9174741599999,0.0,
2026-01-02 06:00:00,optimistic,194.727256,470.9674996583542,3127.002113,1813.6612255399998,0.0,0.0,3127.002113,-1,0.0,0.0,0.3,437.78029582000005,0.0,500.32033808,0.0,375.24025356,0.0,
2026-01-02 07:00:00,optimistic,385.12226575,689.3375477375397,3094.100868,1794.5785034399998,5.867173538824492,0.0,3088.2336944611757,363,20.0,28.249876048531174,0.3,433.17412152,0.0,495.05613888,3.1160635234948755,371.29210416,2.7511100153296164,2026-01-03 03:00:00
2026-01-02 08:00:00,optimistic,514.3989065000001,651.6853487203072,3035.815764,1760.7731431199998,28.442139759422574,0.0,3007.3736242405776,363,19.0,139.52390084626853,0.3,425.01420696,0.0,485.73052224,15.358693721235491,364.29789167999996,13.083446038187084,2026-01-03 03:00:00
2026-01-02 09:00:00,optimistic,531.8026085,666.2974457468665,2966.4275470000002,1720.52797726,52.253751382006115,0.0,2914.173795617994,363,18.0,155.71422108042896,0.5,415.2998565800001,0.0,474.62840752000005,28.58615829989914,355.97130564,23.667593082106976,2026-01-03 03:00:00
2026-01-02 10:00:00,optimistic,442.07643525,717.4503027932527,3284.565783,1905.04815414,30.065855342552716,0.0,3254.499927657447,363,17.0,78.64810175570936,0.5,459.83920962,0.0,525.53052528,16.588792129446542,394.14789396,13.477063213106176,2026-01-03 03:00:00
2026-01-02 11:00:00,optimistic,425.195597,671.8337763803382,3415.03633,1980.7210713999998,26.033813345644248,0.0,3389.0025166543555,363,16.0,64.4271474567034,0.5,478.1050862,0.0,546.4058128,14.5314065412588,409.8043596,11.502406804385446,2026-01-03 03:00:00
2026-01-02 12:00:00,optimistic,433.24387175,649.1859469769848,3289.1885580000003,1907.72936364,28.455830358712088,0.0,3260.7327276412884,363,15.0,72.08281116996172,0.5,460.4863981200001,0.0,526.27016928,16.074003454129624,394.70262696000003,12.381826904582464,2026-01-03 03:00:00
2026-01-02 13:00:00,optimistic,500.05764175,591.2165862360741,3269.61917,1896.3791185999999,45.72653461609969,0.0,3223.8926353839,362,13.0,99.11562211266632,0.5,457.7466838,0.0,523.1390672,28.88143627283779,392.3543004,16.845098343261903,2026-01-03 02:00:00
2026-01-02 14:00:00,optimistic,523.75433375,619.353218753624,3247.394534,1883.4888297199998,49.15727893167727,0.0,3198.2372550683226,362,12.0,121.43931924614769,0.5,454.63523476000006,0.0,519.58312544,28.759469625494496,389.68734408,20.397809306182776,2026-01-03 02:00:00
2026-01-02 15:00:00,optimistic,578.84114375,619.2507162210244,3091.883441,1793.2923957799999,71.05288951736603,0.0,3020.830551482634,362,11.0,172.86107566340476,0.5,432.86368174000006,4.288450664586073,494.70135056,39.53065883488608,371.02601291999997,27.233780017893864,2026-01-03 02:00:00
2026-01-02 16:00:00,optimistic,615.889377,623.0650838983618,3199.695577,1855.8234346599997,28.620222787917832,0.0,3171.075354212082,362,10.0,208.44934032131374,0.15,447.95738078000005,3.545522671731663,511.95129232,15.012275321898372,383.96346924,10.062424794287798,2026-01-03 02:00:00
2026-01-02 17:00:00,optimistic,638.14819625,791.6274003735202,3357.8342540000003,1947.5438673200001,37.2077212850447,0.0,3320.626532714956,362,9.0,230.83614226248613,0.15,470.0967955600001,7.887934723155586,537.25348064,17.735209368399474,402.94011048000004,11.584577193489642,2026-01-03 02:00:00
2026-01-02 18:00:00,optimistic,659.8654732499999,709.0091652251288,3330.62087,1931.7601046,34.66291502265293,0.0,3295.957954977347,361,7.0,246.2114830324653,0.15,466.2869218000001,9.652684240122273,532.8993392,12.838697194205565,399.6745044,12.171533588325095,2026-01-03 01:00:00
2026-01-02 19:00:00,optimistic,661.5834335,634.402387033997,3191.377934,1850.99920172,41.699535998310566,0.0,3149.6783980016894,361,6.0,249.82652067544717,0.15,446.79291076000004,10.440774455028333,510.62046944,19.444724856148554,382.96535208,11.81403668713368,2026-01-03 01:00:00
2026-01-02 20:00:00,optimistic,665.9156855,546.0050670567924,2997.047361,1738.2874693799997,41.593398315159504,4.288450664586073,2959.7424133494264,361,5.0,255.9955306200941,0.15,419.58663054000004,11.1621671389856,479.52757776,19.095724953481238,359.64568332,11.335506222692668,2026-01-03 01:00:00
2026-01-02 21:00:00,optimistic,623.82561275,549.9357520839351,2910.362303,1688.01013574,96.18431490222483,0.0,2814.177988097775,361,4.0,217.28719611217926,0.4,407.45072242000003,26.9963700448382,465.65796847999997,43.837980675563266,349.24347636,25.349964181823374,2026-01-03 01:00:00
2026-01-02 22:00:00,optimistic,639.32462525,517.0364755475271,2849.5798170000003,1652.7562938600001,88.62577718351044,3.545522671731663,2764.4995624882217,361,3.0,234.16392986944535,0.4,398.94117438000006,31.6752483486783,455.93277072000006,46.96172700399475,341.94957804,9.988801830837389,2026-01-03 01:00:00
2026-01-02 23:00:00,optimistic,611.1089665,426.2717905058481,2753.197811,1596.8547303799999,89.55483023639205,97.81517895080829,2761.458159714416,364,5.0,196.57086601132468,0.4,385.44769354000005,27.915866621927016,440.51164976,39.764728033379804,330.38373731999997,21.87423558108523,2026-01-03 04:00:00
2026-01-03 00:00:00,optimistic,596.2448585,418.34453002711297,2946.2956639999998,1708.8514851199998,121.52590194042166,67.68059465530682,2892.450356714885,364,4.0,183.7537535800407,0.6,412.48139296,31.386327764998835,471.40730623999997,57.16080377512275,353.55547967999996,32.97877040030008,2026-01-03 04:00:00
2026-01-03 01:00:00,optimistic,585.0781020000001,399.47277908550865,2844.6686680000003,1649.9078274400001,85.28289969213436,200.0,2959.385768307866,365,4.0,164.4428985185366,0.6,398.2536135200001,32.08398050849499,455.14698688000004,24.515881969998105,341.36024016,28.68303721364127,2026-01-03 05:00:00
2026-01-03 02:00:00,optimistic,566.3299045,390.0789023645445,2852.0192540000003,1654.17116732,99.4809491886484,200.0,2952.5383048113517,365,3.0,147.460120637039,0.6,399.2826955600001,27.36602123482612,456.32308064000006,46.192577313762314,342.24231048,25.922350640059957,2026-01-03 05:00:00
2026-01-03 03:00:00,optimistic,558.860521,351.9707291028775,2737.470585,1587.7329393,71.83601359771033,200.0,2865.6345714022896,365,2.0,141.29370856814597,0.6,383.24588190000003,28.090731924502478,437.9952936,43.68210958117125,328.4964702,0.06317209203660923,2026-01-03 05:00:00
2026-01-03 04:00:00,optimistic,545.434254,406.5158912630849,2693.8172050000003,1562.4139789,52.497565358915956,200.0,2841.3196396410844,413,49.0,100.51134710891893,0.6,377.13440870000005,13.87719998190669,431.01075280000003,21.736303261788187,323.2580646,16.884062115221077,2026-01-05 05:00:00
2026-01-03 05:00:00,optimistic,560.13030425,415.2879306564979,2531.95346,1468.5330068,60.65086115765182,200.0,2671.3025988423483,413,48.0,111.3286045237323,0.6,354.4734844000001,17.680627010323835,405.1125536,25.43319080975964,303.8344152,17.53704333756834,2026-01-05 05:00:00
2026-01-03 06:00:00,optimistic,567.002154,474.2634137327841,2634.3163870000003,1527.90350446,17.136556053730633,78.72732106377835,2695.907152010048,413,47.0,116.94103346500452,0.3,368.80429418000006,0.0,421.4906219200001,7.565911760298713,316.11796644000003,9.57064429343192,2026-01-05 05:00:00
2026-01-03 07:00:00,optimistic,592.4167745,694.5876330844673,2706.941557,1570.02610306,21.52468687050071,0.0,2685.4168701294993,413,46.0,135.47020935890214,0.3,378.97181798,0.0,433.11064912,10.184975987620629,324.83298684,11.339710882880082,2026-01-05 05:00:00
2026-01-03 08:00:00,optimistic,677.39988975,626.0018411509957,2909.8426099999997,1687.7087137999997,39.24133861739566,0.0,2870.601271382604,413,45.0,195.84902528944573,0.3,407.3779654,2.8399790464273935,465.57481759999996,19.121210019362774,349.18111319999997,17.280149551605493,2026-01-05 05:00:00
2026-01-03 09:00:00,optimistic,702.795831,699.0844982126414,2969.212412,1722.1431989599998,79.18184616094166,0.0,2890.030565839058,410,41.0,215.54759203658259,0.5,415.68973768,9.477990067992845,475.07398592,37.61136977656985,356.30548944,32.092486316378974,2026-01-05 02:00:00
2026-01-03 10:00:00,optimistic,696.9697085,700.9660422053853,3026.426318,1755.3272644399997,80.87207190825345,0.0,2945.5542460917463,410,40.0,213.0482554828123,0.5,423.69968452,9.825994003373754,484.22821088,38.68130996120204,363.17115815999995,32.364767943677656,2026-01-05 02:00:00
2026-01-03 11:00:00,optimistic,662.5917895,694.8722865402223,3033.835657,1759.6246810599998,67.41090254739444,0.0,2966.4247544526056,413,42.0,190.02404978040417,0.5,424.73699198,4.008027467730014,485.41370512000003,34.2049583511867,364.06027884,29.197916728477733,2026-01-05 05:00:00
2026-01-03 12:00:00,optimistic,652.91893125,643.2394356598159,3036.772942,1761.32830636,62.12300132840124,26.151990585524008,3000.8019312571228,413,41.0,184.58236981795739,0.5,425.1482118800001,0.0,485.88367072,33.677461686027286,364.41275304,28.44553964237395,2026-01-05 05:00:00
2026-01-03 13:00:00,optimistic,646.8873832500001,696.1802597889853,3028.660277,1756.6229606599998,46.90593417152864,0.0,2981.754342828471,413,40.0,181.68514842265293,0.5,424.01243878,0.0,484.58564432000003,18.952802457732048,363.43923323999996,27.953131713796594,2026-01-05 05:00:00
2026-01-03 14:00:00,optimistic,669.87446,717.3553046058017,3021.8817599999998,1752.6914207999998,65.38217324910902,0.0,2956.4995867508906,413,39.0,199.97057463860673,0.5,423.06344640000003,0.0,483.50108159999996,34.89169974971498,362.62581119999993,30.49047349939403,2026-01-05 05:00:00
2026-01-03 15:00:00,optimistic,706.58656475,743.7608211401799,3042.3471759999998,1764.5613620799998,94.98314981642466,0.0,2947.3640261835753,410,35.0,229.01118332707043,0.5,425.92860464,17.224343042172727,486.77554815999997,43.020625529380155,365.08166112,34.73818124487178,2026-01-05 02:00:00
2026-01-03 16:00:00,optimistic,746.0436795,793.0839823966678,3158.93217,1832.1806585999998,35.793526347729724,0.0,3123.1386436522703,410,34.0,260.9111917355865,0.15,442.25050380000005,7.56253557997194,505.42914720000005,16.082553277407754,379.0718604,12.148437490350027,2026-01-05 02:00:00
2026-01-03 17:00:00,optimistic,819.505223,840.6008705162976,3324.195211,1928.0332223799999,45.710325673538144,0.0,3278.484885326462,413,36.0,317.01532258017136,0.15,465.38732954000005,12.162127876039387,531.87123376,22.246869562247962,398.90342532,11.301328235250793,2026-01-05 05:00:00
2026-01-03 18:00:00,optimistic,827.7962605,906.6047697609105,3215.619821,1865.0594961799998,51.041888806165424,0.0,3164.5779321938344,411,33.0,323.33385016388996,0.15,450.18677494,13.517674955557023,514.49917136,22.698147770969722,385.87437851999994,14.82606607963868,2026-01-05 03:00:00
2026-01-03 19:00:00,optimistic,782.494346,709.0991036647142,3114.8417999999997,1806.6082439999998,45.32765965800856,0.0,3069.514140341991,411,32.0,290.86078201374414,0.15,436.077852,12.381717834669411,498.37468799999994,19.79341071057399,373.78101599999997,13.152531112765155,2026-01-05 03:00:00
2026-01-03 20:00:00,optimistic,729.20016025,671.469247129629,2910.211217,1687.92250586,36.78978180062424,0.0,2873.421435199376,411,31.0,251.60835291579932,0.15,407.42957038000003,10.099105279707894,465.63379472,15.84971266964471,349.22534604,10.84096385127164,2026-01-05 03:00:00
2026-01-03 21:00:00,optimistic,680.59305625,554.4283533796383,2875.715707,1667.9151100599997,82.16439726030526,72.94750456811838,2866.498814307813,411,30.0,215.39359046784898,0.4,402.60019898,22.012593239192803,460.11451311999997,35.302443608636786,345.08588483999995,24.84936041247568,2026-01-05 03:00:00
2026-01-03 22:00:00,optimistic,676.8770205,537.4895682503766,2810.159502,1629.89251116,80.51674597601814,44.71074101016252,2774.3534970341443,411,29.0,214.1770340615276,0.4,393.42233028000004,21.33900678413359,449.62552032,35.019925102548456,337.21914024,24.157814089336092,2026-01-05 03:00:00
2026-01-03 23:00:00,optimistic,642.48044825,543.0604075013125,2709.3022,1571.395276,58.81810503600549,0.0,2650.4840949639947,411,28.0,188.40362154230715,0.4,379.30230800000004,18.290967177188822,433.488352,19.833040062667152,325.116264,20.694097796149517,2026-01-05 03:00:00
2026-01-04 00:00:00,optimistic,663.4507835,516.8721190185502,2816.345746,1633.48053268,104.20904110620259,81.67025423414437,2793.806959127942,411,27.0,206.81343494289652,0.6,394.28840444,24.209262363500752,450.61531936,44.82739766404951,337.96148952,35.17238107865232,2026-01-05 03:00:00
2026-01-04 01:00:00,optimistic,637.3639000000001,557.323438776257,2875.770629,1667.94696482,94.31951105722521,24.209262363500752,2805.660380306276,411,26.0,187.28662779120586,0.6,402.60788806000005,21.666061474820438,460.12330064,39.88701803850429,345.09247548,32.76643154390049,2026-01-05 03:00:00
2026-01-04 02:00:00,optimistic,635.216444,472.18345940239584,2842.451415,1648.6218207,87.38685865412634,200.0,2955.064556345874,411,25.0,187.03274173135,0.6,397.9431981,23.70671645764753,454.7922264,40.139788160668424,341.0941698,23.540354035810395,2026-01-05 03:00:00
2026-01-04 03:00:00,optimistic,625.46888975,557.2139435584052,2921.02209,1694.1928122,53.91223403952038,0.0,2867.1098559604798,409,22.0,133.55379266720692,0.6,408.94309260000006,25.39657551431006,467.3635344,4.376442689999749,350.52265079999995,24.139215835210567,2026-01-05 01:00:00
2026-01-04 04:00:00,optimistic,616.65499625,481.4040255461942,2698.1859139999997,1564.9478301199997,54.19537866406637,200.0,2843.990535335933,409,21.0,127.17564948060267,0.6,377.74602796,9.288330057486784,431.70974623999996,23.63899930250073,323.78230967999997,21.26804930407886,2026-01-05 01:00:00
2026-01-04 05:00:00,optimistic,623.003988,504.407288024319,2653.7359220000003,1539.16683476,58.66523568171512,200.0,2795.070686318285,409,20.0,133.60738905725268,0.6,371.5230290800001,11.664538586759692,424.59774752000004,25.061835849551734,318.44831064000005,21.93886124540369,2026-01-05 01:00:00
2026-01-04 06:00:00,optimistic,625.898373,569.205659701669,2623.268102,1521.4954991599998,24.17356286971515,20.952868644246475,2620.047407774531,409,19.0,137.1667778251161,0.3,367.25753428,0.0,419.72289632,13.051863089911421,314.79217224,11.121699779803727,2026-01-05 01:00:00
2026-01-04 07:00:00,optimistic,645.9723855,688.6511844119294,2740.3516889999996,1589.4039796199997,28.951403168422395,0.0,2711.400285831577,409,18.0,155.65035459109043,0.3,383.64923646,0.0,438.4562702399999,15.83821605891756,328.84220267999996,13.113187109504835,2026-01-05 01:00:00
2026-01-04 08:00:00,optimistic,658.22219575,717.764177714208,2890.5728050000002,1676.5322269,30.828072425116893,0.0,2859.7447325748835,409,17.0,167.59270817403385,0.3,404.6801927000001,0.0,462.49164880000006,18.424806858665313,346.86873660000003,12.40326556645158,2026-01-05 01:00:00
2026-01-04 09:00:00,optimistic,704.3644145000001,715.775526249796,2971.1241750000004,1723.2520215000002,72.08957999188932,0.0,2899.034595008111,408,15.0,191.28306598967805,0.5,415.9573845000001,5.575260852658541,475.37986800000004,37.74389289707993,356.53490100000005,28.770426242150847,2026-01-05 00:00:00
2026-01-04 10:00:00,optimistic,707.7630025000001,770.9521904244885,3055.1516239999996,1771.9879419199997,77.98259496924155,0.0,2977.169029030758,408,14.0,195.85795601623636,0.5,427.72122736,7.0184435286027265,488.82425983999997,40.72442560030188,366.6181948799999,30.239725840336938,2026-01-05 00:00:00
2026-01-04 11:00:00,optimistic,678.8003875,782.2419660408484,3059.262929,1774.37249882,65.08767898061924,0.0,2994.1752500193807,408,13.0,171.3292625481801,0.5,428.29681006000004,2.566149560488853,489.48206864,36.83363071063845,367.11155148,25.687898709491947,2026-01-05 00:00:00
2026-01-04 12:00:00,optimistic,668.82875875,739.7906814499069,3057.1056430000003,1773.1212729400002,57.396915362766116,0.0,2999.708727637234,412,16.0,159.07397918290306,0.5,427.9947900200001,0.8098681271732587,489.13690288000004,31.695673517911118,366.85267716000004,24.891373717681738,2026-01-05 04:00:00
2026-01-04 13:00:00,optimistic,648.17584575,664.949619877276,3020.8909980000003,1752.11677884,50.87573829465606,15.96972206892338,2985.984981774268,412,15.0,142.0341843677637,0.5,422.9247397200001,0.0,483.3425596800001,28.802293414420447,362.50691976,22.073444880235616,2026-01-05 04:00:00
2026-01-04 14:00:00,optimistic,692.2266525,723.8644712558264,2968.710533,1721.8521091399998,64.53496264059756,0.0,2904.175570359402,412,14.0,182.55838589423075,0.5,415.61947462,0.0,474.99368528,37.01197866970766,356.24526396,27.522983970889893,2026-01-05 04:00:00
2026-01-04 15:00:00,optimistic,696.1294085,699.4851847627035,3022.6472510000003,1753.13540558,40.97226505990278,0.0,2981.6749859400975,412,13.0,132.02650208489806,0.5,423.1706151400001,0.0,483.62356016000007,28.002251829153522,362.71767012000004,12.97001323074926,2026-01-05 04:00:00
2026-01-04 16:00:00,optimistic,751.365625,896.5008512313478,3169.629179,1838.3849238199998,16.998295500352782,0.0,3152.630883499647,459,59.0,112.96192162938289,0.15,443.74808506000005,3.582311609874793,507.14066864,7.849065078423396,380.35550148,5.566918812054594,2026-01-07 03:00:00
2026-01-04 17:00:00,optimistic,884.5636895,979.2100481391179,3361.1011790000002,1949.43868382,40.19234873142374,0.0,3320.9088302685764,406,5.0,224.85997237670585,0.15,470.55416506000006,9.758706924563832,537.7761886400001,19.108744490871107,403.33214148,11.324897315988801,2026-01-04 22:00:00
2026-01-04 18:00:00,optimistic,905.14189375,862.0674477719222,3256.333645,1888.6735141,43.952283504740535,0.0,3212.3813614952596,406,4.0,246.59619316481923,0.15,455.88671030000006,11.473967615210244,521.0133832,20.56178693500699,390.7600374,11.916528954523304,2026-01-04 22:00:00
2026-01-04 19:00:00,optimistic,894.199208,785.323807299691,3091.5324330000003,1793.08881114,42.02171251614804,0.0,3049.5107204838523,406,3.0,237.89368714925087,0.15,432.81454062000006,11.693576480420035,494.64518928000007,19.370553637139974,370.98389196000005,10.957582398588038,2026-01-04 22:00:00
2026-01-04 20:00:00,optimistic,839.9340354999999,761.3728369910417,2971.730088,1723.6034510399998,33.708736640581236,0.0,2938.0213513594185,406,2.0,186.40063080059772,0.15,416.04221232000003,9.935555451282818,475.47681408,15.345566762919093,356.60761055999996,8.427614426379325,2026-01-04 22:00:00
2026-01-04 21:00:00,optimistic,744.6991855,758.0421584691993,2921.441122,1694.43585076,42.40955570665012,0.0,2879.03156629335,459,54.0,113.24407007283365,0.4,409.00175708000006,14.892637942312792,467.43057952000004,13.80090397649542,350.57293464,13.716013787841906,2026-01-07 03:00:00
2026-01-04 22:00:00,optimistic,715.30710025,650.5270075657218,3106.212661,1801.6033433799998,35.64460926850303,200.0,3270.568051731497,459,53.0,94.91877359980946,0.4,434.86977254000004,9.577310669717669,496.99402576,13.79675544029343,372.74551931999997,12.270543158491932,2026-01-07 03:00:00
2026-01-04 23:00:00,optimistic,666.34518125,658.6826389115965,3096.384438,1795.90297404,96.86519554234691,23.3740661100111,3022.893308567664,410,3.0,236.57840131244348,0.4,433.49382132000005,33.480513799845596,495.42151008,55.17561320487596,371.56613255999997,8.209068537625358,2026-01-05 02:00:00
2026-01-05 00:00:00,optimistic,690.573958,488.6933598361881,3222.0989649999997,1868.8173996999997,17.204884357463047,200.0,3404.8940806425367,458,50.0,76.32619127195443,0.6,451.0938551,0.562313840042683,515.5358344,1.240434977603537,386.65187579999997,15.402135539816827,2026-01-07 02:00:00
2026-01-05 01:00:00,optimistic,663.6463995,466.2142644964818,3210.98913,1862.3736953999999,11.841811085934927,200.0,3399.147318914065,458,49.0,58.74418770910092,0.6,449.53847820000004,0.0,513.7582608,0.0,385.31869559999996,11.841811085934927,2026-01-07 02:00:00
2026-01-05 02:00:00,optimistic,646.1677695,403.57504073127893,3357.574646,1947.3932946799998,9.98471327534687,200.0,3547.589932724653,458,48.0,47.310781850616216,0.6,470.06045044000007,0.0,537.21194336,0.0,402.90895752,9.98471327534687,2026-01-07 02:00:00
2026-01-05 03:00:00,optimistic,644.7112185,406.7741373830704,3263.093197,1892.59405426,9.577133830846785,200.0,3453.5160631691533,458,47.0,46.6907147809193,0.6,456.8330475800001,0.0,522.09491152,0.0,391.57118364,9.577133830846785,2026-01-07 02:00:00
2026-01-05 04:00:00,optimistic,653.543908,488.0327500587019,3134.860224,1818.21892992,10.472433411918782,200.0,3324.3877905880813,458,46.0,53.17899475776694,0.6,438.88043136000005,0.0,501.57763584,0.0,376.18322688,10.472433411918782,2026-01-07 02:00:00
2026-01-05 05:00:00,optimistic,678.66009625,396.6837209896655,3018.479695,1750.7182231,13.456781177008764,200.0,3205.022913822991,458,45.0,71.12910293386106,0.6,422.58715730000006,0.0,482.9567512,0.0,362.21756339999996,13.456781177008764,2026-01-07 02:00:00
2026-01-05 06:00:00,optimistic,814.3435565,686.6936873501045,3250.636659,1885.3692622199997,29.600050899925744,1.80274881764622,3222.83935691772,458,44.0,167.12389844526007,0.3,455.08913226,1.7410904445979714,520.10186544,11.218085241757565,390.07639908,16.640875213570208,2026-01-07 02:00:00
2026-01-05 07:00:00,optimistic,965.89973375,801.2696879742371,3484.4994129999995,2021.0096595399996,70.70233664591811,1.7410904445979714,3415.5381667986794,458,43.0,275.908810164504,0.3,487.82991782,14.346908849266228,557.5199060799999,28.224090586792467,418.1399295599999,28.131337209859403,2026-01-07 02:00:00
2026-01-05 08:00:00,optimistic,1129.201683,949.0812962400796,3631.438613,2106.2343955399997,121.96660006482477,0.0,3509.472012935175,435,19.0,371.9636970272371,0.3,508.40140582000004,37.54027127644729,581.0301780799999,47.017423536141465,435.77263356,37.40890525223603,2026-01-06 03:00:00
2026-01-05 09:00:00,optimistic,1136.484434,857.7074800916126,3649.0165890000003,2116.42962162,207.36596325993133,37.54027127644729,3479.190897016516,435,18.0,381.2573861093114,0.5,510.8623224600001,61.22721773095616,583.8426542400001,82.30263282805672,437.88199068,63.836112700918456,2026-01-06 03:00:00
2026-01-05 10:00:00,optimistic,1087.8393415,962.6445473299055,3725.94332,2161.0471255999996,197.19343786180437,0.0,3528.7498821381955,460,42.0,341.79442486323086,0.5,521.6320648000001,60.53005470364774,596.1509312,76.7809665606165,447.1131984,59.88241659754012,2026-01-07 04:00:00
2026-01-05 11:00:00,optimistic,1021.09931825,860.8188839222532,3725.5123310000004,2160.79715198,165.18511102433575,0.0,3560.327219975665,460,41.0,296.46270222504427,0.5,521.57172634,53.150583315599846,596.08197296,58.746941251972,447.06147972,53.28758645676391,2026-01-07 04:00:00
2026-01-05 12:00:00,optimistic,1004.14357925,801.7590053885937,3634.4332919999997,2107.97130936,101.07916834657027,189.25476459946998,3722.6088882528993,483,63.0,254.38991574284523,0.5,508.82066088,0.0,581.50932672,55.51091358917655,436.13199503999994,45.56825475739371,2026-01-08 03:00:00
2026-01-05 13:00:00,optimistic,1005.24529525,1020.146719840337,3617.2958399999998,2098.0315871999996,99.90302351338424,0.0,3517.3928164866156,483,62.0,257.10410008087297,0.5,506.42141760000004,0.0,578.7673344,54.125068345808735,434.07550079999993,45.777955167575506,2026-01-08 03:00:00
2026-01-05 14:00:00,optimistic,1052.24714625,1048.0992172148644,3561.800125,2065.8440725,114.90607724389426,0.0,3446.894047756106,456,34.0,294.49542419894095,0.5,498.65201750000006,0.0,569.8880200000001,64.24484821483165,427.416015,50.66122902906261,2026-01-07 00:00:00
2026-01-05 15:00:00,optimistic,1125.50426,1144.9349161430207,3491.688912,2025.1795689599999,158.79576625085824,0.0,3332.8931457491417,456,33.0,353.1203615783455,0.5,488.83644768000005,22.715635712620227,558.67022592,78.49800705229757,419.00266944,57.582123485940436,2026-01-07 00:00:00
2026-01-05 16:00:00,optimistic,1359.7851405000001,1405.4760361922408,3568.7985320000003,2069.90314856,57.368120636255014,0.0,3511.4304113637454,436,12.0,555.1232720810661,0.15,499.6317944800001,17.37420661366514,571.00776512,36.86183763552782,428.25582384,3.1320763870620567,2026-01-06 04:00:00
2026-01-05 17:00:00,optimistic,1670.030823,1663.0062217583,3683.348724,2136.34225992,107.64869861272246,0.0,3575.7000253872775,433,8.0,826.5020432343739,0.15,515.66882136,30.280988885163932,589.3357958400001,47.69918217889193,442.00184687999996,29.668527548666585,2026-01-06 01:00:00
2026-01-05 18:00:00,optimistic,1596.4935865,1589.4694777915245,3546.72046,2057.0978668,102.27591754856468,0.0,3444.444542451435,433,7.0,763.6082432591113,0.15,496.54086440000003,29.377574469918116,567.4752736,45.102490812887886,425.60645519999997,27.79585226575867,2026-01-06 01:00:00
2026-01-05 19:00:00,optimistic,1365.4432864999999,1412.8196709652216,3388.361694,1965.24978252,83.35910477220303,0.0,3305.002589227797,456,29.0,554.8616757024694,0.15,474.37063716000006,23.102965592256343,542.13787104,37.41071384011361,406.60340328,22.845425339833067,2026-01-07 00:00:00
2026-01-05 20:00:00,optimistic,1098.2779305,1121.3009723745872,3283.707955,1904.5506138999997,49.53505089598471,0.0,3234.1729041040153,456,28.0,345.76905969477673,0.15,459.71911370000004,9.82280994032243,525.3932728,23.733745552418974,394.0449546,15.978495403243308,2026-01-07 00:00:00
2026-01-05 21:00:00,optimistic,964.33114425,950.2469126719513,3140.3583089999997,1821.4078192199997,89.19203470646163,99.74840568136742,3150.9146799749055,483,54.0,247.53487631832394,0.4,439.65016326,20.675111560188633,502.45732943999997,37.76800573430998,376.84299708,30.748917411963014,2026-01-08 03:00:00
2026-01-05 22:00:00,optimistic,925.0975915,941.3743928075789,3022.307997,1752.9386382599998,74.09941286391977,0.0,2948.20858413608,483,53.0,223.8477237184715,0.4,423.12311958000004,17.480258451201543,483.56927952,29.574064069084393,362.67695963999995,27.045090343633834,2026-01-08 03:00:00
2026-01-05 23:00:00,optimistic,831.3553595000001,817.4528287156262,2956.354358,1714.68552764,37.412379320135884,200.0,3118.941978679864,483,52.0,163.80578681374493,0.4,413.88961012000004,5.503465343825876,473.01669728,12.109056636844684,354.76252296,19.79985733946532,2026-01-08 03:00:00
2026-01-06 00:00:00,optimistic,782.01930075,768.0474081428922,3390.3015670000004,1966.37490886,50.73149242232891,114.25785484114854,3453.82792941882,483,51.0,132.3140518664365,0.6,474.6422193800001,2.204822402483278,542.44825072,20.760312521235033,406.83618804,27.7663574986106,2026-01-08 03:00:00
2026-01-06 01:00:00,optimistic,781.644409,788.903277146981,3289.2077639999998,1907.7405031199996,26.421165428627155,186.69556518162878,3449.4821637530013,483,50.0,133.12551218932623,0.6,460.48908696,2.3412745339630225,526.27324224,20.786323413306107,394.70493167999996,3.293567481358025,2026-01-08 03:00:00
2026-01-06 02:00:00,optimistic,758.815323,701.4169156602661,3376.379653,1958.3001987399998,45.49586648164097,157.54414695099064,3488.4279334693497,533,99.0,111.17269242368693,0.6,472.69315142000005,10.755930244471443,540.22074448,11.386090807379446,405.16555836,23.353845429790077,2026-01-10 05:00:00
2026-01-06 03:00:00,optimistic,747.9238725,696.176337524609,3343.555304,1939.2620763199998,37.335434315396036,200.0,3506.219869684604,533,98.0,107.09286555101637,0.6,468.09774256000003,0.0,534.96884864,15.037418276858634,401.22663647999997,22.2980160385374,2026-01-10 05:00:00
2026-01-06 04:00:00,optimistic,765.596793,748.7281671227709,3206.0807839999998,1859.5268547199998,41.35940708253311,200.0,3364.721376917467,533,97.0,116.08688798800229,0.6,448.85130976,0.0,512.9729254399999,18.22914784552763,384.72969407999994,23.13025923700548,2026-01-10 05:00:00
2026-01-06 05:00:00,optimistic,799.5789002500001,769.1939666399674,3164.205852,1835.2393941599998,51.716189127993715,22.15861891711686,3134.648281789123,484,47.0,136.1978885967568,0.6,442.98881928000003,0.0,506.27293632000004,25.06853304033101,379.70470224,26.647656087662703,2026-01-08 04:00:00
2026-01-06 06:00:00,optimistic,906.3451050000001,915.7725249778583,3415.09322,1980.7540675999999,46.88705646077241,0.0,3368.206163539228,481,43.0,212.62756703911964,0.3,478.11305080000005,0.0,546.4149152,25.013856147064818,409.8111864,21.8732003137076,2026-01-08 01:00:00
2026-01-06 07:00:00,optimistic,1034.9502495000002,1007.7095272343638,3587.436429,2080.71312882,79.74213699221485,0.0,3507.694292007785,461,22.0,317.42678108450474,0.3,502.24110006,6.596119042160143,573.98982864,40.560199961061954,430.49237148,32.58581798899276,2026-01-07 05:00:00
2026-01-06 08:00:00,optimistic,1226.90523275,1184.5361217099414,3747.6464180000003,2173.63492244,135.05330117980668,0.0,3612.5931168201937,461,21.0,482.24626130873867,0.3,524.6704985200001,27.37928406659753,599.62342688,61.27088455324379,449.71757016000004,46.403132559965364,2026-01-07 05:00:00
2026-01-06 09:00:00,optimistic,1261.541212,1305.5106750676466,3692.081839,2141.40746662,244.23485764791417,0.0,3447.846981352086,461,20.0,515.6345391063367,0.5,516.8914574600001,56.131111874340675,590.73309424,108.63774633373835,443.04982068,79.46599943983513,2026-01-07 05:00:00
2026-01-06 10:00:00,optimistic,1157.0915685,1150.318279485404,3690.268617,2140.35579786,139.60811972880816,0.0,3550.660497271192,481,39.0,403.0834646289034,0.5,516.6376063800001,42.23041802006245,590.44297872,30.091369113017862,442.83223404,67.28633259572786,2026-01-08 01:00:00
2026-01-06 11:00:00,optimistic,1100.4671895,1102.4930356406376,3673.00296,2130.3417167999996,182.139753979163,0.0,3490.863206020837,481,38.0,364.5401521309948,0.5,514.2204144,33.98499626937219,587.6804736,86.06276559344295,440.76035519999994,62.09199211634787,2026-01-08 01:00:00
2026-01-06 12:00:00,optimistic,1005.0221065000001,962.2796609135963,3597.801338,2086.72477604,130.61161262567975,166.321929272533,3633.5116546468535,484,40.0,293.22495790151623,0.5,503.6921873200001,11.860350976122982,575.64821408,67.76419489545526,431.73616056000003,50.9870667541015,2026-01-08 04:00:00
2026-01-06 13:00:00,optimistic,972.9642457499999,956.6327640142445,3622.579924,2101.09635592,94.33835450523726,11.860350976122982,3540.1019204708855,484,39.0,272.1144039318526,0.5,507.16118936000004,0.0,579.61278784,46.17303951110179,434.70959088,48.16531499413547,2026-01-08 04:00:00
2026-01-06 14:00:00,optimistic,976.700555,980.028232691296,3620.1931830000003,2099.71204614,107.45386485514811,0.0,3512.7393181448524,484,38.0,277.0569264717101,0.5,506.8270456200001,1.6869112140609748,579.2309092800001,56.88141149971063,434.42318196,48.885542141376504,2026-01-08 04:00:00
2026-01-06 15:00:00,optimistic,1023.64780025,989.117992927331,3587.1894409999995,2080.5698757799996,120.55244805179089,0.0,3466.6369929482084,484,37.0,314.2010421918122,0.5,502.20652173999997,28.207775202068472,573.9503105599999,67.03025282699859,430.46273291999995,25.314420022723823,2026-01-08 04:00:00
2026-01-06 16:00:00,optimistic,1083.5975435,1094.8684840503702,3622.73402,2101.1857315999996,54.16579159120337,0.0,3568.5682284087966,482,34.0,348.63609028796935,0.15,507.18276280000003,12.165293824509723,579.6374432,24.256851042348526,434.72808239999995,17.74364672434513,2026-01-08 02:00:00
2026-01-06 17:00:00,optimistic,1143.26705675,1125.2478960524359,3754.062479,2177.35623782,66.97628811698557,0.0,3687.0861908830148,462,13.0,402.43867676520887,0.15,525.5687470600001,16.895030921770037,600.64999664,29.570460297553524,450.48749748,20.51079689766201,2026-01-07 06:00:00
2026-01-06 18:00:00,optimistic,1107.9585585,1099.2077460062017,3647.153761,2115.3491813799997,62.58444662046814,0.0,3584.569314379532,482,32.0,373.11801622331234,0.15,510.60152654000007,16.52747200354328,583.54460176,27.227039756648207,437.65845132,18.829934860276655,2026-01-08 02:00:00
2026-01-06 19:00:00,optimistic,1039.5833587500001,1021.5321603831183,3445.1458390000003,1998.1845866200001,50.65344301424104,0.0,3394.4923959857592,482,31.0,322.7576650342687,0.15,482.3204174600001,13.731511481194083,551.2233342400001,21.06067470982951,413.41750068,15.861256823217454,2026-01-08 02:00:00
2026-01-06 20:00:00,optimistic,908.6990075,964.2673530352681,3375.7558320000003,1957.93838256,27.592479809468724,1.6869112140609748,3349.8502634045926,482,30.0,222.39280492611255,0.15,472.6058164800001,6.700279222357705,540.12093312,9.630897220673782,405.09069984,11.261303366437236,2026-01-08 02:00:00
2026-01-06 21:00:00,optimistic,811.2550085,810.8500917578621,3275.665148,1899.88578584,96.3011784117592,154.4893948835001,3333.853364471741,458,5.0,196.89157828630206,0.4,458.59312072000006,25.41459901081137,524.10642368,49.757881166935825,393.07981775999997,21.128698234012003,2026-01-07 02:00:00
2026-01-06 22:00:00,optimistic,763.878074,732.146746131323,3102.2953820000002,1799.33132156,36.53465003418298,200.0,3265.7607319658173,533,79.0,133.15335541958459,0.4,434.3213534800001,9.320299077950239,496.36726112,10.172284064370322,372.27544584000003,17.04206689186242,2026-01-10 05:00:00
2026-01-06 23:00:00,optimistic,693.59732675,718.2736741130957,3046.9699219999998,1767.2425547599998,29.79313249141081,200.0,3217.176789508589,533,78.0,96.56664399635018,0.4,426.57578908,14.213756578644876,487.51518752,3.337789378880814,365.63639063999995,12.24158653388512,2026-01-10 05:00:00
2026-01-07 00:00:00,optimistic,702.32159,665.6962805008693,3255.889023,1888.4156333399999,56.564469280220194,200.0,3399.32455371978,533,77.0,102.05425469625023,0.6,455.82446322000004,27.408022880359468,520.94224368,8.442737105315038,390.70668276000004,20.713709294545687,2026-01-10 05:00:00
2026-01-07 01:00:00,optimistic,662.1382140000001,668.4041218501427,3370.635804,1954.9687663199998,39.78776383011457,123.90915527084404,3454.7571954407294,529,72.0,74.77898810751911,0.6,471.88901256,22.352730162130047,539.30172864,1.645740170785141,404.47629648,15.789293497199377,2026-01-10 01:00:00
2026-01-07 02:00:00,optimistic,635.4987645,576.7086607836068,3357.115772,1947.1271477599998,32.25839667096274,200.0,3524.8573753290375,529,71.0,60.284172245319816,0.6,469.9962080800001,17.867369845714155,537.13852352,1.6881187688055228,402.85389263999997,12.702908056443059,2026-01-10 01:00:00
2026-01-07 03:00:00,optimistic,610.11094925,570.265367783047,3418.7015920000003,1982.8469233600001,10.815057296310393,121.60442376286233,3529.490958466552,529,70.0,46.2666296892294,0.6,478.6182228800001,0.15630119959453978,546.9922547200001,0.7156508131951794,410.24419104000003,9.943105283520673,2026-01-10 01:00:00
2026-01-07 04:00:00,optimistic,603.64722725,609.5530643260737,3395.1761340000003,1969.20215772,6.7585145616242315,113.32630425389857,3501.7439236922746,528,68.0,31.629447628727082,0.6,475.3246587600001,0.0,543.2281814400001,0.0,407.42113608,6.7585145616242315,2026-01-10 00:00:00
2026-01-07 05:00:00,optimistic,634.2844775,656.4384748998623,3309.187477,1919.3287366599998,11.970283780791155,158.45494998879326,3455.672143208002,528,67.0,49.80886033449243,0.6,463.28624678000006,0.0,529.46999632,1.6124109570458895,397.10249724,10.357872823745264,2026-01-10 00:00:00
2026-01-07 06:00:00,optimistic,691.5798695,696.720917935699,3280.94216,1902.9464527999999,15.149837369643286,195.90635202336796,3461.698674653725,528,66.0,84.00079802907393,0.3,459.33190240000005,0.0,524.9507456,6.530379809980037,393.7130592,8.61945755966325,2026-01-10 00:00:00
2026-01-07 07:00:00,optimistic,741.42144225,737.9519937783529,3540.70711,2053.6101237999997,28.80051770157259,0.0,3511.9065922984273,504,41.0,120.25031957494002,0.3,495.6989954,2.7867023188624467,566.5131375999999,12.796555369033314,424.88485319999995,13.217260013676832,2026-01-09 00:00:00
2026-01-07 08:00:00,optimistic,817.1178639999999,808.0847531323212,3665.362247,2125.9101032599997,55.169559070173044,0.0,3610.192687929827,504,40.0,176.18306418736856,0.3,513.15071458,12.963101524923692,586.45795952,22.485528133709586,439.84346963999997,19.720929411539764,2026-01-09 00:00:00
2026-01-07 09:00:00,optimistic,837.8727475000001,793.5170877889773,3678.155503,2133.33019174,106.35462637084314,0.0,3571.800876629157,504,39.0,192.79037296585707,0.5,514.94177042,27.51036964773307,588.50488048,42.96688240431896,441.37866035999997,35.87737431879111,2026-01-09 00:00:00
2026-01-07 10:00:00,optimistic,809.36514125,787.7698149981587,3830.588779,2221.7414918199997,101.28812870960806,0.0,3729.3006502903922,504,38.0,173.30423467786224,0.5,536.28242906,27.201235851405887,612.89420464,40.26506308907771,459.67065348,33.82182976912446,2026-01-09 00:00:00
2026-01-07 11:00:00,optimistic,746.7642965,732.9451333712063,3878.679838,2249.63430604,51.900154235772874,0.0,3826.7796837642272,504,37.0,128.13450780055447,0.5,543.01517732,18.277812997260384,620.58877408,7.958919693752506,465.44158056,25.66342154475998,2026-01-09 00:00:00
2026-01-07 12:00:00,optimistic,719.732526,751.4461927865675,3735.219553,2166.4273407399996,51.490792143129525,0.0,3683.7287608568704,504,36.0,108.89631183213618,0.5,522.93073742,13.787707618180418,597.63512848,16.603428491383575,448.22634636,21.099656033565534,2026-01-09 00:00:00
2026-01-07 13:00:00,optimistic,696.100745,706.4092936870538,3764.8281979999997,2183.6003548399995,38.78141741196035,2.7867023188624467,3728.8334829069017,528,59.0,91.65896140216428,0.5,527.07594772,9.626920581350848,602.37251168,11.191577561829304,451.77938376,17.962919268780198,2026-01-10 00:00:00
2026-01-07 14:00:00,optimistic,711.4940745,658.602869839118,3701.890143,2147.09628294,35.09740311288014,109.3671482208543,3776.159888107974,528,58.0,102.07393858888264,0.5,518.26462002,0.0,592.30242288,15.467752673963684,444.22681716,19.629650438916453,2026-01-10 00:00:00
2026-01-07 15:00:00,optimistic,760.98071675,770.7032358318439,3566.4761129999997,2068.5561455399998,65.31963783548991,0.0,3501.1564751645096,528,57.0,134.2591238009822,0.5,499.30665582,12.287188193317947,570.6361780799999,28.34635869583008,427.97713355999997,24.68609094634188,2026-01-10 00:00:00
2026-01-07 16:00:00,optimistic,794.96189925,783.4094308375105,3636.153283,2108.9689041399997,25.553368649818026,0.0,3610.599914350182,528,56.0,157.04824123127386,0.15,509.06145962000005,5.060958803930997,581.78452528,11.718162440491536,436.33839396,8.774247405395494,2026-01-10 00:00:00
2026-01-07 17:00:00,optimistic,935.46360675,915.1559467408213,3777.515414,2190.9589401199996,51.1032596973715,0.0,3726.4121543026286,480,7.0,266.8764077556561,0.15,528.85215796,12.339801089212184,604.40246624,23.94730470501525,453.30184968,14.816153903144068,2026-01-08 00:00:00
2026-01-07 18:00:00,optimistic,927.33725175,945.687540415226,3697.475632,2144.5358665599997,50.88610172398995,0.0,3646.58953027601,480,6.0,261.27447836553654,0.15,517.6465884800001,13.131372827526393,591.5961011200001,23.517903791242635,443.69707584,14.23682510522092,2026-01-08 00:00:00
2026-01-07 19:00:00,optimistic,860.1221235,891.0521091748785,3521.290946,2042.34874868,39.2546710446906,0.0,3482.0362749553096,528,53.0,203.5053998346813,0.15,492.98073244000005,10.51302774138531,563.40655136,17.909301700879425,422.55491352,10.83234160242587,2026-01-10 00:00:00
2026-01-07 20:00:00,optimistic,728.81160075,756.750004323486,3578.123986,2075.31191188,17.589354888116358,0.0,3560.5346311118838,528,52.0,118.51701144156829,0.15,500.93735804000005,3.8551348710959,572.49983776,7.149291221930288,429.37487832,6.5849287950901685,2026-01-10 00:00:00
2026-01-07 21:00:00,optimistic,693.9897525,668.8132268033208,3465.374985,2009.9174912999997,28.24636701997416,12.287188193317947,3449.4158061733438,528,51.0,96.31315660336908,0.4,485.1524979,6.065969001528329,554.4599976,8.293679081682543,415.84499819999996,13.88671893676329,2026-01-10 00:00:00
2026-01-07 22:00:00,optimistic,679.8480480000001,670.5716767244636,3240.231444,1879.33423752,19.33044498653836,98.68265302268308,3319.583652036145,528,50.0,87.60728410093145,0.4,453.63240216,3.071418802277529,518.43703104,4.429116993750717,388.82777328,11.829909190510115,2026-01-10 00:00:00
2026-01-07 23:00:00,optimistic,652.554738,662.492640942107,3079.2851729999998,1785.9854003399998,16.774036839120292,19.132004256591603,3081.6431404174714,581,102.0,57.110291807513626,0.4,431.09992422,6.872148806006245,492.68562768,2.540309619618192,369.51422075999994,7.361578413495855,2026-01-12 05:00:00
2026-01-08 00:00:00,optimistic,623.94938225,653.2157360636708,3302.1042,1915.220436,22.67138319320271,157.4484329433973,3436.8812497501945,581,101.0,44.81820719781407,0.6,462.2945880000001,4.74289339766914,528.336672,8.623914599966879,396.252504,9.304575195566692,2026-01-12 05:00:00
2026-01-08 01:00:00,optimistic,620.79242875,606.4172016146413,3367.734656,1953.28610048,29.976403400103393,163.5822180426539,3501.340470642551,505,24.0,50.43383583336068,0.6,471.4828518400001,0.0,538.8375449600001,20.710137579265723,404.12815872,9.266265820837669,2026-01-09 01:00:00
2026-01-08 02:00:00,optimistic,631.5521125,625.9823432000856,3140.9667489999997,1821.7607144199997,8.77717451314614,200.0,3332.1895744868534,535,53.0,42.17852765596164,0.6,439.73534486,0.0,502.55467983999995,0.4459740090165536,376.91600987999993,8.331200504129585,2026-01-10 07:00:00
2026-01-08 03:00:00,optimistic,616.23453125,583.0444820298192,3084.088062,1788.7710759599997,40.091695862499265,200.0,3243.9963661375004,506,23.0,90.64488595770514,0.6,431.77232868,0.0,493.45408992,33.80075193106079,370.09056744,6.290943931438474,2026-01-09 02:00:00
2026-01-08 04:00:00,optimistic,637.1000745,601.2138757775799,3095.0871260000004,1795.15053308,10.608589011460245,200.0,3284.4785369885403,535,51.0,46.5480894099262,0.6,433.3121976400001,0.0,495.21394016000005,1.552177000719658,371.41045512000005,9.056412010740587,2026-01-10 07:00:00
2026-01-08 05:00:00,optimistic,656.69540375,681.071178421826,3069.4700009999997,1780.2926005799998,17.084434586406246,0.0,3052.3855664135936,535,50.0,60.057109649070775,0.6,429.72580014,0.0,491.11520016,5.513367631174432,368.33640011999995,11.571066955231812,2026-01-10 07:00:00
2026-01-08 06:00:00,optimistic,731.35935425,772.0465551071247,3142.340565,1822.5575276999998,21.641861513704406,0.0,3120.6987034862955,535,49.0,110.9902320063142,0.3,439.92767910000003,0.0,502.7744904,10.791738099852877,377.08086779999996,10.85012341385153,2026-01-10 07:00:00
2026-01-08 07:00:00,optimistic,946.79581125,944.63550760259,3450.3968259999997,2001.2301590799998,64.6904440358108,0.0,3385.706381964189,503,16.0,279.49677657261464,0.3,483.05555564,0.0,552.06349216,36.52378653484701,414.0476191199999,28.16665750096379,2026-01-08 23:00:00
2026-01-08 08:00:00,optimistic,1261.3483035,1291.4542904367606,3598.7826069999996,2087.2939120599995,114.46598960380749,0.0,3484.316617396192,503,15.0,560.7247523770549,0.3,503.82956498,0.0,575.80521712,68.51759776745212,431.85391283999996,45.94839183635537,2026-01-08 23:00:00
2026-01-08 09:00:00,optimistic,1440.00384925,1450.852930001429,3596.416559,2085.9216042199996,225.44702632659306,0.0,3370.969532673407,502,13.0,677.8816854954089,0.5,503.49831826,0.0,575.42664944,135.95822497239536,431.56998708,89.4888013541977,2026-01-08 22:00:00
2026-01-08 10:00:00,optimistic,1553.6716045,1534.3180118618463,3645.244088,2114.2415710399996,243.94686046479188,0.0,3401.297227535208,502,12.0,786.5895545870189,0.5,510.33417232000005,0.0,583.23905408,147.69357897892988,437.42929055999997,96.25328148586199,2026-01-08 22:00:00
2026-01-08 11:00:00,optimistic,1592.3765945,1603.2184626652524,3603.7244180000002,2090.16016244,66.56433818101041,0.0,3537.1600798189897,502,11.0,828.3520247221976,0.5,504.52141852000005,0.0,576.59590688,52.30642102107012,432.44693016,14.257917159940291,2026-01-08 22:00:00
2026-01-08 12:00:00,optimistic,1645.8574437500001,1691.9985407439792,3547.2891459999996,2057.42770468,244.9880246342954,0.0,3302.301121365704,527,35.0,780.34924924688,0.5,496.62048044,21.74122961385768,567.56626336,129.84438910292738,425.67469751999994,93.40240591751036,2026-01-09 23:00:00
2026-01-08 13:00:00,optimistic,1764.9984797500001,1763.9236985767016,3528.283538,2046.40445204,327.3489765272455,0.0,3200.9345614727545,527,34.0,877.3851870872843,0.5,493.9596953200001,70.15561089707262,564.52536608,160.72851689627907,423.39402456,96.46484873389382,2026-01-09 23:00:00
2026-01-08 14:00:00,optimistic,1976.9790845,2023.9183941744202,3473.212653,2014.46333874,56.01718711466227,0.0,3417.195465885338,527,33.0,1047.2279152985789,0.5,486.24977142000006,18.813000106152415,555.71402448,27.071441659914036,416.78551835999997,10.132745348595819,2026-01-09 23:00:00
2026-01-08 15:00:00,optimistic,1975.72755625,1897.1352031273075,3425.690407,1986.90043606,166.70929441260688,45.88444176606645,3304.8655543534596,506,11.0,1063.0259254180119,0.5,479.59665698000003,64.04177502760464,548.1104651200001,5.470731172660123,411.08284884,97.19678821234211,2026-01-09 02:00:00
2026-01-08 16:00:00,optimistic,1938.909265,1963.5663401312568,3570.7613480000005,2071.04158184,105.96778523990272,0.0,3464.7935627600978,505,9.0,1047.2033261241813,0.15,499.9065887200001,25.456080808341603,571.3218156800001,50.232548268471874,428.49136176,30.27915616308925,2026-01-09 01:00:00
2026-01-08 17:00:00,optimistic,1747.3458855,1749.9572975471451,3682.449461,2135.82068738,96.29484722603283,0.0,3586.1546137739674,507,10.0,944.2728820747727,0.15,515.5429245400001,18.726290237587182,589.19191376,51.144248179269006,441.89393532,26.424308809176637,2026-01-09 03:00:00
2026-01-08 18:00:00,optimistic,1489.8981125,1480.927891986024,3544.1569139999997,2055.6110101199997,94.77496093984453,65.92360065978646,3515.3055537199416,508,10.0,791.0254838277283,0.15,496.18196796,20.84691607456344,567.06510624,47.615539578625054,425.2988296799999,26.312505286656027,2026-01-09 04:00:00
2026-01-08 19:00:00,optimistic,1040.45732925,1043.210152546065,3457.884844,2005.5732095199999,74.38003715045045,200.0,3583.50480684955,508,9.0,491.2046979561323,0.15,484.1038781600001,19.148663957743903,553.26157504,38.80849580860373,414.94618128,16.42287738410282,2026-01-09 04:00:00
2026-01-08 20:00:00,optimistic,763.07799975,703.4509323119732,3418.214497,1982.56440826,45.30551142282476,200.0,3572.9089855771754,508,8.0,299.0624788063462,0.15,478.55002958000006,10.93511969520592,546.91431952,27.654710213129402,410.18573963999995,6.715681514489442,2026-01-09 04:00:00
2026-01-08 21:00:00,optimistic,705.973227,699.3830703648746,3220.236563,1867.7372065399998,102.42464559878385,200.0,3317.8119174012163,508,7.0,265.0188324276261,0.4,450.83311882000004,28.047167189317687,515.23785008,63.104926678672044,386.42838756,11.272551730794113,2026-01-09 04:00:00
2026-01-08 22:00:00,optimistic,677.1126455,687.8260226453524,3218.107217,1866.50218586,86.4638430690039,200.0,3331.6433739309964,507,5.0,226.44669104264446,0.4,450.5350103800001,22.816327720969753,514.89715472,55.26331559190104,386.17286604000003,8.38419975613312,2026-01-09 03:00:00
2026-01-08 23:00:00,optimistic,584.79608925,629.1329105922455,3144.911798,1824.04884284,65.54526903951228,200.0,3279.366528960488,507,4.0,171.84910358154508,0.4,440.28765172000004,20.934831257953878,503.18588768,38.22660707422915,377.38941576,6.383830707329253,2026-01-09 03:00:00
2026-01-09 00:00:00,optimistic,590.03938125,574.4912747017906,3293.271362,1910.0973899599999,125.45840881551142,200.0,3367.8129531844884,509,5.0,175.9985233676598,0.6,461.05799068000005,30.18601785893678,526.92341792,59.86936034632562,395.19256343999996,35.40303061024902,2026-01-09 05:00:00
2026-01-09 01:00:00,optimistic,528.223965,503.9691569132044,3453.8212009999997,2003.2162965799996,74.5415911844886,113.99648273143669,3493.276092546948,509,4.0,117.54352104388434,0.6,483.53496814,23.787995650131847,552.6113921599999,43.871554750404705,414.45854411999994,6.88204078395205,2026-01-09 05:00:00
2026-01-09 02:00:00,optimistic,428.5421435,413.48943219246394,3625.948953,2103.05039274,0.0,200.0,3825.948953,-1,0.0,0.0,0.6,507.63285342000006,0.0,580.15183248,0.0,435.11387436,0.0,
2026-01-09 03:00:00,optimistic,379.896818,407.3588815310622,3724.8438389999997,2160.4094266199995,0.0,200.0,3924.8438389999997,-1,0.0,0.0,0.6,521.47813746,0.0,595.97501424,0.0,446.98126067999993,0.0,
2026-01-09 04:00:00,optimistic,357.516985,367.3795182897905,3859.769095,2238.6660751,0.0,200.0,4059.769095,-1,0.0,0.0,0.6,540.3676733000001,0.0,617.5630552,0.0,463.1722914,0.0,
2026-01-09 05:00:00,optimistic,422.751028,406.8582218869889,3578.746242,2075.67282036,0.0,200.0,3778.746242,-1,0.0,0.0,0.6,501.0244738800001,0.0,572.5993987200001,0.0,429.44954904,0.0,
2026-01-09 06:00:00,optimistic,542.5335985,557.9316214934007,3556.2997199999995,2062.6538375999994,20.37371951418396,0.0,3535.9260004858156,531,21.0,87.00432616808514,0.3,497.8819608,0.0,569.0079552,10.70181942689907,426.7559663999999,9.67190008728489,2026-01-10 03:00:00
2026-01-09 07:00:00,optimistic,629.94199925,632.8543257304412,3883.219514,2252.26731812,12.182116592630484,0.0,3871.0373974073696,516,5.0,29.37578339156151,0.3,543.65073196,5.264099441289041,621.31512224,3.5344176638957707,465.98634167999995,3.383599487445673,2026-01-09 12:00:00
2026-01-09 08:00:00,optimistic,668.46222475,697.5215744659866,3931.403486,2280.21402188,25.714302537846947,0.0,3905.6891834621533,534,22.0,60.209290834513965,0.3,550.3964880400001,10.300591664781244,629.02455776,7.98491117845751,471.76841832,7.428799694608194,2026-01-10 06:00:00
2026-01-09 09:00:00,optimistic,666.1457735,645.0841806836795,3859.438203,2238.47415774,43.45980236949045,0.0,3815.97840063051,516,3.0,62.602455885193216,0.5,540.32134842,18.507385850975478,617.5101124800001,13.09330081408761,463.13258436,11.85911570442736,2026-01-09 12:00:00
2026-01-09 10:00:00,optimistic,701.88253375,692.0526693520669,3778.361179,2191.44948382,66.04130334027874,0.0,3712.319875659721,516,2.0,98.69560318859783,0.5,528.97056506,28.346680757711088,604.53778864,20.053976117681,453.40334148,17.640646464886665,2026-01-09 12:00:00
2026-01-09 11:00:00,optimistic,641.094558,629.3313134060353,3804.447429,2206.57950882,32.705632280238945,0.0,3771.7417967197607,516,1.0,57.36488386052946,0.5,532.62264006,16.731263320063718,608.71158864,8.859381604379431,456.53369147999996,7.114987355795795,2026-01-09 12:00:00
2026-01-09 12:00:00,optimistic,620.3212805000001,576.4158320560365,3641.4602609999997,2112.04695138,43.04737544670761,79.15002103482057,3677.5629065881126,531,15.0,106.89895520511767,0.5,509.80443654,0.0,582.6336417599999,39.03621860188861,436.97523132,4.0111568448189985,2026-01-10 03:00:00
2026-01-09 13:00:00,optimistic,619.0883435000001,627.9719518119374,3592.631085,2083.7260293,43.82048850011446,0.0,3548.8105964998854,531,14.0,109.95133511194138,0.5,502.9683519000001,0.4260331591327298,574.8209736,39.573970902795196,431.1157302,3.820484438186532,2026-01-10 03:00:00
2026-01-09 14:00:00,optimistic,618.97626125,626.8079194153967,3535.122279,2050.37092182,47.246365218555,0.0,3487.875913781445,531,13.0,113.79665929500291,0.5,494.91711906000006,3.2205336676096414,565.61956464,40.25154078473437,424.21467348,3.774290766210986,2026-01-10 03:00:00
2026-01-09 15:00:00,optimistic,636.9847454999999,637.1381491992737,3645.857911,2114.5975883799997,60.01791077857697,0.0,3585.840000221423,531,12.0,129.68248046761283,0.5,510.42010754000006,6.515438335924345,583.33726576,47.04118663119665,437.50294931999997,6.46128581145597,2026-01-10 03:00:00
2026-01-09 16:00:00,optimistic,654.37675075,647.3391367487457,3754.558628,2177.64400424,6.62631891146007,0.0,3747.93230908854,557,37.0,47.003451842316586,0.15,525.6382079200001,3.198741193774589,600.72938048,0.6543134389027588,450.54703536,2.773264278782722,2026-01-11 05:00:00
2026-01-09 17:00:00,optimistic,691.346439,648.8853167384876,4026.659134,2335.4622977199997,14.389387980336085,0.0,4012.269746019664,557,36.0,75.09943991341103,0.15,563.7322787600001,6.236343528509364,644.26546144,3.417480191889173,483.19909608,4.735564259937549,2026-01-11 05:00:00
2026-01-09 18:00:00,optimistic,661.58761675,648.9682570670393,4138.43671,2400.2932917999997,10.002148106753456,0.0,4128.434561893247,528,6.0,54.72763888479318,0.15,579.3811394,5.21105302780815,662.1498736,1.3327455732330948,496.61240519999996,3.458349505712211,2026-01-10 00:00:00
2026-01-09 19:00:00,optimistic,626.2058010000001,615.924365504197,3781.832409,2193.46279722,19.427953289358207,0.4260331591327298,3762.8304888697744,531,8.0,141.0238084495557,0.15,529.4565372600001,4.116400049393389,605.0931854400001,13.723363565201225,453.81988908,1.5881896747635922,2026-01-10 03:00:00
2026-01-09 20:00:00,optimistic,618.73341375,594.6650956733514,3758.949753,2180.1908567399996,18.119556377400464,19.17105672581794,3760.0012533484173,530,6.0,102.14472139303781,0.15,526.25296542,5.29948021872835,601.43196048,11.567977328490414,451.07397036,1.2520988301817029,2026-01-10 02:00:00
2026-01-09 21:00:00,optimistic,600.1271232500001,595.2885519000198,3596.660298,2086.06297284,40.188526585403125,0.0,3556.471771414597,530,5.0,90.16390543378016,0.4,503.53244172,12.999664549488825,575.46564768,26.14285696918198,431.59923575999994,1.0460050667323195,2026-01-10 02:00:00
2026-01-09 22:00:00,optimistic,598.445833,610.5673587044362,3589.976478,2082.18635724,41.82833629047735,0.0,3548.148141709523,530,4.0,91.91387396463489,0.4,502.59670692000003,14.385493065969323,574.39623648,26.58819632364006,430.79717736,0.8546469008679688,2026-01-10 02:00:00
2026-01-09 23:00:00,optimistic,556.768511,613.3540880363159,3203.4842790000002,1858.02088182,32.173119972250284,200.0,3371.31115902775,530,3.0,62.52992716448228,0.4,448.4877990600001,8.794561348918352,512.5574846400001,14.998806491494483,384.41811348,8.37975213183745,2026-01-10 02:00:00
2026-01-10 00:00:00,optimistic,543.9160035,549.1533378849551,3319.2448059999997,1925.1619874799997,42.160837600769085,145.13370455706436,3422.2176729562952,530,2.0,50.38366912407794,0.6,464.69427284,12.32484152690867,531.07916896,19.327362921597828,398.30937671999993,10.50863315226259,2026-01-10 02:00:00
2026-01-10 01:00:00,optimistic,521.3867212499999,529.1132329716829,3425.942676,1987.04675208,25.768871437201323,42.5517068865565,3442.7255114493555,530,1.0,28.438588052129404,0.6,479.63197464000007,8.041646996653574,548.1508281600001,11.594261728365547,411.11312112,6.132962712182203,2026-01-10 02:00:00
2026-01-10 02:00:00,optimistic,494.95308950000003,492.719712027015,3659.0804880000005,2122.2666830400003,0.9918782288439054,197.08649746571965,3855.1751072368766,579,49.0,4.302828671110497,0.6,512.2712683200001,0.0,585.4528780800001,0.0,439.08965856000003,0.9918782288439054,2026-01-12 03:00:00
2026-01-10 03:00:00,optimistic,497.17613225,439.61299579102877,3543.311479,2055.12065782,1.9894986053290635,200.0,3741.321980394671,579,48.0,5.851573639895735,0.6,496.06360706000004,0.2797914215276161,566.92983664,0.4035141134501104,425.19737748,1.306193070351337,2026-01-12 03:00:00
2026-01-10 04:00:00,optimistic,497.0080105,496.2125942365235,3460.903569,2007.32407002,1.260895273332713,0.6833055349777265,3460.325979261645,579,47.0,5.783141193920767,0.6,484.52649966000007,0.0,553.74457104,0.0,415.30842828,1.260895273332713,2026-01-12 03:00:00
2026-01-10 05:00:00,optimistic,511.56049825,513.3674045482309,3352.019147,1944.1711052599999,3.357192863730221,118.77948342562618,3467.441437561896,579,46.0,15.901618686563406,0.6,469.28268058000003,0.0,536.32306352,0.0,402.24229764,3.357192863730221,2026-01-12 03:00:00
2026-01-10 06:00:00,optimistic,522.7691115,596.6663748745586,3299.187542,1913.52877436,2.477088941131307,162.94596440204472,3459.656417460914,579,45.0,23.849325960121305,0.3,461.8862558800001,0.0,527.87000672,0.0,395.90250504,2.477088941131307,2026-01-12 03:00:00
2026-01-10 07:00:00,optimistic,572.87155325,567.1007243065663,3235.7500609999997,1876.7350353799998,6.020289564489205,200.0,3429.7297714355104,579,44.0,59.27693713070482,0.3,453.00500854,0.0,517.7200097599999,0.0,388.29000732,6.020289564489205,2026-01-12 03:00:00
2026-01-10 08:00:00,optimistic,635.359493,644.4059132700085,3283.8309139999997,1904.6219301199997,8.11191651544898,5.404539204025027,3281.1235366885758,557,21.0,37.34560256436254,0.3,459.73632796,0.0,525.41294624,4.254352866639106,394.05970967999997,3.857563648809874,2026-01-11 05:00:00
2026-01-10 09:00:00,optimistic,689.665173,688.6238199088427,3305.7027510000003,1917.30759558,30.89162065728001,0.0,3274.8111303427204,557,20.0,83.92181355495467,0.5,462.7983851400001,0.0,528.9124401600001,16.430858601069954,396.68433012,14.460762056210058,2026-01-11 05:00:00
2026-01-10 10:00:00,optimistic,724.76675925,689.706418121414,3330.0731779999996,1931.4424432399996,42.96632333914815,0.0,3287.1068546608517,557,19.0,114.74773196127548,0.5,466.21024492,0.0,532.81170848,23.170480645310434,399.60878135999997,19.79584269383771,2026-01-11 05:00:00
2026-01-10 11:00:00,optimistic,754.20800575,788.4926901854506,3203.619671,1858.0994091799998,51.3251580882079,0.0,3152.294512911792,557,18.0,141.16221018775087,0.5,448.50675394,0.0,512.57914736,28.054535540154756,384.43436052,23.270622548053144,2026-01-11 05:00:00
2026-01-10 12:00:00,optimistic,754.282746,776.8407369806032,3149.064308,1826.4572986399999,47.416811344405474,0.0,3101.6474966555943,558,18.0,133.0156232579733,0.5,440.86900312000006,0.0,503.85028928,25.814657666468605,377.88771696,21.602153677936872,2026-01-11 06:00:00
2026-01-10 13:00:00,optimistic,782.4910525,806.2220109112915,3044.329548,1765.71113784,57.633918346975314,0.0,2986.6956296530248,558,17.0,158.70542862089422,0.5,426.2061367200001,0.0,487.09272768000005,32.901144408241606,365.31954576,24.732773938733708,2026-01-11 06:00:00
2026-01-10 14:00:00,optimistic,822.7672680000001,795.4856443561579,2997.283482,1738.4244195599997,70.39934977811212,0.0,2926.8841322218877,558,16.0,195.41732850040253,0.5,419.61968748000004,0.0,479.56535712,40.79420383045491,359.67401784,29.605145947657217,2026-01-11 06:00:00
2026-01-10 15:00:00,optimistic,873.29937875,915.3832080780829,3076.3329470000003,1784.27310926,92.35215448794665,0.0,2983.9807925120535,555,12.0,242.35480747172238,0.5,430.6866125800001,2.808134822980221,492.2132715200001,52.59144140273443,369.15995364,36.95257826223199,2026-01-11 03:00:00
2026-01-10 16:00:00,optimistic,956.52323925,914.4677073662315,3297.154463,1912.3495885399998,42.89785018488064,0.0,3254.2566128151193,555,11.0,320.5145774634867,0.15,461.60162482000004,6.1372180885435625,527.54471408,22.167348894229466,395.65853555999996,14.593283202107614,2026-01-11 03:00:00
2026-01-10 17:00:00,optimistic,1042.60531875,1060.211031564008,3446.413723,1998.9199593399999,59.02768695813319,0.0,3387.386036041867,558,13.0,398.28769020267987,0.15,482.4979212200001,13.2462320389463,551.42619568,27.094445624470367,413.56964676,18.687009294716518,2026-01-11 06:00:00
2026-01-10 18:00:00,optimistic,1023.04631,1088.7599787742993,3328.7706009999997,1930.6869485799998,56.924246163301675,0.0,3271.846354836698,558,12.0,383.71811534633946,0.15,466.02788414,13.562134768123915,532.60329616,25.807070549535382,399.4524721199999,17.555040845642385,2026-01-11 06:00:00
2026-01-10 19:00:00,optimistic,958.74628375,929.0301939960793,3142.939893,1822.90513794,47.95726032069736,0.0,3094.9826326793027,558,11.0,327.91672364630705,0.15,440.0115850200001,11.757727450855949,502.87038288,21.541935464611296,377.15278716,14.65759740523011,2026-01-11 06:00:00
2026-01-10 20:00:00,optimistic,900.349487,883.3605551119168,3098.772576,1797.2880940799998,41.65745548849853,0.0,3057.115120511501,558,10.0,276.6435411523724,0.15,433.82816064,10.33936936187846,495.80361216,18.78082889286886,371.85270912,12.537257233751207,2026-01-11 06:00:00
2026-01-10 21:00:00,optimistic,845.95039675,848.9399377026292,2999.783003,1739.87414174,64.73813173397416,2.808134822980221,2937.853006089006,558,9.0,179.0064685383248,0.4,419.96962042000007,22.60058213532677,479.96528048,20.300257298851818,359.97396036,21.837292299795568,2026-01-11 06:00:00
2026-01-10 22:00:00,optimistic,804.62803575,789.523766126514,2939.942553,1705.1666807399997,66.4245516039456,6.1372180885435625,2879.655219484598,582,32.0,145.70011258107564,0.4,411.59195742,18.58549233529448,470.39080848,30.22835477388168,352.79310635999997,17.610704494769443,2026-01-12 06:00:00
2026-01-10 23:00:00,optimistic,733.771001,687.251098068016,2890.502181,1676.4912649799999,37.309233675675436,90.09153809042587,2943.28448541475,602,51.0,94.1701764355869,0.4,404.67030534,10.123708730172682,462.48034895999996,15.855545234214238,346.86026172,11.329979711288514,2026-01-13 02:00:00
2026-01-11 00:00:00,optimistic,724.0942279999999,726.1511172441808,2934.143109,1701.80300322,52.983592922889116,0.0,2881.1595160771108,602,50.0,88.44002442183358,0.6,410.78003526000003,15.066327324703153,469.46289744,21.698332418651972,352.09717308,16.218933179533987,2026-01-13 02:00:00
2026-01-11 01:00:00,optimistic,693.04643,661.1773185882168,2964.383801,1719.34260458,30.08515004746897,167.71107695542506,3102.009727907956,602,49.0,68.17125742197132,0.6,415.01373214000006,5.487429462229475,474.30140816,11.92637467150864,355.72605611999995,12.671345913730855,2026-01-13 02:00:00
2026-01-11 02:00:00,optimistic,657.832719,672.0404919190554,3214.880201,1864.63051658,12.722648155067775,0.0,3202.157552844932,602,48.0,44.73364956080032,0.6,450.08322814,0.99037049725692,514.38083216,2.690501127007738,385.78562411999997,9.041776530803117,2026-01-13 02:00:00
2026-01-11 03:00:00,optimistic,634.10785475,606.5251277229859,3200.1565239999995,1856.0907839199997,38.093090470755804,200.0,3362.063433529244,675,120.0,67.92526745885758,0.6,448.02191336,0.0,512.02504384,24.46282440427646,384.01878287999995,13.630266066479342,2026-01-16 03:00:00
2026-01-11 04:00:00,optimistic,617.81803375,664.3160659005263,3197.7559330000004,1854.69844114,34.98002213525086,5.487429462229475,3168.2633403269792,675,119.0,62.183494262159634,0.6,447.6858306200001,0.0,511.6409492800001,22.50183781611791,383.73071196,12.478184319132952,2026-01-16 03:00:00
2026-01-11 05:00:00,optimistic,614.67961125,591.1820124799128,3210.7698940000005,1862.24653852,35.21226038026996,200.0,3375.5576336197305,675,118.0,61.461896243585045,0.6,449.5077851600001,0.0,513.7231830400001,22.827561869767223,385.29238728000007,12.384698510502735,2026-01-16 03:00:00
2026-01-11 06:00:00,optimistic,610.326962,600.6651165138297,3207.473646,1860.33471468,17.941945435351702,200.0,3389.5317005646484,678,120.0,65.02218450599078,0.3,449.04631044,0.0,513.19578336,11.400609563801488,384.89683751999996,6.541335871550214,2026-01-16 06:00:00
2026-01-11 07:00:00,optimistic,629.62441125,654.0299277710901,3239.151488,1878.70786304,8.5777088921296,0.0,3230.5737791078705,678,119.0,72.99265221036252,0.3,453.48120832000006,0.0,518.26423808,1.1702744930479845,388.69817856,7.407434399081615,2026-01-16 06:00:00
2026-01-11 08:00:00,optimistic,687.9091402500001,650.9832107569814,3210.715985,1862.2152712999998,16.137451535758693,12.91674516876556,3207.4952786330064,678,118.0,96.25568430622103,0.3,449.5002379,0.0,513.7145576,6.493429932013777,385.28591819999997,9.644021603744914,2026-01-16 06:00:00
2026-01-11 09:00:00,optimistic,770.4231267499999,777.2469247881238,3270.489977,1896.88418666,53.882752258170896,0.0,3216.607224741829,582,21.0,130.1875413285159,0.5,457.8685967800001,6.217514390360394,523.2783963200001,25.690832503381433,392.45879724,21.974405364429064,2026-01-12 06:00:00
2026-01-11 10:00:00,optimistic,752.33991675,791.5541993784728,3331.2315329999997,1932.1142891399998,49.11175209146184,0.0,3282.119780908538,678,116.0,123.28045756771921,0.5,466.37241462,4.598641152270278,532.99704528,23.281025940304737,399.74778395999994,21.23208499888682,2026-01-16 06:00:00
2026-01-11 11:00:00,optimistic,746.6235215,698.3990244631632,3472.073588,2013.80268104,50.179884010366465,0.0,3421.8937039896337,678,115.0,121.992564390419,0.5,486.0903023200001,4.459160118125275,555.53177408,23.815234410544782,416.64883056,21.90548948169641,2026-01-16 06:00:00
2026-01-11 12:00:00,optimistic,725.4766312500001,731.0156470059692,3502.276089,2031.3201316199998,42.51067705428122,0.0,3459.765411945719,678,114.0,114.47729076813263,0.5,490.31865246000007,1.0945779033265703,560.36417424,20.644362647382643,420.27313067999995,20.771736503572004,2026-01-16 06:00:00
2026-01-11 13:00:00,optimistic,721.21738175,729.0138655774526,3504.855381,2032.8161209799998,41.53633034796127,0.0,3463.3190506520386,678,113.0,113.67201342739419,0.5,490.67975334000005,0.33087114139441415,560.77686096,20.560848368055535,420.58264571999996,20.644610838511323,2026-01-16 06:00:00
2026-01-11 14:00:00,optimistic,738.8522365,762.3069226533194,3458.2697590000002,2005.79646022,50.80238085564342,0.0,3407.4673781443566,678,112.0,121.78357027647901,0.5,484.1577662600001,4.531262681358265,553.32316144,24.488987161502852,414.99237108,21.78213101278231,2026-01-16 06:00:00
2026-01-11 15:00:00,optimistic,756.76732125,719.6587999236575,3348.971904,1942.4037043199999,59.97520752612526,21.232027386835195,3310.22872386071,678,111.0,130.13340752849535,0.5,468.85606656000004,8.576546783288869,535.83550464,28.90597634052246,401.87662847999997,22.492684402313927,2026-01-16 06:00:00
2026-01-11 16:00:00,optimistic,835.0780545,795.4643561074718,3444.103357,1997.5799470599998,30.309568172176053,0.0,3413.793788827824,582,14.0,195.4904090343908,0.15,482.17446998,6.3522566940236205,551.05653712,13.748217680073472,413.29240283999997,10.20909379807896,2026-01-12 06:00:00
2026-01-11 17:00:00,optimistic,868.6665017500001,884.324748718507,3649.9755210000003,2116.98580218,37.819327157744986,0.0,3612.156193842255,602,33.0,212.35181545718802,0.15,510.9965729400001,9.255040984134698,583.9960833600001,16.889339138079848,437.99706252000004,11.674947035530442,2026-01-13 02:00:00
2026-01-11 18:00:00,optimistic,838.7582135,847.6677536969956,3595.952795,2085.6526211,33.52233018078346,0.0,3562.4304648192165,602,32.0,190.90418224686675,0.15,503.4333913000001,8.59160492386201,575.3524472,14.503694681532782,431.5143354,10.42703057538867,2026-01-13 02:00:00
2026-01-11 19:00:00,optimistic,793.62492475,801.1397102603763,3395.81925,1969.575165,24.69627038066961,0.0,3371.12297961933,602,31.0,157.21733031289583,0.15,475.41469500000005,6.438054938572926,543.33108,10.055515103659515,407.49831,8.202700338437168,2026-01-13 02:00:00
2026-01-11 20:00:00,optimistic,717.6492885,728.0427347849093,3291.889249,1909.2957644199998,10.889537479279264,0.0,3280.9997115207207,678,106.0,118.69114860803928,0.15,460.86449486000004,1.9751034496631243,526.70227984,2.847621109379284,395.02670987999994,6.066812920236856,2026-01-16 06:00:00
2026-01-11 21:00:00,optimistic,708.738459,688.3377173526453,3251.778982,1886.0318095599998,20.10731621001407,85.48477780619669,3317.1564435961823,678,105.0,115.7975871946272,0.4,455.24905748000003,1.6294788666290712,520.28463712,2.875799720961265,390.21347783999994,15.602037622423731,2026-01-16 06:00:00
2026-01-11 22:00:00,optimistic,692.59807475,699.5656856648301,3272.8664989999997,1898.2625694199996,38.17135255555441,1.6294788666290712,3236.3246253110747,579,5.0,111.96465544527406,0.4,458.20130986,22.20314880929026,523.65863984,1.0708594767444704,392.74397988,14.897344269519674,2026-01-12 03:00:00
2026-01-11 23:00:00,optimistic,634.78039875,643.5725729489604,3379.399455,1960.0516839,30.9109133037233,104.38357032176116,3452.872112018038,579,4.0,90.46317884108757,0.4,473.11592370000005,18.6289839898001,540.7039128,1.2696532382429662,405.52793460000004,11.012276075680234,2026-01-12 03:00:00
2026-01-12 00:00:00,optimistic,584.9985305,563.567987959209,3605.219968,2091.0275814399997,73.30190039010863,0.0,3531.9180676098913,579,3.0,86.80331178721973,0.6,504.73079552,22.273369634087327,576.83519488,37.87587531080738,432.62639615999996,13.15265544521392,2026-01-12 03:00:00
2026-01-12 01:00:00,optimistic,582.57006025,638.5432955843427,3585.004362,2079.30252996,37.82893030502236,0.0,3547.1754316949778,579,2.0,73.93113233729011,0.6,501.90061068000006,2.4122506601731857,573.60069792,22.481313739863253,430.20052344,12.93536590498592,2026-01-12 03:00:00
2026-01-12 02:00:00,optimistic,583.22388875,597.4388763773536,3522.4394260000004,2043.0148670800002,49.54911920400961,0.0,3472.890306795991,675,97.0,58.22824146338904,0.6,493.1415196400001,13.552267192135178,563.5903081600001,23.119747395433365,422.69273112,12.877104616441068,2026-01-16 03:00:00
2026-01-12 03:00:00,optimistic,524.324276,488.5851710839206,3646.728352,2115.10244416,7.827138023998671,200.0,3838.9012139760016,675,96.0,31.370048096061655,0.6,510.54196928000005,0.24406911815668847,583.47653632,0.3832235260131679,437.60740224,7.1998453798288145,2026-01-16 03:00:00
2026-01-12 04:00:00,optimistic,535.88749425,555.5841025090149,3481.104593,2019.0406639399998,16.805715116662114,0.0,3464.298877883338,675,95.0,37.02974396835565,0.6,487.35464302,3.5608800767498434,556.97673488,5.135205524610948,417.73255116,8.109629515301322,2026-01-16 03:00:00
2026-01-12 05:00:00,optimistic,552.6439195,523.4034693931804,3437.773068,1993.9083794399999,9.774746856751683,94.40912600286265,3522.407447146111,675,94.0,45.226530339854,0.6,481.28822952,0.0,550.04369088,0.0,412.53276816,9.774746856751683,2026-01-16 03:00:00
2026-01-12 06:00:00,optimistic,592.80697975,616.4195178622736,3324.464548,1928.1894378399998,6.809750150835096,136.9003239393537,3454.5551217885186,675,93.0,64.67565230869454,0.3,465.42503672000004,0.0,531.91432768,0.06564820627341307,398.93574576,6.744101944561683,2026-01-16 03:00:00
2026-01-12 07:00:00,optimistic,590.06094425,624.8188116202222,3724.914982,2160.45068956,7.4642469496858155,0.0,3717.450735050314,675,92.0,63.87970974615649,0.3,521.48809748,0.0,595.98639712,0.0,446.98979783999994,7.4642469496858155,2026-01-16 03:00:00
2026-01-12 08:00:00,optimistic,669.098149,644.4776794494487,3816.0724219999997,2213.32200476,26.901065682007896,0.0,3789.171356317992,675,91.0,102.55779026478152,0.3,534.25013908,5.157600263558057,610.57158752,9.546060758056566,457.92869063999996,12.197404660393273,2026-01-16 03:00:00
2026-01-12 09:00:00,optimistic,682.23053875,711.1318226273297,3906.576493,2265.81436594,55.36553268092506,0.0,3851.210960319075,675,90.0,109.7737635422757,0.5,546.92070902,13.401141994344696,625.05223888,19.723236408745198,468.78917916,22.241154277835165,2026-01-16 03:00:00
2026-01-12 10:00:00,optimistic,619.48274625,631.8661740580949,3861.6073250000004,2239.7322485,22.23299389986093,18.558742257902754,3857.9330733580423,675,89.0,79.86752522917173,0.5,540.6250255000001,0.0,617.8571720000001,6.145719874178293,463.39287900000005,16.087274025682635,2026-01-16 03:00:00
2026-01-12 11:00:00,optimistic,627.6648,652.3266047998347,3844.371729,2229.7356028199997,25.173421613382498,0.0,3819.1983073866177,675,88.0,84.55589577872512,0.5,538.21204206,0.0,615.09947664,8.23102264989058,461.32460748,16.942398963491918,2026-01-16 03:00:00
2026-01-12 12:00:00,optimistic,703.488942,760.3927314796184,3756.558226,2178.80377108,46.35937111351183,0.0,3710.1988548864883,675,87.0,123.0391247989347,0.5,525.91815164,4.625972069646502,601.04931616,25.952476480153575,450.78698712,15.780922563711755,2026-01-16 03:00:00
2026-01-12 13:00:00,optimistic,759.49310325,752.1314597699139,3717.079069,2155.9058600199996,68.45008379233789,0.0,3648.628985207662,602,13.0,150.8073353802106,0.5,520.3910696600001,17.68096145434824,594.73265104,39.58269112326625,446.04948828,11.186431214723399,2026-01-13 02:00:00
2026-01-12 14:00:00,optimistic,754.87900325,732.2669183192753,3698.6973709999997,2145.24447518,69.14228711460103,0.0,3629.5550838853987,603,13.0,142.9825857487627,0.5,517.8176319400001,4.536988411765407,591.79157936,37.40600200956931,443.84368451999995,27.19929669326631,2026-01-13 03:00:00
2026-01-12 15:00:00,optimistic,707.24372625,680.5582933612343,3648.766818,2116.2847544399997,49.65820215788987,22.30693352399474,3621.415549366105,677,86.0,102.8760891312262,0.5,510.82735452000003,3.2288296691408522,583.80269088,26.93259137806954,437.85201816,19.49678111067948,2026-01-16 05:00:00
2026-01-12 16:00:00,optimistic,843.181734,818.7074254510369,3716.5004169999997,2155.57024186,38.709311866181366,0.0,3677.7911051338183,603,11.0,226.15289302153823,0.15,520.31005838,7.4415669784622,594.6400667199999,18.680346642713193,445.98005004,12.587398245005968,2026-01-13 03:00:00
2026-01-12 17:00:00,optimistic,886.78201375,884.468962467577,3830.027819,2221.4161350199997,49.53833490328556,0.0,3780.4894840967145,603,10.0,268.2175033395813,0.15,536.2038946600001,11.071426258587456,612.80445104,23.379323479341423,459.60333827999995,15.087585165356677,2026-01-13 03:00:00
2026-01-12 18:00:00,optimistic,865.411518,875.6460772444993,3703.430411,2147.9896383799996,46.44778978607641,0.0,3656.9826212139233,603,9.0,250.48594270597044,0.15,518.48025754,11.071302243384338,592.54886576,21.634962959004383,444.41164932,13.741524583687696,2026-01-13 03:00:00
2026-01-12 19:00:00,optimistic,764.6862805000001,772.9870044799006,3471.1035869999996,2013.2400804599997,28.532918230756522,0.0,3442.570668769243,603,8.0,158.0170908614833,0.15,485.95450217999996,6.905008926887922,555.3765739199999,13.202799446861533,416.5324304399999,8.425109857007065,2026-01-13 03:00:00
2026-01-12 20:00:00,optimistic,697.3243715000001,722.1398689710808,3303.2190299999997,1915.8670373999996,17.05292707779699,4.536988411765407,3290.703091333968,677,81.0,101.88581764099159,0.15,462.4506642,3.8838546557310782,528.5150447999999,7.92385748277274,396.38628359999996,5.245214939293172,2026-01-16 05:00:00
2026-01-12 21:00:00,optimistic,683.2392745,683.6293312563372,3238.6425329999997,1878.4126691399997,40.594361543504235,14.617055845308787,3212.665227301804,677,80.0,95.27720829994531,0.4,453.40995462,9.251854098623072,518.1828052799999,18.501393953875994,388.63710395999993,12.84111349100517,2026-01-16 05:00:00
2026-01-12 22:00:00,optimistic,672.47933075,716.0853530647196,3113.8128520000005,1806.01145416,36.08775509868717,0.0,3077.7250969013135,677,79.0,90.32327502503608,0.4,435.93379928000013,8.207659287143462,498.2100563200001,16.16500941980138,373.65754224000005,11.715086391742327,2026-01-16 05:00:00
2026-01-12 23:00:00,optimistic,632.05471575,624.1150107528613,3042.10543,1764.4211493999999,11.649881454505158,115.3553917896593,3145.810940335154,677,78.0,69.38937356118495,0.4,425.89476020000006,2.8274317647257874,486.7368688,0.0,365.0526516,8.82244968977937,2026-01-16 05:00:00
2026-01-13 00:00:00,optimistic,629.977545,711.5826199976885,3131.580999,1816.3169794199998,13.513143886477057,0.0,3118.067855113523,677,77.0,68.8248339308654,0.6,438.42133986,0.0,501.05295983999997,0.0,375.78971987999995,13.513143886477057,2026-01-16 05:00:00
2026-01-13 01:00:00,optimistic,617.90929775,636.6793181829502,3226.755451,1871.51816158,17.721801564816246,0.0,3209.0336494351836,677,76.0,62.807220541726394,0.6,451.74576314000007,0.0,516.2808721600001,5.005166260552702,387.21065411999996,12.716635304263544,2026-01-16 05:00:00
2026-01-13 02:00:00,optimistic,617.871942,592.1572153075115,3161.4185949999996,1833.6227850999996,17.626316443390863,200.0,3343.792278556609,677,75.0,63.291192237128314,0.6,442.5986033,0.0,505.82697519999994,5.071945222283326,379.37023139999997,12.554371221107537,2026-01-16 05:00:00
2026-01-13 03:00:00,optimistic,628.352236,596.2254610581666,2967.034272,1720.8798777599998,19.63518918755761,200.0,3147.3990828124424,677,74.0,69.59745800653486,0.6,415.38479808,0.0,474.72548352,6.689760757858326,356.04411264,12.945428429699286,2026-01-16 05:00:00
2026-01-13 04:00:00,optimistic,643.89527375,658.3694462072956,2841.681811,1648.1754503799998,24.966107288517975,0.0,2816.715703711482,677,73.0,78.82425162945952,0.6,397.83545354,1.7220766915722803,454.66908976,9.221273341730974,341.00181732,14.02275725521472,2026-01-16 05:00:00
2026-01-13 05:00:00,optimistic,643.20403575,636.5001521902245,2878.065446,1669.27795868,23.796549432293666,1.7220766915722803,2855.9909732592782,677,72.0,79.06880053882473,0.6,402.92916244,0.0,460.49047136,9.550745550810628,345.36785352,14.245803881483038,2026-01-16 05:00:00
2026-01-13 06:00:00,optimistic,722.731198,744.1512128227627,3093.1925889999998,1794.0517016199997,24.9377692947856,0.0,3068.2548197052142,677,71.0,124.76856050133614,0.3,433.04696246000003,0.0,494.91081424,12.970450961800273,371.18311067999997,11.967318332985327,2026-01-16 05:00:00
2026-01-13 07:00:00,optimistic,866.70951475,880.9066434872063,3448.3241439999997,2000.0280035199996,56.231436417617196,0.0,3392.0927075823824,625,18.0,240.8571260401165,0.3,482.76538016,1.244588976571728,551.73186304,30.27105370287128,413.79889727999995,24.715793738174188,2026-01-14 01:00:00
2026-01-13 08:00:00,optimistic,967.8137702500001,965.6289028702939,3572.321855,2071.9466758999997,87.55644492120742,0.0,3484.7654100787927,625,17.0,331.0398155972164,0.3,500.12505970000007,10.553418603447811,571.5714968000001,43.426508634037724,428.6786226,33.57651768372188,2026-01-14 01:00:00
2026-01-13 09:00:00,optimistic,988.43814825,963.0343367079479,3566.4929669999997,2068.5659208599996,148.26196911175919,0.0,3418.2309978882404,625,16.0,351.84518437746857,0.5,499.30901538,11.028494587972922,570.63887472,78.5845629869782,427.97915603999996,58.64891153680806,2026-01-14 01:00:00
2026-01-13 10:00:00,optimistic,1060.249866,1014.8044492594241,3615.753381,2097.13696098,177.82916832197438,0.0,3437.9242126780255,626,16.0,393.01481685189265,0.5,506.20547334,23.38241704813251,578.5205409600001,89.73727789790243,433.89040572,64.70947337593944,2026-01-14 02:00:00
2026-01-13 11:00:00,optimistic,925.5001970000001,912.1047484379894,3580.629463,2076.76508854,130.41860738355518,0.0,3450.210855616445,626,15.0,276.659310188321,0.5,501.28812482000006,16.157072741181622,572.9007140800001,65.96986395833774,429.67553556,48.29167068403583,2026-01-14 02:00:00
2026-01-13 12:00:00,optimistic,879.33819925,905.0301630797042,3555.2111429999995,2062.0224629399995,93.20897702731958,0.0,3462.00216597268,626,14.0,237.6105924201749,0.5,497.72956002,6.9573102547042875,568.83378288,44.292858143759815,426.6253371599999,41.958808628855465,2026-01-14 02:00:00
2026-01-13 13:00:00,optimistic,844.23565925,850.6584715739061,3550.232716,2059.1349752799997,95.58096855602422,34.91239057590545,3489.5641380198813,677,64.0,204.77205242093083,0.5,497.0325802400001,13.927995566893621,568.03723456,45.040047311169246,426.02792592,36.61292567796135,2026-01-16 05:00:00
2026-01-13 14:00:00,optimistic,913.3945815,876.0224181386403,3498.76247,2029.2822326,101.67012180961122,0.0,3397.0923481903887,677,63.0,248.1963528942855,0.5,489.8267458000001,25.445986753262346,559.8019952000001,62.923164668040215,419.8514964,13.300970388308656,2026-01-16 05:00:00
2026-01-13 15:00:00,optimistic,900.56039825,905.7558260255355,3434.6564909999997,1992.1007647799997,129.44593377457238,34.41091163610543,3339.621468861533,676,61.0,236.99043586070002,0.5,480.85190874,28.382472923910136,549.54503856,60.62200506225665,412.15877892,40.44145578840558,2026-01-16 04:00:00
2026-01-13 16:00:00,optimistic,908.500021,920.0595423918651,3525.4747399999997,2044.7753491999997,42.79822681847311,0.0,3482.6765131815264,676,60.0,243.8068700001343,0.15,493.5664636,10.146508741217405,564.0759584,19.879799216826612,423.05696879999994,12.771918860429096,2026-01-16 04:00:00
2026-01-13 17:00:00,optimistic,923.6694044999999,897.153681413966,3650.199606,2117.11577148,31.815528256485834,0.0,3618.3840777435144,676,59.0,255.22710387342622,0.15,511.0279448400001,12.503808295540797,584.03193696,5.542241092208144,438.02395272,13.769478868736895,2026-01-16 04:00:00
2026-01-13 18:00:00,optimistic,835.6235005,840.2352536783658,3531.801137,2048.44465946,34.220267914222816,0.0,3497.580869085777,676,58.0,201.9170542394368,0.15,494.45215918,8.280244259816987,565.08818192,15.153454944436534,423.81613644,10.786568709969295,2026-01-16 04:00:00
2026-01-13 19:00:00,optimistic,737.4522145,739.19847605338,3309.988776,1919.7934900799999,17.025932556054812,39.37398232015597,3332.3368257641014,676,57.0,141.31654981129986,0.15,463.3984286400001,3.6249877609669867,529.59820416,6.180389289508894,397.19865312,7.220555505578929,2026-01-16 04:00:00
2026-01-13 20:00:00,optimistic,679.63296075,645.3438518150814,3364.146804,1951.2051463199998,7.798866936738699,122.01107162101593,3478.3590086842773,676,56.0,105.51062437444828,0.15,470.98055256000004,0.6319915646742912,538.26348864,1.6390403136106169,403.69761647999997,5.527835058453791,2026-01-16 04:00:00
2026-01-13 21:00:00,optimistic,665.8647045,676.5983253104486,3244.152169,1881.6082580199998,15.208572288521664,200.0,3428.943596711478,676,55.0,97.4908362512275,0.4,454.18130366,0.6401990811647603,519.06434704,1.4122188916452059,389.29826027999997,13.156154315711698,2026-01-16 04:00:00
2026-01-13 22:00:00,optimistic,652.4700725,669.293608291047,3142.912074,1822.8890029199997,16.00696369424357,33.8710678194037,3160.77617812516,676,54.0,89.57797029223356,0.4,440.00769036,4.278381243388367,502.86593184,0.0,377.14944887999997,11.728582450855203,2026-01-16 04:00:00
2026-01-13 23:00:00,optimistic,603.26300925,635.7545465452583,3142.513413,1822.6577795399999,7.64141714757887,200.0,3334.871995852421,676,53.0,58.09519085952029,0.4,439.95187782000005,0.0,502.80214608000006,0.0,377.10160956,7.64141714757887,2026-01-16 04:00:00
2026-01-14 00:00:00,optimistic,639.34867075,670.962732311047,3230.10544,1873.4611551999997,16.646244007957954,0.0,3213.4591959920417,676,52.0,82.36681533881915,0.6,452.21476160000003,0.0,516.8168704,0.0,387.6126528,16.646244007957954,2026-01-16 04:00:00
2026-01-14 01:00:00,optimistic,629.8775285,588.5474474612873,3309.440272,1919.4753577599997,15.902398403331132,200.0,3493.5378735966688,676,51.0,76.7302830877628,0.6,463.32163808,0.0,529.51044352,0.0,397.13283263999995,15.902398403331132,2026-01-16 04:00:00
2026-01-14 02:00:00,optimistic,641.702447,613.5676958025463,3121.249449,1810.3246804199998,16.644616671796474,200.0,3304.6048323282034,676,50.0,85.27306719557848,0.6,436.97492286000005,0.0,499.39991184,0.0,374.54993387999997,16.644616671796474,2026-01-16 04:00:00
2026-01-14 03:00:00,optimistic,643.8320525,659.2831105162599,2966.647387,1720.6554844599998,21.231428769882967,3.691458286420583,2949.107416516538,676,49.0,87.3969709599682,0.6,415.33063418000006,0.0,474.66358192,5.023225602080041,355.99768644,16.208203167802928,2026-01-16 04:00:00
2026-01-14 04:00:00,optimistic,654.909737,670.3233155273662,2826.725926,1639.5010370799998,18.222651198366336,0.0,2808.503274801634,676,48.0,95.64430995686286,0.6,395.74162964000004,0.0,452.27614816000005,6.6680801549741915,339.20711112,11.554571043392144,2026-01-16 04:00:00
2026-01-14 05:00:00,optimistic,669.929049,685.3804795891814,2699.759435,1565.8604722999999,22.075146133238285,0.0,2677.6842888667616,674,45.0,78.01736784824631,0.6,377.9663209,0.0,431.9615096,8.887414794006142,323.9711322,13.187731339232142,2026-01-16 02:00:00
2026-01-14 06:00:00,optimistic,696.53044825,812.1123929696416,3049.3177910000004,1768.60431878,16.826724369010627,0.0,3032.4910666309897,674,44.0,97.35224532690312,0.3,426.9044907400001,0.0,487.89084656000006,7.565131598610343,365.91813492000006,9.261592770400286,2026-01-16 02:00:00
2026-01-14 07:00:00,optimistic,785.6376162500001,802.7643315707951,3402.339194,1973.35673252,37.274021566274286,0.0,3365.065172433726,674,43.0,161.30483597716955,0.3,476.3274871600001,2.6533411611541786,544.37427104,17.77805061605079,408.28070328,16.84262978906932,2026-01-16 02:00:00
2026-01-14 08:00:00,optimistic,963.60915875,997.676127955418,3501.98971,2031.1540317999998,76.23088860165541,0.0,3425.7588213983445,651,19.0,302.21788499647914,0.3,490.2785594,8.714025187067792,560.3183536,36.97440466591093,420.2387652,30.542458748676683,2026-01-15 03:00:00
2026-01-14 09:00:00,optimistic,986.58644625,1015.2064991547961,3471.8998880000004,2013.70193504,106.08925533335722,0.0,3365.810632666643,651,18.0,324.5410766195755,0.5,486.0659843200001,19.52802151366634,555.5039820800001,66.7363494238332,416.62798656,19.82488439585768,2026-01-15 03:00:00
2026-01-14 10:00:00,optimistic,870.168025,889.7097625391739,3559.7772999999997,2064.6708339999996,89.27639779900773,0.0,3470.500902200992,674,40.0,226.6046566376075,0.5,498.368822,2.991535281114993,569.564368,46.02376667482231,427.17327599999993,40.26109584307043,2026-01-16 02:00:00
2026-01-14 11:00:00,optimistic,803.4964245,794.0383471607896,3603.377236,2089.9587968799997,79.78976820586695,0.0,3523.587467794133,674,39.0,179.62238459196976,0.5,504.47281304,11.443584562340675,576.54035776,35.44236511201421,432.40526831999995,32.903818531512066,2026-01-16 02:00:00
2026-01-14 12:00:00,optimistic,773.196246,795.965322614798,3532.0697539999996,2048.60045732,64.00248164302353,0.0,3468.067272356976,674,38.0,158.70781098187635,0.5,494.48976556,5.364429226046691,565.13116064,29.94236502628376,423.8483704799999,28.695687390693084,2026-01-16 02:00:00
2026-01-14 13:00:00,optimistic,774.13027075,750.9455143138729,3584.533782,2079.0295935599997,61.10592224079596,19.461354949541544,3542.8892147087454,674,37.0,160.6772815563886,0.5,501.83472948,0.0,573.52540512,31.64087233032672,430.14405383999997,29.46504991046924,2026-01-16 02:00:00
2026-01-14 14:00:00,optimistic,859.63208225,852.5275240477998,3390.820714,1966.6760141199998,77.38358218639254,31.23358198184912,3344.6707137954563,674,36.0,226.0738295500061,0.5,474.71489996,0.0,542.53131424,48.001187760839116,406.89848567999996,29.38239442555343,2026-01-16 02:00:00
2026-01-14 15:00:00,optimistic,1031.382877,1016.8219705651269,3308.300753,1918.8144367399998,91.63805034151002,0.0,3216.66270265849,671,32.0,358.281507458643,0.5,463.16210542000005,27.50834029994599,529.32812048,8.949443095713889,396.99609036,55.18026694585015,2026-01-15 23:00:00
2026-01-14 16:00:00,optimistic,1118.17365275,1120.6298769315897,3366.911699,1952.80878542,60.68530384869951,0.0,3306.2263951513005,671,31.0,428.8873000024773,0.15,471.36763786000006,12.827420571059626,538.7058718400001,28.60147984805128,404.02940388,19.25640342958861,2026-01-15 23:00:00
2026-01-14 17:00:00,optimistic,1633.0151190000001,1702.4548760002053,3603.796861,2090.20217938,109.39549022924929,0.0,3494.4013707707504,653,12.0,899.6509492365195,0.15,504.53156054000004,32.104116047181165,576.60749776,47.525849933452854,432.45562332,29.76552424861528,2026-01-15 05:00:00
2026-01-14 18:00:00,optimistic,1351.04787325,1295.0299174722477,3475.459165,2015.7663157,91.50042839057559,0.0,3383.9587366094247,653,11.0,648.6624504095065,0.15,486.56428310000007,25.747006834919187,556.0734664,40.330441955940955,417.0550998,25.42297959971544,2026-01-15 05:00:00
2026-01-14 19:00:00,optimistic,1182.2673152500001,1202.8551209612356,3240.097556,1879.25658248,72.91709042011044,0.0,3167.1804655798896,653,10.0,498.0684706325495,0.15,453.6136578400001,19.883893760071565,518.41560896,32.55653931399548,388.81170672,20.4766573460434,2026-01-15 05:00:00
2026-01-14 20:00:00,optimistic,968.3353717499999,919.9538956143103,3146.609829,1825.03370082,47.67396148164329,0.0,3098.9358675183566,671,27.0,322.10365248186747,0.15,440.52537606000004,11.844144826980816,503.45757264,21.366947311206378,377.59317948,14.462869343456092,2026-01-15 23:00:00
2026-01-14 21:00:00,optimistic,820.1409635,805.983007526317,3148.7121669999997,1826.2530568599998,75.98081477111542,118.07077751317755,3190.802129742062,671,26.0,204.3262753778288,0.4,440.81970338,16.504686098107285,503.79394671999995,33.550436438064565,377.8454600399999,25.92569223494357,2026-01-15 23:00:00
2026-01-14 22:00:00,optimistic,772.82263475,805.491152659021,2999.123739,1739.49176862,56.7592980325536,0.0,2942.3644409674466,671,25.0,167.22647056055425,0.4,419.87732346000007,11.736301975877568,479.85979824000003,24.540036671969816,359.89484868,20.482959384706223,2026-01-15 23:00:00
2026-01-14 23:00:00,optimistic,724.009826,725.9382265728639,2871.360002,1665.3888011599997,37.81731813443867,99.70043671637464,2933.2431205819357,671,24.0,128.28410153892855,0.4,401.99040028,6.984375309358695,459.41760032,15.617017245350779,344.56320023999996,15.215925579729197,2026-01-15 23:00:00
2026-01-15 00:00:00,optimistic,751.80532475,719.4729814121208,2976.218367,1726.2066528599998,77.98239076121585,0.0,2898.235976238784,671,23.0,152.43856100667261,0.6,416.67057138,17.113958877400535,476.19493872,32.945197060641256,357.14620404,27.92323482317406,2026-01-15 23:00:00
2026-01-15 01:00:00,optimistic,702.73233025,681.273218972201,2976.772897,1726.5282802599997,35.46898367944361,127.87991342463852,3069.183826745195,679,30.0,104.25428691307707,0.6,416.74820558,10.195930205970571,476.28366352,5.935631013201316,357.21274764,19.33742246027173,2026-01-16 07:00:00
2026-01-15 02:00:00,optimistic,667.557414,687.9453464680403,3006.9101650000002,1744.0078957,27.57459612494928,0.0,2979.3355688750507,679,29.0,77.19985278167516,0.6,420.9674231000001,4.81333020231664,481.10562640000006,8.225215153402074,360.82921980000003,14.536050769230568,2026-01-16 07:00:00
2026-01-15 03:00:00,optimistic,633.69011325,611.7791142984859,3034.195159,1759.8331922199998,11.34093816960712,200.0,3222.854220830393,679,28.0,50.74928255042092,0.6,424.78732226,0.0,485.47122544,1.6654198224751173,364.10341908,9.675518347132003,2026-01-16 07:00:00
2026-01-15 04:00:00,optimistic,619.66124375,626.1550014374593,3036.495696,1761.1675036799998,7.611577818357353,200.0,3228.8841181816424,679,27.0,39.85334972562034,0.6,425.10939744,0.0,485.83931136,0.0,364.37948352,7.611577818357353,2026-01-16 07:00:00
2026-01-15 05:00:00,optimistic,641.349027,642.7161821971143,2953.373577,1712.9566746599999,13.828925692678377,196.9196822360977,3136.4643335434193,679,26.0,57.78842540458151,0.6,413.47230078,0.0,472.53977232,3.1131706782290287,354.40482923999997,10.715755014449348,2026-01-16 07:00:00
2026-01-15 06:00:00,optimistic,717.209522,697.6615115718255,3097.880637,1796.7707694599999,22.77409795133301,0.0,3075.1065390486674,679,25.0,120.36190717880693,0.3,433.70328918000007,2.1431718597664555,495.6609019200001,9.05629200370704,371.74567644,11.574634087859518,2026-01-16 07:00:00
2026-01-15 07:00:00,optimistic,771.0833705,835.4016931797598,3424.403472,1986.1540137599998,44.70309437420672,0.0,3379.7003776257934,679,24.0,165.79112150785485,0.3,479.41648608,9.332865465898657,547.90455552,17.972018981846066,410.92841663999997,17.398209926462,2026-01-16 07:00:00
2026-01-15 08:00:00,optimistic,763.7233335,782.7409041695403,3648.423134,2116.08541772,47.24695765270698,0.0,3601.176176347293,679,23.0,160.99969167386627,0.3,510.77923876000006,10.114336588205253,583.74770144,19.10422092983854,437.81077608,18.028400134663187,2026-01-16 07:00:00
2026-01-15 09:00:00,optimistic,756.494086,695.7398084002718,3649.2549440000003,2116.56786752,63.734888719247735,21.590373913870366,3607.1104291946226,673,16.0,116.57124460999293,0.5,510.89569216000007,9.954101822945445,583.8807910400001,31.752118157469496,437.91059328,22.02866873883279,2026-01-16 01:00:00
2026-01-15 10:00:00,optimistic,747.247355,752.8409844430828,3718.039054,2156.4626513199996,57.60295791637522,0.0,3660.4360960836248,673,15.0,109.30644011731383,0.5,520.52546756,9.093800856681375,594.88624864,27.429343894168586,446.16468647999994,21.07981316552526,2026-01-16 01:00:00
2026-01-15 11:00:00,optimistic,731.23838075,711.3847868069483,3761.727798,2181.80212284,44.53330995094541,19.04790267962682,3736.2423907286816,673,14.0,95.87166729382031,0.5,526.64189172,0.7310853660706094,601.87644768,25.044136182596397,451.40733575999997,18.758088402278403,2026-01-16 01:00:00
2026-01-15 12:00:00,optimistic,711.9603775,737.5333775438868,3834.8348419999998,2224.2042083599995,37.58322964152394,0.0,3797.251612358476,673,13.0,79.26789251029334,0.5,536.87687788,0.0,613.57357472,21.725901111805427,460.18018104,15.857328529718512,2026-01-16 01:00:00
2026-01-15 13:00:00,optimistic,751.805338,728.029715847019,3618.268002,2098.5954411599996,34.241837470663484,0.7310853660706094,3584.757249895407,673,12.0,116.1022918366085,0.5,506.55752028,0.0,578.92288032,30.665840673119224,434.19216023999996,3.5759967975442635,2026-01-16 01:00:00
2026-01-15 14:00:00,optimistic,789.39000825,785.9479150059931,3501.6148080000003,2030.93658864,75.05535878834507,0.0,3426.559449211655,672,10.0,144.8299326835798,0.5,490.2260731200001,10.20906171144595,560.25836928,38.77734927327771,420.19377696000004,26.06894780362142,2026-01-16 00:00:00
2026-01-15 15:00:00,optimistic,919.778144,934.9277623694137,3378.969875,1959.8025274999998,141.3089092541376,0.0,3237.660965745862,672,9.0,267.323407849073,0.5,473.0557825,29.239129392604713,540.63518,67.82896446584812,405.47638499999994,44.24081539568477,2026-01-16 00:00:00
2026-01-15 16:00:00,optimistic,1009.79828725,1035.7709430751038,3414.354892,1980.3258373599997,52.73942929839265,0.0,3361.615462701607,670,6.0,322.82928968921914,0.15,478.00968488,13.933165604182857,546.29678272,23.083923061567987,409.72258703999995,15.722340632641803,2026-01-15 22:00:00
2026-01-15 17:00:00,optimistic,1087.153182,1051.1442897883267,3530.065606,2047.43805148,70.85028844142234,0.0,3459.2153175585777,670,5.0,399.7440480898262,0.15,494.2091848400001,19.609939281012704,564.81049696,32.04826316926693,423.60787272,19.192085991142708,2026-01-15 22:00:00
2026-01-15 18:00:00,optimistic,894.74662,884.7115829247715,3368.92591,1953.9770277999999,40.868738564004865,0.0,3328.057171435995,670,4.0,216.6078047316789,0.15,471.64962740000004,10.919763665115427,539.0281456,18.97622727305846,404.27110919999996,10.972747625830975,2026-01-15 22:00:00
2026-01-15 19:00:00,optimistic,788.25051125,774.0021519151713,3202.1099219999996,1857.2237547599996,21.85075864153834,0.0,3180.259163358461,670,3.0,114.37698802272749,0.15,448.29538908,5.992654823074877,512.3375875199999,10.165522815318065,384.25319063999996,5.692581003145399,2026-01-15 22:00:00
2026-01-15 20:00:00,optimistic,731.051569,711.4516920227886,3108.671032,1803.02919856,11.548442757861912,83.91105965436165,3181.0336488965,670,2.0,59.00463202375771,0.15,435.21394448000007,3.3768013285884813,497.38736512,5.2929060688553164,373.04052384,2.8787353604181143,2026-01-15 22:00:00
2026-01-15 21:00:00,optimistic,679.36333375,732.3269609584329,3037.950158,1762.01109164,4.3976209640088175,0.0,3033.5525370359915,670,1.0,8.202183283714827,0.4,425.31302212,1.3722040826341215,486.07202528000005,1.978940141565078,364.55401896,1.0464767398096182,2026-01-15 22:00:00
2026-01-15 22:00:00,optimistic,658.9458185,671.0952698288287,2896.467239,1679.9509986199998,69.32345321940406,134.70848705534993,2961.8522728359458,681,11.0,245.86219550509887,0.4,405.50541346000006,0.0,463.43475824,41.13241998878685,347.57606868,28.1910332306172,2026-01-16 09:00:00
2026-01-15 23:00:00,optimistic,606.398281,568.5717623699486,3041.998527,1764.35914566,60.9897631408579,200.0,3181.008763859142,681,10.0,199.3294908530495,0.4,425.87979378000006,0.0,486.71976432,36.507673063884475,365.03982324000003,24.482090076973424,2026-01-16 09:00:00
2026-01-16 00:00:00,optimistic,604.96175675,632.4976151616432,2883.148729,1672.2262628199999,69.68678363973802,200.0,3013.461945360262,681,9.0,199.59379216989743,0.6,403.64082206000006,0.0,461.30379664000003,53.28991867025883,345.97784748,16.396864969479196,2026-01-16 09:00:00
2026-01-16 01:00:00,optimistic,560.340002,624.0046879103791,3067.815804,1779.3331663199997,46.769295305712006,200.0,3221.0465086942877,683,10.0,98.33128275102236,0.6,429.49421256,0.0,490.85052864,27.949962887455342,368.13789648,18.819332418256668,2026-01-16 11:00:00
2026-01-16 02:00:00,optimistic,527.130503,558.1044608165344,3082.0602780000004,1787.5949612400002,36.826057417783716,200.0,3245.2342205822165,683,9.0,68.21862316791207,0.6,431.4884389200001,3.5458580628004595,493.1296444800001,20.096774627997902,369.84723336,13.183424726985352,2026-01-16 11:00:00
2026-01-16 03:00:00,optimistic,502.28877225,456.70767327137963,3108.541865,1802.9542817,22.912342241328027,200.0,3285.629522758672,683,8.0,45.46489334168433,0.6,435.19586110000006,0.11720822300581049,497.3666984,13.910114536468118,373.0250238,8.885019481854098,2026-01-16 11:00:00
2026-01-16 04:00:00,optimistic,529.0170015,514.4899793140124,3124.47416,1812.1950128,45.60248453655166,200.0,3278.8716754634484,683,7.0,71.1026580413728,0.6,437.4263824000001,9.28560644800718,499.9158656,22.392685248872557,374.9368992,13.924192839671925,2026-01-16 11:00:00
2026-01-16 05:00:00,optimistic,464.54053625,502.54787072559867,3049.676336,1768.81227488,6.67741327705842,200.0,3242.9989227229416,683,6.0,10.219063169238595,0.6,426.95468704000007,1.470534245101343,487.94821376,3.243703698760607,365.96116032,1.9631753331964703,2026-01-16 11:00:00
2026-01-16 06:00:00,optimistic,461.738836,440.5087520314366,3155.935948,1830.4428498399998,2.674134947876598,200.0,3353.261813052123,683,5.0,7.6092995465170565,0.3,441.83103272,0.6337222965302495,504.94975167999996,1.2840018082323017,378.71231376,0.7564108431140468,2026-01-16 11:00:00
2026-01-16 07:00:00,optimistic,556.88457375,570.1991565943869,3281.1003969999997,1903.0382302599996,37.879473287923055,177.7059266275798,3420.926850339656,683,4.0,99.81969135875846,0.3,459.35405558,9.888468807243356,524.9760635199999,17.77784692803634,393.73204763999996,10.213157552643361,2026-01-16 11:00:00
2026-01-16 08:00:00,optimistic,478.30620749999997,501.54522910288006,3521.4019679999997,2042.4131414399997,10.176332618270237,3.66306628580627,3514.8887016675353,683,3.0,23.90651558876401,0.3,492.99627552,2.778317989426424,563.42431488,4.7477504794208345,422.56823615999997,2.6502641494229784,2026-01-16 11:00:00
2026-01-16 09:00:00,optimistic,418.27513550000003,390.46722135265753,3595.901043,2085.6226049399997,0.0,200.0,3795.901043,-1,0.0,0.0,0.5,503.42614602000003,0.0,575.34416688,0.0,431.50812515999996,0.0,
2026-01-16 10:00:00,optimistic,464.63392625,462.848165568146,3684.591401,2137.06301258,8.720294502497655,19.174075255250536,3695.045181752753,683,1.0,10.728756909222774,0.5,515.84279614,2.721041780167737,589.53462416,3.9241145680111837,442.15096812,2.075138154318734,2026-01-16 11:00:00
2026-01-16 11:00:00,optimistic,551.05701525,453.8189950479278,3656.7325419999997,2120.9048743599997,0.0,195.4006865939445,3852.1332285939443,-1,0.0,0.0,0.5,511.94255588,0.0,585.0772067199999,0.0,438.80790504,0.0,
2026-01-16 12:00:00,optimistic,626.0678875,595.3362582599713,3476.909659,2016.6076022199998,0.0,0.0,3476.909659,-1,0.0,0.0,0.5,486.76735226000005,0.0,556.30554544,0.0,417.22915908,0.0,
2026-01-16 13:00:00,optimistic,690.76846275,683.1914182082052,3416.2981529999997,1981.4529287399996,0.008364380965879091,0.0,3416.289788619034,796,111.0,0.04663572540384855,0.5,478.28174142,0.0,546.6077044799999,0.0,409.95577835999995,0.008364380965879091,2026-01-21 04:00:00
2026-01-16 14:00:00,optimistic,759.540872,722.1073765410546,3302.416206,1915.4013994799998,21.60654269823617,0.0,3280.8096633017635,700,14.0,53.58491374099013,0.5,462.33826884,0.0,528.38659296,12.343295283132587,396.28994472,9.263247415103582,2026-01-17 04:00:00
2026-01-16 15:00:00,optimistic,859.262727,908.2350661179491,3142.111444,1822.42463752,55.21856973023031,0.0,3086.89287426977,700,13.0,143.88717078166613,0.5,439.89560216000007,0.0,502.73783104,31.97206647717284,377.05337328,23.246503253057465,2026-01-17 04:00:00
2026-01-16 16:00:00,optimistic,931.24774075,888.343499411181,3162.9792239999997,1834.5279499199996,26.10339320147809,0.0,3136.8758307985217,700,12.0,210.43867952843854,0.15,442.81709136,1.8315673444218898,506.07667583999995,14.237970296145551,379.55750687999995,10.033855560910652,2026-01-17 04:00:00
2026-01-16 17:00:00,optimistic,1079.9245632500001,1066.7232286490905,3221.6561460000003,1868.56056468,51.28039253205894,0.0,3170.375753467941,700,11.0,348.2813583168557,0.15,451.03186044000006,11.594874437246835,515.46498336,23.918967962225786,386.59873752000004,15.766550132586318,2026-01-17 04:00:00
2026-01-16 18:00:00,optimistic,1206.86031825,1210.782535568583,3117.3675279999998,1808.0731662399996,65.87983485606584,0.0,3051.487693143934,700,10.0,468.25525434783026,0.15,436.43145392,16.716436887102205,498.77880447999996,30.231882208221624,374.08410336,18.931515760742016,2026-01-17 04:00:00
2026-01-16 19:00:00,optimistic,1156.57908975,1199.8172884219834,2847.747276,1651.69342008,57.63355559996068,0.0,2790.1137204000393,700,9.0,425.2280839899844,0.15,398.68461864000005,15.318896835644242,455.63956416,26.125759614546784,341.72967312,16.188899149769654,2026-01-17 04:00:00
2026-01-16 20:00:00,optimistic,998.6006179999999,955.5247534646168,2736.892636,1587.39772888,39.59985870624713,0.0,2697.292777293753,700,8.0,280.45895599968605,0.15,383.16496904,10.59165320001072,437.90282176,17.804234607015594,328.42711632,11.203970899220817,2026-01-17 04:00:00
2026-01-16 21:00:00,optimistic,878.7065190000001,913.6014315646489,2617.037654,1517.88183932,53.056613320471406,0.0,2563.9810406795286,700,7.0,169.3470635478973,0.4,366.38527156000004,16.2444875483129,418.72602464000005,29.081012309399735,314.04451848,7.7311134627587705,2026-01-17 04:00:00
2026-01-16 22:00:00,optimistic,879.397609,879.7046008305877,2496.850066,1448.17303828,61.795799990203136,1.8315673444218898,2436.8858333542184,698,4.0,158.32252598609134,0.4,349.55900924,17.49946563567414,399.49601056,28.1056021355534,299.62200792,16.1907322189756,2026-01-17 02:00:00
2026-01-16 23:00:00,optimistic,778.27490575,748.8296462185615,2498.5488170000003,1449.1583138600001,28.089044098017354,168.2424243289852,2638.702197230968,814,119.0,96.39126329328349,0.4,349.79683438000006,6.678083786758145,399.76781072000006,11.39061429687459,299.82585804,10.020346014384618,2026-01-21 22:00:00
2026-01-17 00:00:00,optimistic,781.93579025,795.7988944778981,2467.9487409999997,1431.4102697799997,45.46335639203022,0.0,2422.4853846079695,814,118.0,98.58982080121024,0.6,345.51282374,11.79839715243131,394.87179855999995,18.486447931093064,296.15384892,15.178511308505847,2026-01-21 22:00:00
2026-01-17 01:00:00,optimistic,756.73917375,762.710964617204,2501.085481,1450.62957898,34.3749108896892,0.0,2466.710570110311,814,117.0,89.4997540658459,0.6,350.15196734000006,8.350623964973739,400.17367696,12.0361507472182,300.13025772,13.98813617749726,2026-01-21 22:00:00
2026-01-17 02:00:00,optimistic,733.93333575,715.9268294352362,2494.425369,1446.7667140199999,20.92986804067639,130.84088684089363,2604.3363878002174,814,116.0,81.202481477819,0.6,349.21955166000004,3.0468522212624314,399.10805904,5.207351414907945,299.33104428,12.67566440450601,2026-01-21 22:00:00
2026-01-17 03:00:00,optimistic,718.2624657499999,720.3565282997005,2509.445818,1455.4785744399999,13.422385082488098,0.0,2496.023432917512,814,115.0,75.60956666684793,0.6,351.32241452000005,0.5984736100770311,401.51133088000006,0.9396849095419052,301.13349816,11.884226562869163,2026-01-21 22:00:00
2026-01-17 04:00:00,optimistic,711.16486475,699.6054568441472,2499.113608,1449.48589264,11.487935452389852,200.0,2687.62567254761,814,114.0,73.36562103879653,0.6,349.87590512,0.0,399.85817728,0.0,299.89363296,11.487935452389852,2026-01-21 22:00:00
2026-01-17 05:00:00,optimistic,711.57576775,714.9812881075374,2415.333912,1400.89366896,11.215910355524375,9.792362155789313,2413.910363800265,814,113.0,74.1212937648844,0.6,338.14674768000003,0.0,386.45342592000003,0.0,289.84006944,11.215910355524375,2026-01-21 22:00:00
2026-01-17 06:00:00,optimistic,716.13320525,735.9971254856314,2334.358094,1353.92769452,5.5974130767306765,0.0,2328.7606809232693,814,112.0,76.57698465412075,0.3,326.8101331600001,0.0,373.49729504000004,0.0,280.12297128,5.5974130767306765,2026-01-21 22:00:00
2026-01-17 07:00:00,optimistic,741.04964825,788.6301527343605,2432.1984989999996,1410.6751294199996,6.647694256703281,0.0,2425.5508047432963,814,111.0,87.44462283772108,0.3,340.50778986,0.0,389.15175983999995,0.0,291.86381987999994,6.647694256703281,2026-01-21 22:00:00
2026-01-17 08:00:00,optimistic,791.72307125,754.5886062851945,2577.887918,1495.1749924399999,11.186828552160856,0.0,2566.701089447839,814,110.0,109.165455462055,0.3,360.90430852000003,0.0,412.46206688,2.428504731786797,309.34655016,8.75832382037406,2026-01-21 22:00:00
2026-01-17 09:00:00,optimistic,871.5528285,935.543829739688,2670.4662540000004,1548.87042732,50.76116364154171,0.0,2619.7050903584586,814,109.0,143.42025945446792,0.5,373.8652755600001,12.733346116730274,427.2746006400001,18.332211862231084,320.45595048,19.69560566258035,2026-01-21 22:00:00
2026-01-17 10:00:00,optimistic,859.935122,801.372488014325,2725.300837,1580.6744854599997,39.37544581493195,31.06555797896136,2716.990949164029,814,108.0,139.6756757816558,0.5,381.54211718,5.825969353786311,436.04813392,13.953638939231539,327.03610044,19.595837521914095,2026-01-21 22:00:00
2026-01-17 11:00:00,optimistic,833.8419389999999,829.2883861489324,2726.089525,1581.1319244999997,33.037229281132696,0.0,2693.0522957188673,814,107.0,129.71166206615214,0.5,381.6525335,2.268563672288338,436.174324,12.516787487402485,327.130743,18.25187812144187,2026-01-21 22:00:00
2026-01-17 12:00:00,optimistic,836.38216375,854.0316799445374,2719.2197450000003,1577.1474521,34.75611467248291,0.0,2684.4636303275174,814,106.0,131.84142084831032,0.5,380.69076430000007,3.02263803024982,435.0751592000001,13.238936116558248,326.30636940000005,18.494540525674836,2026-01-21 22:00:00
2026-01-17 13:00:00,optimistic,811.67117925,820.100935282051,2740.889156,1589.71571048,27.153391373704657,11.11717105632447,2724.85293568262,814,105.0,122.23239036062598,0.5,383.72448184000007,0.0,438.54226496,10.645414634800936,328.90669872,16.50797673890372,2026-01-21 22:00:00
2026-01-17 14:00:00,optimistic,842.8821025,824.2011169053822,2746.404389,1592.9145456199997,33.24087408862826,0.0,2713.1635149113717,816,106.0,127.21355523516101,0.5,384.49661446,0.0,439.42470224,15.195567143492205,329.56852668,18.04530694513605,2026-01-22 00:00:00
2026-01-17 15:00:00,optimistic,917.23922775,910.9955602392818,2762.898952,1602.4813921599998,57.86591692892757,0.0,2705.0330350710724,816,105.0,160.33609885047161,0.5,386.80585328000006,8.763324966286373,442.06383232,26.437203403189148,331.54787424,22.665388559452047,2026-01-22 00:00:00
2026-01-17 16:00:00,optimistic,1014.402178,999.6121499602351,2840.153031,1647.28875798,30.431690637725918,0.0,2809.721340362274,731,19.0,244.94064749259718,0.15,397.62142434000003,6.466680511501311,454.42448496,13.633376424877405,340.81836372,10.331633701347204,2026-01-18 11:00:00
2026-01-17 17:00:00,optimistic,1052.78548675,1035.1045440416738,2988.7377909999996,1733.4679187799995,38.514775754906466,0.0,2950.223015245093,731,18.0,280.1436684933285,0.15,418.42329073999997,9.18749016392937,478.19804655999997,17.104114254163807,358.6485349199999,12.223171336813284,2026-01-18 11:00:00
2026-01-17 18:00:00,optimistic,1067.2422677499999,1092.7303306606307,2873.477715,1666.6170746999999,40.56364234360771,0.0,2832.9140726563924,731,17.0,295.0123011775005,0.15,402.2868801,10.501412443173209,459.7564344,17.78283893558647,344.8173258,12.279390964848037,2026-01-18 11:00:00
2026-01-17 19:00:00,optimistic,1035.414941,1046.1254055789514,2696.2306689999996,1563.8137880199997,35.73051036653352,0.0,2660.500158633466,731,16.0,269.37848421524257,0.15,377.47229366,9.620525361856883,431.3969070399999,15.44893302294396,323.54768027999995,10.661051981732678,2026-01-18 11:00:00
2026-01-17 20:00:00,optimistic,895.890285,875.1029971421804,2595.319019,1505.28503102,17.42661335673785,0.0,2577.892405643262,816,100.0,157.2868408446912,0.15,363.34466266000004,3.43886921255434,415.25104304,7.716038864914153,311.43828228,6.271705279269358,2026-01-22 00:00:00
2026-01-17 21:00:00,optimistic,805.432718,832.4207142629975,2543.3125670000004,1475.12128886,23.750662720747343,44.53943344674715,2564.1013377260006,816,99.0,117.57851156147052,0.4,356.0637593800001,1.7112682397283894,406.9300107200001,9.65405982626676,305.19750804000006,12.385334654752194,2026-01-22 00:00:00
2026-01-17 22:00:00,optimistic,815.23866775,824.4576533762983,2488.571225,1443.3713105,26.506932645261955,0.0,2462.064292354738,816,98.0,123.00007401945717,0.4,348.39997150000005,2.8171147458990453,398.171396,11.028789410101908,298.628547,12.661028489261,2026-01-22 00:00:00
2026-01-17 23:00:00,optimistic,799.5864945000001,823.9723580651689,2573.98202,1492.9095716,25.02470841725973,0.0,2548.95731158274,816,97.0,116.78421314497854,0.4,360.3574828,2.8970140084667557,411.8371232,9.67536396559965,308.87784239999996,12.452330443193327,2026-01-22 00:00:00
2026-01-18 00:00:00,optimistic,827.173895,846.0627602577084,2665.945096,1546.2481556799999,51.93796379582878,0.0,2614.0071322041713,816,96.0,130.52113310034198,0.6,373.23231344000004,8.791453871819332,426.55121536,21.598333371709764,319.91341151999995,21.548176552299687,2026-01-22 00:00:00
2026-01-18 01:00:00,optimistic,815.78031875,790.9104684223378,2481.8942690000003,1439.4986760200002,45.460093614411164,67.40813185012598,2503.8423072357155,816,95.0,126.24109690581611,0.6,347.46519766000006,7.6157117149862925,397.10308304000006,18.42038964427405,297.82731228000006,19.42399225515082,2026-01-22 00:00:00
2026-01-18 02:00:00,optimistic,802.33217525,785.526744044091,2458.960332,1426.19699256,40.82192456018682,4.5283829856274345,2422.666790425441,816,94.0,120.91531521438647,0.6,344.25444648000007,6.38139657138656,393.43365312000003,15.983644453926734,295.07523984,18.456883534873526,2026-01-22 00:00:00
2026-01-18 03:00:00,optimistic,766.0968535,788.5156616536979,2439.352993,1414.82473594,25.412308043347316,0.0,2413.9406849566526,816,93.0,104.66715650683396,0.6,341.50941902000005,1.199948492779696,390.29647888,8.304696501856812,292.72235916,15.907663048710809,2026-01-22 00:00:00
2026-01-18 04:00:00,optimistic,763.8181355,782.129243463004,2426.161659,1407.1737622199998,17.255091574991376,0.0,2408.9065674250087,816,92.0,104.41628644849538,0.6,339.66263226,0.9438118220491156,388.18586544,0.5267305943550866,291.13939908,15.784549158587172,2026-01-22 00:00:00
2026-01-18 05:00:00,optimistic,762.660094,762.0330461810755,2363.96987,1371.1025246,22.635027962483672,52.122779569848085,2393.4576216073647,816,91.0,104.69577912143565,0.6,330.9557818,0.8793889783091461,378.2351792,6.335446272599795,283.67638439999996,15.420192711574732,2026-01-22 00:00:00
2026-01-18 06:00:00,optimistic,754.9460855,758.4659069992634,2306.6564049999997,1337.8607148999997,9.87534566287571,18.52590398584715,2315.306963322971,822,96.0,100.3052204081073,0.3,322.9318967,0.0,369.06502479999995,2.661144231583395,276.79876859999996,7.214201431292314,2026-01-22 06:00:00
2026-01-18 07:00:00,optimistic,749.5294785,787.8594253736527,2396.1125469999997,1389.7452772599997,9.840646415916863,0.0,2386.2719005840827,822,95.0,98.57771527274333,0.3,335.45575658,0.018362181417845572,383.37800752,2.4548210267797006,287.53350563999993,7.367463207719317,2026-01-22 06:00:00
2026-01-18 08:00:00,optimistic,787.72596825,769.9788265849252,2551.820333,1480.0557931399999,18.17985534942705,0.0,2533.640477650573,822,94.0,117.37619467370835,0.3,357.25484662,3.0023006548757163,408.29125328000003,5.873074856844798,306.21843996,9.304479837706538,2026-01-22 06:00:00
2026-01-18 09:00:00,optimistic,802.4629085,818.8758299351011,2687.036781,1558.4813329799997,38.912913437179995,0.0,2648.1238675628197,822,93.0,125.32210094857854,0.5,376.18514934,8.630107208839433,429.92588495999996,12.881785836351725,322.44441371999994,17.40102039198884,2026-01-22 06:00:00
2026-01-18 10:00:00,optimistic,761.38997725,755.3241976769832,2785.7372689999997,1615.7276160199997,24.4489201790732,12.511796842024296,2773.800145662951,822,92.0,106.65368887918191,0.5,390.00321766,1.8257783916226793,445.71796304,7.203548782591384,334.28847227999995,15.419593004859136,2026-01-22 06:00:00
2026-01-18 11:00:00,optimistic,735.782452,729.2520159031834,2846.657986,1651.06163188,17.321062637339725,200.0,3029.3369233626604,822,91.0,95.14513810494947,0.5,398.53211804000006,0.0,455.46527776000005,3.2316282789304727,341.59895832,14.089434358409251,2026-01-22 06:00:00
2026-01-18 12:00:00,optimistic,723.62307225,756.5863778096157,2855.7040749999996,1656.3083634999996,14.569538079024321,0.0,2841.1345369209753,822,90.0,89.99074646513779,0.5,399.7985705,0.0,456.912652,1.1881656508546161,342.6844889999999,13.381372428169705,2026-01-22 06:00:00
2026-01-18 13:00:00,optimistic,724.4262134999999,749.1887039696408,2880.915278,1670.9308612399998,15.055331376511353,1.844140573040525,2867.704087196529,822,89.0,91.10763064036583,0.5,403.32813892,0.0,460.94644448,1.3910684993421927,345.70983336,13.66426287716916,2026-01-22 06:00:00
2026-01-18 14:00:00,optimistic,753.43315825,777.8384473300192,2828.8269960000002,1640.71965768,22.49896473862061,0.0,2806.3280312613797,822,88.0,106.18633478250362,0.5,396.03577944000006,0.0,452.6123193600001,6.907917400603009,339.45923952000004,15.591047338017603,2026-01-22 06:00:00
2026-01-18 15:00:00,optimistic,788.5851695,827.7495337146299,2833.1640589999997,1643.2351542199997,32.27319784881209,0.0,2800.8908611511874,822,87.0,124.56516841122507,0.5,396.64296826,0.0,453.30624944,14.03324109183661,339.97968707999996,18.23995675697548,2026-01-22 06:00:00
2026-01-18 16:00:00,optimistic,858.2541,858.8842152489827,2935.531681,1702.6083749799998,18.226570980663993,0.0,2917.305110019336,822,86.0,160.57991326272915,0.15,410.97443534,2.0821511471513925,469.68506896,8.909517939703742,352.26380172,7.2349018938088605,2026-01-22 06:00:00
2026-01-18 17:00:00,optimistic,971.199966,991.6585551388489,3096.014346,1795.6883206799998,35.540347336007585,0.0,3060.4739986639925,746,9.0,236.5739227818284,0.15,433.44200844000005,7.56816694376965,495.36229536,17.05313535676528,371.52172151999997,10.919045035472651,2026-01-19 02:00:00
2026-01-18 18:00:00,optimistic,1056.76388025,1047.4558775521964,3019.0911290000004,1751.0728548200002,47.72007778889387,0.0,2971.3710512111065,746,8.0,318.73348410361206,0.15,422.6727580600001,11.888808602435237,483.05458064000004,22.07333153664753,362.29093548000003,13.757937649811103,2026-01-19 02:00:00
2026-01-18 19:00:00,optimistic,924.82251775,934.5475083246532,2842.268258,1648.51558964,29.415283909899415,0.0,2812.852974090101,815,76.0,199.56962423481505,0.15,397.91755612000003,6.975916542818256,454.76292128,13.851832056339566,341.07219096,8.587535310741593,2026-01-21 23:00:00
2026-01-18 20:00:00,optimistic,866.061504,862.1572123689695,2715.3282879999997,1574.8904070399997,22.018042268168184,0.0,2693.3102457318314,822,82.0,169.8530120143899,0.15,380.14596032,5.015441585938295,434.45252608,9.945228575962249,325.83939455999996,7.057372106267638,2026-01-22 06:00:00
2026-01-18 21:00:00,optimistic,799.3250045,802.2348834497815,2659.673165,1542.6104357,37.83037267119633,13.97095974958663,2635.8137520783903,822,81.0,136.30802946932823,0.4,372.3542431000001,7.988332283294162,425.54770640000004,14.897952930074949,319.1607798,14.94408745782722,2026-01-22 06:00:00
2026-01-18 22:00:00,optimistic,797.08365,814.9383607631074,2645.186256,1534.20802848,38.47719361073321,0.0,2606.709062389267,822,80.0,136.22101796950014,0.4,370.32607584000004,8.69823982272217,423.22980096,14.925402193493035,317.42235072,14.853551594518,2026-01-22 06:00:00
2026-01-18 23:00:00,optimistic,775.006254,750.4596335029959,2666.252806,1546.42662748,32.21685186008676,19.5595250725262,2653.5954792124394,822,79.0,125.58040971551183,0.4,373.27539284000005,7.05341392216327,426.60044896,11.322722295271575,319.95033672,13.840715642651917,2026-01-22 06:00:00
2026-01-19 00:00:00,optimistic,755.76245125,818.5340695205639,2852.5994259999998,1654.5076670799997,31.287150229438147,0.0,2821.3122757705614,822,78.0,116.27831133660591,0.6,399.36391964,8.284656708435518,456.41590815999996,12.605953848383615,342.31193111999994,10.396539672619014,2026-01-22 06:00:00
2026-01-19 01:00:00,optimistic,750.457537,720.2770155550089,2878.998129,1669.81891482,38.94251816977922,103.85768820203349,2943.913299032254,815,70.0,109.78373601907514,0.6,403.05973806000003,7.892989550427925,460.63970064,11.378724369409985,345.47977548,19.67080424994131,2026-01-21 23:00:00
2026-01-19 02:00:00,optimistic,753.3901940000001,716.9645356163682,2813.1032179999997,1631.5998664399997,19.659331290929536,161.86256980066253,2955.306456509733,815,69.0,112.35414366375677,0.6,393.83445052,0.0,450.09651488,0.0,337.57238615999995,19.659331290929536,2026-01-21 23:00:00
2026-01-19 03:00:00,optimistic,750.43886875,785.182194955002,2675.045046,1551.52612668,18.563020900339456,0.0,2656.482025099661,815,68.0,111.54356789861522,0.6,374.50630644000006,0.0,428.00720736000005,0.0,321.00540552,18.563020900339456,2026-01-21 23:00:00
2026-01-19 04:00:00,optimistic,748.1786665,771.928547318888,2657.265816,1541.2141732799998,18.370891736240498,0.0,2638.8949242637595,815,67.0,111.11708739548982,0.6,372.01721424000004,0.0,425.16253056000005,0.0,318.87189792,18.370891736240498,2026-01-21 23:00:00
2026-01-19 05:00:00,optimistic,766.07340675,784.7970012615647,2571.0362179999997,1491.2010064399997,19.553344265161257,0.0,2551.4828737348384,815,66.0,122.56360933069107,0.6,359.94507052,0.0,411.36579487999995,0.0,308.52434615999994,19.553344265161257,2026-01-21 23:00:00
2026-01-19 06:00:00,optimistic,942.10665475,960.9570200279284,2849.1109,1652.484322,36.86153947253274,0.0,2812.2493605274676,815,65.0,228.20343378248066,0.3,398.87552600000004,3.5727181581380436,455.857744,13.831785781073352,341.893308,19.45703553332135,2026-01-21 23:00:00
2026-01-19 07:00:00,optimistic,1203.56008925,1203.1926860645924,3203.515266,1858.03885428,106.03787677101161,0.0,3097.477389228988,815,64.0,386.7243252885896,0.3,448.49213724000003,24.77684630969495,512.56244256,47.273491419134864,384.42183192,33.98753904218179,2026-01-21 23:00:00
2026-01-19 08:00:00,optimistic,1314.888432,1287.970800855425,3381.409418,1961.21746244,142.70761107622533,0.0,3238.7018069237747,767,15.0,459.4149021519048,0.3,473.39731852000006,37.938437658383414,541.0255068800001,64.21739257206674,405.76913016000003,40.55178084577518,2026-01-19 23:00:00
2026-01-19 09:00:00,optimistic,1209.948419,1212.2225557458119,3353.846843,1945.2311689399999,145.61766916461823,0.0,3208.2291738353815,815,62.0,396.8519280383285,0.5,469.53855802000004,22.22111388258196,536.61549488,81.24605761089303,402.46162115999994,42.15049767114323,2026-01-21 23:00:00
2026-01-19 10:00:00,optimistic,1015.5721637500001,995.2573124046368,3317.750459,1924.2952662199998,108.47080845046992,0.0,3209.27965054953,813,59.0,271.43571099092867,0.5,464.48506426,18.81819980336906,530.84007344,45.63530927202497,398.13005508,44.0172993750759,2026-01-21 21:00:00
2026-01-19 11:00:00,optimistic,919.0564380000001,948.3100300025326,3256.544401,1888.79575258,63.154024836706746,0.0,3193.3903761632932,813,58.0,212.93033504597943,0.5,455.9162161400001,1.9408214139351374,521.04710416,26.405140330995028,390.78532812,34.80806309177658,2026-01-21 21:00:00
2026-01-19 12:00:00,optimistic,890.7013625,886.2896410549358,3168.710623,1837.8521613399998,51.98787757131106,200.0,3316.722745428689,813,57.0,196.6687704996482,0.5,443.61948722000005,0.0,506.99369968,20.504005174225355,380.24527476,31.483872397085705,2026-01-21 21:00:00
2026-01-19 13:00:00,optimistic,933.98117,909.2162540962247,3228.339342,1872.43681836,67.78005229649447,102.00507882819723,3262.564368531703,813,56.0,225.90010261607142,0.5,451.9675078800001,0.0,516.53429472,31.370009917451764,387.40072104,36.410042379042714,2026-01-21 21:00:00
2026-01-19 14:00:00,optimistic,1078.53989675,1068.8983215004102,3120.4093789999997,1809.8374398199996,69.35396281973641,0.0,3051.0554161802634,813,55.0,320.81563656811363,0.5,436.85731306,0.0,499.26550063999997,21.701968678454364,374.44912547999996,47.65199414128204,2026-01-21 21:00:00
2026-01-19 15:00:00,optimistic,1270.5065455,1282.8944891282686,3065.716881,1778.1157909799997,125.6497517409237,0.0,2940.067129259076,813,54.0,448.0190035714607,0.5,429.20036334,30.83102221880069,490.51470095999997,89.19000090638596,367.88602571999996,5.62872861573706,2026-01-21 21:00:00
2026-01-19 16:00:00,optimistic,1484.2531864999999,1467.3414499158807,3253.340068,1886.9372394399998,78.79981497397031,0.0,3174.54025302603,768,8.0,625.5432045627832,0.15,455.46760952000005,18.413903160686424,520.53441088,37.003224876372364,390.40080816,23.38268693691152,2026-01-20 00:00:00
2026-01-19 17:00:00,optimistic,1699.3634387500001,1674.6968268830071,3444.4522939999997,1997.7823305199997,78.34096696724563,0.0,3366.111327032754,768,7.0,833.9627831020792,0.15,482.22332116,27.916879686915472,551.11236704,44.590483287579445,413.33427527999993,5.83360399275071,2026-01-20 00:00:00
2026-01-19 18:00:00,optimistic,1494.75094525,1502.0615615947574,3344.056253,1939.55262674,86.02741073306863,0.0,3258.0288422669314,770,8.0,634.7613183786922,0.15,468.1678754200001,23.249306853031147,535.04900048,38.569786391284694,401.28675036,24.2083174887528,2026-01-20 02:00:00
2026-01-19 19:00:00,optimistic,1352.0975242499999,1359.4465213832616,3151.4563139999996,1827.8446621199996,71.05744642842531,0.0,3080.398867571574,796,33.0,507.97026016000353,0.15,441.20388396,18.504018418050592,504.23301023999994,32.390840807203624,378.1747576799999,20.16258720317109,2026-01-21 04:00:00
2026-01-19 20:00:00,optimistic,1175.93354925,1160.7252539888661,3053.981238,1771.3091180399997,52.675380137049856,0.0,3001.30585786295,796,32.0,375.6743942864684,0.15,427.55737332,12.696684993790024,488.63699808,24.128972102614764,366.47774855999995,15.849723040645069,2026-01-21 04:00:00
2026-01-19 21:00:00,optimistic,1009.949676,995.8185268314503,2933.993946,1701.7164886799999,86.85999178750241,118.91513033748433,2966.0490845499817,812,47.0,262.11181048251206,0.4,410.75915244000004,19.519279649807018,469.43903136,37.13086349014598,352.07927352,30.209848647549418,2026-01-21 20:00:00
2026-01-19 22:00:00,optimistic,944.4415740000001,951.4030721207291,2848.657537,1652.22137146,64.44321259537571,0.0,2784.214324404624,838,72.0,226.25644798199573,0.4,398.8120551800001,13.614470918228257,455.78520592,25.08982686679389,341.83890443999996,25.73891481035357,2026-01-22 22:00:00
2026-01-19 23:00:00,optimistic,840.3421065,796.8995762550803,2825.834002,1638.98372116,26.837872206969998,200.0,2998.99612979303,838,71.0,169.08500247737408,0.4,395.61676028000005,2.7080128913661277,452.13344032000003,4.627878496036609,339.10008024,19.50198081956726,2026-01-22 22:00:00
2026-01-20 00:00:00,optimistic,859.59024425,817.3663310187032,2962.601261,1718.3087313799997,57.286132833739615,200.0,3105.3151281662604,838,70.0,181.43781841977312,0.6,414.76417654,8.935198222408415,474.01620176,15.580608438649948,355.51215132,32.77032617268125,2026-01-22 22:00:00
2026-01-20 01:00:00,optimistic,854.17392525,832.620598612427,3013.6876460000003,1747.9388346800001,57.48713408949472,103.17659184208536,3059.3771037525908,838,69.0,179.77644191373548,0.6,421.91627044000006,8.91281838751144,482.19002336000005,15.52481382521269,361.64251752,33.049501876770584,2026-01-22 22:00:00
2026-01-20 02:00:00,optimistic,824.44014325,818.0367286986445,3049.649635,1768.7967883000001,41.82400413333792,149.35635886385828,3157.1819897305204,838,68.0,163.96228297402334,0.6,426.95094890000007,0.0,487.9439416,11.159242153555446,365.9579562,30.66476197978248,2026-01-22 22:00:00
2026-01-20 03:00:00,optimistic,820.79813775,830.1253647179402,2918.433437,1692.69139346,39.64445795624614,0.0,2878.788979043754,838,67.0,163.14836321908402,0.6,408.58068118000006,0.0,466.94934992000003,10.437126318058084,350.21201244,29.207331638188055,2026-01-22 22:00:00
2026-01-20 04:00:00,optimistic,845.48911875,889.7498052584865,2850.345494,1653.20038652,52.232100573539796,0.0,2798.1133934264603,838,66.0,179.02111449927705,0.6,399.04836916000005,0.0,456.05527904,23.164917870883002,342.04145928,29.067182702656794,2026-01-22 22:00:00
2026-01-20 05:00:00,optimistic,935.9418295,961.6716181960606,2817.943656,1634.40732048,76.43277565192354,0.0,2741.510880348076,839,66.0,233.4158450990553,0.6,394.51211184000005,0.0,450.87098496,37.15498798722713,338.15323872,39.277787664696405,2026-01-22 23:00:00
2026-01-20 06:00:00,optimistic,1420.2364042499999,1415.438248351097,2998.254407,1738.9875560599999,143.54548968878638,0.0,2854.7089173112136,796,22.0,611.8399805707442,0.3,419.75561698,35.32071863247297,479.72070512,65.60403998312245,359.79052884,42.620731073190974,2026-01-21 04:00:00
2026-01-20 07:00:00,optimistic,1840.74910375,1840.1786175129193,3312.883977,1921.4727066599999,154.86599640115932,0.0,3158.0179805988405,796,21.0,972.2363546655439,0.3,463.80375678,61.15005445326548,530.06143632,37.92518693113911,397.54607724,55.79075501675473,2026-01-21 04:00:00
2026-01-20 08:00:00,optimistic,2041.993721,2011.9178400608657,3428.051194,1988.26969252,172.16310765223966,0.0,3255.8880863477607,796,20.0,1151.5347908490508,0.3,479.92716716000007,71.4818312702171,548.4881910400001,95.43334295486041,411.36614328,5.247933427162138,2026-01-21 04:00:00
2026-01-20 09:00:00,optimistic,1632.0709625,1631.5155684202282,3457.0065520000003,2005.06380016,290.74295889107407,0.0,3166.263593108926,792,15.0,773.647225968531,0.5,483.9809172800001,93.51356589564048,553.1210483200001,106.48643410435952,414.84078624,90.74295889107407,2026-01-21 00:00:00
2026-01-20 10:00:00,optimistic,1305.9331957499999,1297.2734365823958,3435.709702,1992.71162716,154.68683171023747,0.0,3281.0228702897625,812,34.0,516.3356898840478,0.5,480.9993582800001,24.122252871834068,549.7135523200001,56.55525037344978,412.28516424,74.00932846495363,2026-01-21 20:00:00
2026-01-20 11:00:00,optimistic,966.9643135,976.6458703101426,3293.8143489999998,1910.4123224199998,81.99220454422462,166.91517422507752,3378.7373186808527,839,60.0,264.0892530374627,0.5,461.13400886,0.0,527.01029584,39.3201871043185,395.25772187999996,42.672017439906114,2026-01-22 23:00:00
2026-01-20 12:00:00,optimistic,867.04237675,842.2254484434303,3247.0210970000003,1883.27223626,53.95892350620268,200.0,3393.0621734937977,839,59.0,203.88378143326136,0.5,454.5829535800001,0.0,519.5233755200001,20.60656573510803,389.64253164,33.352357771094645,2026-01-22 23:00:00
2026-01-20 13:00:00,optimistic,911.53097775,927.1113731772352,3210.569606,1862.13037148,67.38088262685923,200.0,3343.188723373141,839,58.0,233.49420429669644,0.5,449.47974484,0.0,513.69113696,30.077665560427008,385.26835272,37.303217066432225,2026-01-22 23:00:00
2026-01-20 14:00:00,optimistic,1110.92666125,1156.9088286400774,3130.262085,1815.5520092999998,122.02304795990088,24.122252871834068,3032.361289911933,812,30.0,379.72806529133845,0.5,438.23669190000004,0.0,500.8419336,67.42818004526949,375.63145019999996,54.5948679146314,2026-01-21 20:00:00
2026-01-20 15:00:00,optimistic,1410.76718,1407.5043755462943,3166.917261,1836.8120113799998,196.51773830748698,0.0,2970.399522692513,812,29.0,620.5354505332083,0.5,443.36841654000006,41.351721065950315,506.70676176,113.98006226867113,380.03007132,41.185954972865545,2026-01-21 20:00:00
2026-01-20 16:00:00,optimistic,2072.26917925,2084.320530912968,3268.104122,1895.50039076,105.57802511604761,0.0,3162.5260968839525,794,10.0,1206.8687635803349,0.15,457.5345770800001,31.323553416177024,522.8966595200001,45.69028330521532,392.17249464,28.564188394655275,2026-01-21 02:00:00
2026-01-20 17:00:00,optimistic,1864.93581125,1885.6401310013332,3458.904372,2006.1645357599998,86.47600510000933,0.0,3372.4283668999906,794,9.0,1023.6323320252545,0.15,484.24661208000003,32.14313751367405,553.42469952,40.329654426113564,415.06852463999996,14.00321316022172,2026-01-21 02:00:00
2026-01-20 18:00:00,optimistic,1483.57014475,1471.533530593425,3368.95808,1953.9956863999998,90.29418276590303,0.0,3278.663897234097,797,11.0,665.6131522734742,0.15,471.65413120000005,25.424555861944764,539.0332928,39.92771712016942,404.27496959999996,24.941909783788848,2026-01-21 05:00:00
2026-01-20 19:00:00,optimistic,1319.79152625,1326.5143007043125,3193.533414,1852.2493801199998,75.07619312616868,0.0,3118.4572208738314,797,10.0,519.772694099333,0.15,447.09467796000007,21.142558911205732,510.96534624000003,33.212483754695164,383.22400968,20.721150460267783,2026-01-21 05:00:00
2026-01-20 20:00:00,optimistic,1158.72109475,1159.098866773454,3057.417528,1773.30216624,58.175848530696335,0.0,2999.2416794693036,839,51.0,411.31913648874763,0.15,428.03845392000005,15.815615803236362,489.18680448,25.38815348455499,366.89010335999996,16.972079242904982,2026-01-22 23:00:00
2026-01-20 21:00:00,optimistic,1045.0901935,1048.0204764564648,3008.223962,1744.76989796,111.6290774087486,41.351721065950315,2937.9466056572014,839,50.0,338.4538160055979,0.4,421.15135468000005,30.50085443388559,481.31583392,50.70568215989738,360.98687544,30.42254081496563,2026-01-22 23:00:00
2026-01-20 22:00:00,optimistic,875.5217345,852.331440984336,2891.98993,1677.3541594,54.493577844686186,196.27799306029294,3033.774345215607,843,53.0,190.102249075585,0.4,404.8785902000001,10.557957772766597,462.7183888,21.66087540079939,347.0387916,22.2747446711202,2026-01-23 03:00:00
2026-01-20 23:00:00,optimistic,804.4930945,805.2283997277683,2824.982068,1638.4895994399997,29.766781695990304,200.0,2995.2152863040096,843,52.0,144.77297414737652,0.4,395.49748952,4.042944058426746,451.99713088,8.904957246867937,338.99784816,16.81888039069562,2026-01-23 03:00:00
2026-01-21 00:00:00,optimistic,744.84620225,759.7861509873635,2938.863974,1704.5411049199997,27.029553983430883,200.0,3111.834420016569,845,53.0,98.46379156081859,0.6,411.44095636000003,0.0,470.21823584,8.977448367739242,352.66367687999997,18.05210561569164,2026-01-23 05:00:00
2026-01-21 01:00:00,optimistic,746.6391355,790.1734437338512,3032.1495099999997,1758.6467157999998,61.67862707708757,119.86427717191413,3090.3351600948263,817,24.0,117.3954293937532,0.6,424.5009314,0.0,485.14392159999994,42.68769004731711,363.85794119999997,18.990937029770457,2026-01-22 01:00:00
2026-01-21 02:00:00,optimistic,736.1057304999999,764.8838552825562,3028.928263,1756.7783925399997,60.28007606165771,200.0,3168.648186938342,817,23.0,116.86766220210546,0.6,424.04995682000003,0.0,484.62852208,42.45831382022516,363.47139156,17.821762241432555,2026-01-22 01:00:00
2026-01-21 03:00:00,optimistic,727.4772975,792.0727712253466,3027.5785619999997,1755.9955659599998,59.37716062028777,0.0,2968.201401379712,817,22.0,117.03537705978935,0.6,423.86099868,0.0,484.41256991999995,42.49785933713808,363.3094274399999,16.879301283149683,2026-01-22 01:00:00
2026-01-21 04:00:00,optimistic,713.6755525,690.6551256133585,2999.839938,1739.90716404,56.39452774437532,200.0,3143.4454102556247,817,21.0,114.58613103903372,0.6,419.97759132000004,0.0,479.97439008000003,41.26152137344156,359.98079256,15.133006370933755,2026-01-22 01:00:00
2026-01-21 05:00:00,optimistic,730.5588695,756.7284886016204,3146.445746,1824.9385326799998,54.86174949741549,80.2718369501507,3171.855833452735,817,20.0,127.05166276057125,0.6,440.50240444,5.541318207898579,503.43131936,31.094615421878075,377.57348951999995,18.22581586763884,2026-01-22 01:00:00
2026-01-21 06:00:00,optimistic,775.96082575,781.4610859221506,3133.634426,1817.5079670799998,45.324833971456684,0.0,3088.309592028543,821,23.0,150.35793979704235,0.3,438.70881964000006,6.700808409026887,501.38150816,27.892647528639984,376.03613112,10.731378033789806,2026-01-22 05:00:00
2026-01-21 07:00:00,optimistic,944.1404645,1009.8345524965301,3407.863826,1976.5610190799998,66.60112363086775,0.0,3341.262702369132,835,36.0,232.1486798485556,0.3,477.10093564,23.85160238163582,545.25821216,19.11507373758894,408.94365911999995,23.634447511642986,2026-01-22 19:00:00
2026-01-21 08:00:00,optimistic,1106.4557587499999,1082.2068101893453,3483.943574,2020.6872729199997,110.93938843043577,0.0,3373.004185569564,837,37.0,352.3978837140588,0.3,487.75210036000004,42.01527388289018,557.43097184,34.5068456473342,418.07322888,34.417268900211376,2026-01-22 21:00:00
2026-01-21 09:00:00,optimistic,1029.02403,1003.8323747345768,3488.109144,2023.1033035199998,171.88335601334705,0.0,3316.225787986653,803,2.0,314.8148089970263,0.5,488.33528016,65.30563449421179,558.09746304,56.58536262433677,418.57309728,49.99235889479851,2026-01-21 11:00:00
2026-01-21 10:00:00,optimistic,884.02161025,866.0398308866793,3523.1753590000003,2043.44170822,143.3290595378523,0.0,3379.846299462148,821,19.0,228.5255994502513,0.5,493.2445502600001,33.20658746836742,563.7080574400001,76.22415871096352,422.78104308,33.89831335852136,2026-01-22 05:00:00
2026-01-21 11:00:00,optimistic,755.0994435,691.3825717707058,3532.0592829999996,2048.5943841399994,83.9757527233057,200.0,3648.083530276694,821,18.0,168.00272577683458,0.5,494.48829961999996,7.208093622042368,565.1294852799999,58.07958917669957,423.84711395999994,18.68806992456377,2026-01-22 05:00:00
2026-01-21 12:00:00,optimistic,740.9615515,725.1889008495772,3532.9587420000003,2049.11607036,55.080459883180865,40.414681090409786,3518.292963207229,821,17.0,166.18900195906613,0.5,494.6142238800001,0.0,565.27339872,37.80360458369694,423.95504904,17.276855299483927,2026-01-22 05:00:00
2026-01-21 13:00:00,optimistic,773.00999125,750.236011403389,3521.511509,2042.4766752199998,85.52408275886742,0.0,3435.9874262411327,820,15.0,160.2776174649809,0.5,493.01161126000005,9.178284017033834,563.44184144,55.443347314439904,422.58138107999997,20.90245142739369,2026-01-22 04:00:00
2026-01-21 14:00:00,optimistic,811.37100875,815.8828223442862,3498.3590270000004,2029.04823566,105.18634694067566,0.0,3393.1726800593246,820,14.0,189.48763135445117,0.5,489.7702637800001,15.892927797362209,559.7374443200001,64.18347459619778,419.80308324000003,25.10994454711567,2026-01-22 04:00:00
2026-01-21 15:00:00,optimistic,902.99670025,913.2493795233148,3563.003022,2066.54175276,149.23850139041406,0.0,3413.764520609586,820,13.0,254.36885938845333,0.5,498.82042308,33.21739637902829,570.08048352,80.37317808936231,427.56036264,35.64792692202345,2026-01-22 04:00:00
2026-01-21 16:00:00,optimistic,919.05824575,975.3433709264766,3561.09636,2065.4358887999997,49.599288295551915,0.0,3511.497071704448,818,10.0,266.7634032997971,0.15,498.55349040000004,12.018383738359285,569.7754176,26.309532385678747,427.3315632,11.271372171513885,2026-01-22 02:00:00
2026-01-21 17:00:00,optimistic,881.05209375,909.5648088955816,3975.9016850000003,2306.0229773,51.5479317901809,0.0,3924.3537532098194,818,9.0,248.52897116035373,0.15,556.6262359000001,12.5131018727452,636.1442696,27.707341842162094,477.1082022,11.327488075273605,2026-01-22 02:00:00
2026-01-21 18:00:00,optimistic,859.574406,842.2672963301278,3780.1061529999997,2192.4615687399996,47.586567090317324,0.0,3732.5195859096825,818,8.0,241.14901353584264,0.15,529.21486142,11.797539593119074,604.81698448,25.6842118714583,453.6127383599999,10.104815625739953,2026-01-22 02:00:00
2026-01-21 19:00:00,optimistic,730.316067,703.3636268595492,3738.2523029999998,2168.18633574,21.85008981665849,94.61763339764788,3811.019846580989,818,7.0,148.5675826343999,0.15,523.35532242,0.0,598.12036848,16.451737372258304,448.59027635999996,5.398352444400185,2026-01-22 02:00:00
2026-01-21 20:00:00,optimistic,613.44010575,628.1976808951952,3286.2134730000002,1906.00381434,9.470964969647014,200.0,3476.7425080303533,818,6.0,59.12170374302921,0.15,460.06988622000006,2.690515567716821,525.79415568,5.914085205260954,394.34561676000004,0.8663641966692386,2026-01-22 02:00:00
2026-01-21 21:00:00,optimistic,620.01413825,580.4071420393807,3232.77362,1875.0086995999998,29.037057839367353,200.0,3403.7365621606327,818,5.0,66.7462193509834,0.4,452.58830680000005,8.667759588708723,517.2437792,17.490145790052914,387.9328344,2.8791524606057175,2026-01-22 02:00:00
2026-01-21 22:00:00,optimistic,473.59234375,528.5361067256306,3255.5227609999997,1888.2032013799997,0.0,200.0,3455.5227609999997,-1,0.0,0.0,0.4,455.77318654,0.0,520.8836417599999,0.0,390.66273132,0.0,
2026-01-21 23:00:00,optimistic,522.87896575,558.2621693716386,3066.816332,1778.7534725599999,0.0,200.0,3266.816332,-1,0.0,0.0,0.4,429.35428648000004,0.0,490.69061311999997,0.0,368.01795983999995,0.0,
2026-01-22 00:00:00,optimistic,559.91725275,545.8419831868589,3280.159017,1902.49222986,16.037825977364143,200.0,3464.1211910226357,830,14.0,20.073357015572807,0.6,459.22226238,4.627248375636292,524.82544272,7.264123449977597,393.61908203999997,4.146454151750257,2026-01-22 14:00:00
2026-01-22 01:00:00,optimistic,526.1022755,474.7082396272737,3540.602582,2053.54949756,0.0,200.0,3740.602582,-1,0.0,0.0,0.6,495.68436148000006,0.0,566.49641312,0.0,424.87230983999996,0.0,
2026-01-22 02:00:00,optimistic,499.88678575,540.5029569749624,3737.068222,2167.49956876,0.0,142.80670144891076,3879.8749234489105,-1,0.0,0.0,0.6,523.18955108,0.0,597.93091552,0.0,448.44818663999996,0.0,
2026-01-22 03:00:00,optimistic,551.75759825,548.3214028924215,3496.793945,2028.1404880999999,7.044871859422249,0.0,3489.749073140578,830,11.0,13.08865287993359,0.6,489.5511523,0.0,559.4870312,4.161971713962786,419.6152734,2.8829001454594625,2026-01-22 14:00:00
2026-01-22 04:00:00,optimistic,464.93278525,502.0672746092039,3623.649446,2101.71667868,0.0,200.0,3823.649446,-1,0.0,0.0,0.6,507.31092244,0.0,579.78391136,0.0,434.83793352,0.0,
2026-01-22 05:00:00,optimistic,487.488578,439.655748236169,3527.27491,2045.8194477999998,0.0,200.0,3727.27491,-1,0.0,0.0,0.6,493.81848740000004,0.0,564.3639856,0.0,423.2729892,0.0,
2026-01-22 06:00:00,optimistic,556.72434475,538.7430940613868,3217.178206,1865.96335948,4.69518408856191,200.0,3412.4830219114383,830,8.0,18.06541346754893,0.3,450.40494884000003,0.0,514.74851296,2.8650246643239763,386.06138472,1.830159424237934,2026-01-22 14:00:00
2026-01-22 07:00:00,optimistic,728.9362062499999,729.0935172415454,3426.196614,1987.1940361199997,33.19792140887358,53.621919384923146,3446.6206119760495,865,42.0,100.81997715614877,0.3,479.66752596000003,13.526585007842,548.19145824,8.901838606518234,411.14359368,10.769497794513345,2026-01-24 01:00:00
2026-01-22 08:00:00,optimistic,799.105586,800.5150038129423,3530.184106,2047.50678148,57.40915433367939,0.0,3472.7749516663207,865,41.0,152.17719812076393,0.3,494.22577484000004,22.883303071221125,564.82945696,17.992640596821996,423.62209272,16.53321066563627,2026-01-24 01:00:00
2026-01-22 09:00:00,optimistic,748.7472,735.2452358556227,3540.721435,2053.6184322999998,56.122671105769264,0.0,3484.5987638942306,828,3.0,123.53201887993822,0.5,495.70100090000005,33.010281183522565,566.5154296,20.61926951096921,424.8865722,2.493120411277488,2026-01-22 12:00:00
2026-01-22 10:00:00,optimistic,680.2209674999999,698.9064654704249,3619.3082200000003,2099.1987676,41.60100931014357,0.0,3577.7072106898568,829,3.0,88.47585751077484,0.5,506.7031508000001,24.40287753928725,579.0893152000001,6.4346815033112925,434.3169864,10.763450267545025,2026-01-22 13:00:00
2026-01-22 11:00:00,optimistic,624.4850345,592.4564216185222,3656.744419,2120.91176302,49.00512572842828,22.883303071221125,3630.6225963427933,830,3.0,78.34632073998954,0.5,511.94421866000005,17.01107605420542,585.07910704,28.955202517446946,438.80933028,3.038847156775915,2026-01-22 14:00:00
2026-01-22 12:00:00,optimistic,575.9565082500001,571.6851236993613,3997.2878330000003,2318.42694314,31.850598612084145,46.53686619136457,4011.9741005792807,830,2.0,37.880599210575966,0.5,559.6202966200001,9.308090587873414,639.5660532800001,14.60460027685084,479.67453996,7.93790774735989,2026-01-22 14:00:00
2026-01-22 13:00:00,optimistic,549.7970495,553.4059184513569,3994.692186,2316.92146788,10.780038594427694,24.40287753928725,4008.3150249448595,830,1.0,12.233841467524712,0.5,559.2569060400001,3.363772733787329,639.15074976,4.85096016569145,479.36306232,2.5653056949489157,2026-01-22 14:00:00
2026-01-22 14:00:00,optimistic,522.0317797499999,537.4649447717624,3950.229584,2291.1331587199998,0.0,104.48342587789863,4054.713009877899,-1,0.0,0.0,0.5,553.0321417600001,0.0,632.03673344,0.0,474.02755008,0.0,
2026-01-22 15:00:00,optimistic,679.38071825,700.7291645926666,3848.020086,2231.85164988,32.912185212962044,0.0,3815.107900787038,864,33.0,58.50638969481264,0.5,538.72281204,13.225903895366507,615.6832137600001,7.907887401610128,461.76241031999996,11.778393915985404,2026-01-24 00:00:00
2026-01-22 16:00:00,optimistic,755.618496,721.8792332448639,3879.698944,2250.22538752,24.98379593365779,0.0,3854.7151480663424,864,32.0,117.99518138311865,0.15,543.1578521600001,8.640809654052532,620.7518310400001,9.233619053038455,465.56387328,7.109367226566808,2026-01-24 00:00:00
2026-01-22 17:00:00,optimistic,721.6914755,675.6680503779313,3750.779121,2175.4518901799997,19.083332677382806,0.0,3731.6957883226173,864,31.0,92.46764097610738,0.15,525.10907694,7.413648341103562,600.12465936,6.254364351081613,450.09349452,5.4153199851976295,2026-01-24 00:00:00
2026-01-22 18:00:00,optimistic,691.5735435,729.9038481569553,3633.876228,2107.64821224,9.168642078065877,0.0,3624.7075859219344,864,30.0,69.51874454589804,0.15,508.7426719200001,1.6260824619473824,581.4201964800001,3.58326910602108,436.06514735999997,3.9592905100974156,2026-01-24 00:00:00
2026-01-22 19:00:00,optimistic,624.5410467500001,634.5104671093878,3456.7033300000003,2004.8879314,5.965552351793815,23.634447511642986,3474.372225159849,843,8.0,29.858943231411995,0.15,483.9384662000001,1.8903270765835833,553.0725328000001,3.1541017596701226,414.8043996,0.9211235155401092,2026-01-23 03:00:00
2026-01-22 20:00:00,optimistic,620.2838495,597.8292534033034,3603.817399,2090.21409142,3.814126818711145,31.170688967106184,3631.1739611483954,843,7.0,27.59038248661349,0.15,504.53443586000003,0.0,576.6107838400001,3.0390980070484415,432.45808788,0.7750288116627034,2026-01-23 03:00:00
2026-01-22 21:00:00,optimistic,586.1327615,632.6673207656758,3350.41073,1943.2382234,0.5013391494579279,118.30794115353123,3468.2173320040733,843,6.0,1.047468015613151,0.4,469.05750220000004,0.11040111921719206,536.0657168,0.24354137602055853,402.0492876,0.1473966542201773,2026-01-23 03:00:00
2026-01-22 22:00:00,optimistic,538.481806,541.9520450287857,3212.015976,1862.96926608,0.0,200.0,3412.015976,-1,0.0,0.0,0.4,449.68223664000004,0.0,513.92255616,0.0,385.44191712,0.0,
2026-01-22 23:00:00,optimistic,504.79751624999994,540.1764317719147,3207.180083,1860.1644481399999,0.0,200.0,3407.180083,-1,0.0,0.0,0.4,449.00521162000007,0.0,513.14881328,0.0,384.86160996,0.0,
2026-01-23 00:00:00,optimistic,649.7308625000001,651.7564169423033,3326.868859,1929.58393822,30.050308608202563,82.55365259131939,3379.372202983117,843,3.0,45.13761668961319,0.6,465.7616402600001,13.837853789951904,532.2990174400001,8.175357540719364,399.22426308,8.037097277531297,2026-01-23 03:00:00
2026-01-23 01:00:00,optimistic,621.21947275,683.0419104964596,3388.13798,1965.1200284,15.4422357014492,0.0,3372.695744298551,843,2.0,28.46466717025817,0.6,474.33931720000004,8.901646603921444,542.1020768,3.3410712508990006,406.5765576,3.199517846628754,2026-01-23 03:00:00
2026-01-23 02:00:00,optimistic,604.93793775,657.5981630232961,3398.975324,1971.4056879199998,6.189671219306196,0.0,3392.785652780694,843,1.0,17.653396483095147,0.6,475.85654536000004,5.5420169691222165,543.83605184,0.3351824589970399,407.87703888,0.31247179118693935,2026-01-23 03:00:00
2026-01-23 03:00:00,optimistic,592.5027132499999,585.0337887956277,3428.7171129999997,1988.6559255399998,1.5628738168125311,74.06968134098788,3501.223920524175,844,1.0,1.721707320954093,0.6,480.02039582,0.4876638897804484,548.59473808,0.703306469062361,411.44605355999994,0.3719034579697217,2026-01-23 04:00:00
2026-01-23 04:00:00,optimistic,561.6200484999999,590.7671770286306,3493.777163,2026.39075454,0.0,1.5628738168125311,3495.3400368168127,-1,0.0,0.0,0.6,489.1288028200001,0.0,559.00434608,0.0,419.25325956,0.0,
2026-01-23 05:00:00,optimistic,575.0261855,594.3874639875544,3370.75065,1955.035377,0.0,105.10292840861693,3475.853578408617,-1,0.0,0.0,0.6,471.905091,0.0,539.320104,0.0,404.490078,0.0,
2026-01-23 06:00:00,optimistic,600.4941135,641.5530602259705,3565.270293,2067.85676994,0.0,0.0,3565.270293,-1,0.0,0.0,0.3,499.13784102000005,0.0,570.4432468800001,0.0,427.83243516,0.0,
2026-01-23 07:00:00,optimistic,763.0295245,734.0818206825968,3731.755871,2164.41840518,46.04695052647056,0.0,3685.7089204735294,864,17.0,139.5078571363925,0.3,522.44582194,9.950419855512198,597.08093936,20.015571495721524,447.81070451999994,16.08095917523684,2026-01-24 00:00:00
2026-01-23 08:00:00,optimistic,892.833787,913.4153307999532,3593.037412,2083.96169896,85.5444669829663,0.0,3507.492945017034,864,16.0,254.83711516143336,0.3,503.0252376800001,23.521596941910374,574.88598592,34.951568215395774,431.16448944,27.071301825660157,2026-01-24 00:00:00
2026-01-23 09:00:00,optimistic,902.84171275,934.5944473554877,3542.4021860000003,2054.59326788,131.17878640531163,0.0,3411.2233995946885,863,14.0,252.28044904952108,0.5,495.9363060400001,32.35404548347046,566.78434976,54.73465122837382,425.08826232,44.09008969346734,2026-01-23 23:00:00
2026-01-23 10:00:00,optimistic,836.46453975,783.7023551573066,3510.5896970000003,2036.14202426,106.28627265288536,0.0,3404.303424347115,863,13.0,194.4859997084395,0.5,491.4825575800001,24.07567549478765,561.69435152,47.68848278710909,421.27076364000004,34.52211437098862,2026-01-23 23:00:00
2026-01-23 11:00:00,optimistic,747.8682777500001,712.3705223700268,3472.713021,2014.17355218,58.579113168306506,0.0,3414.1339078316937,863,12.0,115.56161190228656,0.5,486.17982294000007,8.494815822163938,555.63408336,29.298004598092014,416.72556252,20.78629274805056,2026-01-23 23:00:00
2026-01-23 12:00:00,optimistic,718.572676,657.395710667197,3424.569187,1986.2501284599998,26.22104247871014,53.4875882931441,3451.8357328144343,863,11.0,89.66204670737994,0.5,479.4396861800001,2.6060266764177387,547.93106992,23.117521259424233,410.94830243999996,0.49749454286816785,2026-01-23 23:00:00
2026-01-23 13:00:00,optimistic,715.51054775,707.4283427166632,3354.04509,1945.3461522,31.187311348026235,67.53056347683979,3390.3883421288137,868,15.0,75.93035778317078,0.5,469.56631260000006,0.6357755691828189,536.6472144,17.259298938726957,402.4854108,13.292236840116457,2026-01-24 04:00:00
2026-01-23 14:00:00,optimistic,725.0516735,746.5779411738789,3390.3394850000004,1966.3969013,37.17846818357855,0.0,3353.161016816422,868,14.0,85.07042559613156,0.5,474.6475279000001,2.091382007215601,542.4543176000001,20.056042799847813,406.84073820000003,15.031043376515141,2026-01-24 04:00:00
2026-01-23 15:00:00,optimistic,769.2284645,814.2991760628809,3566.287848,2068.4469518399997,64.89076620321319,0.0,3501.3970817967866,868,13.0,125.566960136494,0.5,499.28029872,9.969579135805034,570.60605568,31.782507241929924,427.95454176,23.138679825478228,2026-01-24 04:00:00
2026-01-23 16:00:00,optimistic,828.846549,831.0693924125933,3590.4354479999997,2082.4525598399996,31.079814359456176,0.0,3559.3556336405436,868,12.0,180.73640917201553,0.15,502.66096272,6.789147857940899,574.4696716799999,14.397846974306388,430.85225375999994,9.89281952720889,2026-01-24 04:00:00
2026-01-23 17:00:00,optimistic,903.5698992499999,952.4283656171386,3535.9291510000003,2050.83890758,45.78311160982659,0.0,3490.146039390174,868,11.0,250.61682020086457,0.15,495.0300811400001,12.039896087278006,565.7486641600001,20.61715268103322,424.31149812,13.126062841515363,2026-01-24 04:00:00
2026-01-23 18:00:00,optimistic,860.942863,819.5398192535532,3597.1961699999997,2086.3737785999997,40.54484419598758,0.0,3556.6513258040122,868,10.0,213.2800819691364,0.15,503.6074638,10.834784339614572,575.5513872,18.158012614254808,431.66354039999993,11.552047242118196,2026-01-24 04:00:00
2026-01-23 19:00:00,optimistic,761.554476,710.4530028193453,3401.332526,1972.77286508,21.707557653845193,42.36056499703693,3421.985533343192,868,9.0,122.5092010355302,0.15,476.18655364000006,5.37990132570656,544.21320416,9.863454529180501,408.15990312,6.464201798958133,2026-01-24 04:00:00
2026-01-23 20:00:00,optimistic,722.34431275,720.6778817831014,3492.8383400000002,2025.8462372,15.91599815340519,0.0,3476.922341846595,868,8.0,86.71387625239167,0.15,488.9973676000001,3.7687527821818514,558.8541344,7.413206507512684,419.1406008,4.734038863710655,2026-01-24 04:00:00
2026-01-23 21:00:00,optimistic,700.38663825,711.9086017181793,3222.762634,1869.2023277199999,23.004157904181913,0.0,3199.7584760958184,868,7.0,66.64852894796535,0.4,451.18676876000006,6.60979823700086,515.64202144,14.4425538393393,386.73151608,1.9518058278417527,2026-01-24 04:00:00
2026-01-23 22:00:00,optimistic,663.77182475,662.7909823071772,3187.7878960000003,1848.91697968,7.84723161116538,68.93146461448369,3248.8721290033186,869,7.0,17.383519794734585,0.4,446.29030544000005,1.7785503849802433,510.04606336000006,3.7419700235271605,382.53454752000005,2.326711202657977,2026-01-24 05:00:00
2026-01-23 23:00:00,optimistic,682.6860489999999,620.6627859988037,2896.018279,1679.6906018199998,15.492234325359496,200.0,3080.5260446746406,869,6.0,35.550931901126766,0.4,405.44255906,3.9073640199645863,463.36292464,7.2662824653393265,347.52219348,4.318587840055583,2026-01-24 05:00:00
2026-01-24 00:00:00,optimistic,605.87149975,603.1978985646164,2959.4903339999996,1716.5043937199996,0.0,200.0,3159.4903339999996,-1,0.0,0.0,0.6,414.32864675999997,0.0,473.51845344,0.0,355.13884007999997,0.0,
2026-01-24 01:00:00,optimistic,626.98896275,587.8548777348544,2837.469425,1645.7322664999997,0.0,200.0,3037.469425,-1,0.0,0.0,0.6,397.2457195,0.0,453.99510799999996,0.0,340.49633099999994,0.0,
2026-01-24 02:00:00,optimistic,673.83576175,693.9259382149011,2688.670912,1559.4291289599998,18.985392697237597,0.0,2669.6855193027623,869,3.0,27.774066368885393,0.6,376.41392768000003,5.849921076628705,430.18734592000004,8.434627375230367,322.64050944,4.700844245378525,2026-01-24 05:00:00
2026-01-24 03:00:00,optimistic,636.2686982499999,647.2666456329054,2568.0043100000003,1489.4424998,0.0,27.23674532214323,2595.2410553221434,-1,0.0,0.0,0.6,359.5206034000001,0.0,410.88068960000004,0.0,308.1605172,0.0,
2026-01-24 04:00:00,optimistic,658.0957020000001,629.8993084101794,2437.4655860000003,1413.73003988,8.134183411280006,200.0,2629.3314025887203,869,1.0,12.607383934355012,0.6,341.2451820400001,2.538171135836699,389.99449376000007,3.660332282284993,292.49587032,1.935679993158313,2026-01-24 05:00:00
2026-01-24 05:00:00,optimistic,660.803062,645.3870544798991,2284.594149,1325.06460642,6.842699424250778,23.22229672289925,2300.973746298648,870,1.0,11.31492223381228,0.6,319.84318086,2.135169567942271,365.53506384,3.0791923425346246,274.15129788,1.6283375137738827,2026-01-24 06:00:00
2026-01-24 06:00:00,optimistic,681.173663,649.3972573433315,2319.1354,1345.098532,2.2675281397893716,6.842699424250778,2323.710571284462,892,22.0,14.978040630704118,0.3,324.678956,0.0,371.061664,1.1735913729230063,278.296248,1.0939367668663655,2026-01-25 04:00:00
2026-01-24 07:00:00,optimistic,708.95686425,707.0764913318048,2422.762767,1405.20240486,6.183042459310215,0.0,2416.5797245406898,892,21.0,38.584981250239466,0.3,339.18678738000006,0.0,387.64204272000006,3.2428186430406205,290.73153204,2.9402238162695946,2026-01-25 04:00:00
2026-01-24 08:00:00,optimistic,781.36495425,810.0192238650371,2458.0535440000003,1425.67105552,18.11575319918242,0.0,2439.9377908008178,892,20.0,100.59700328322863,0.3,344.1274961600001,1.6326912213033045,393.2885670400001,8.773448878899885,294.96642528,7.709613098979235,2026-01-25 04:00:00
2026-01-24 09:00:00,optimistic,827.50221425,797.9304328599336,2517.678727,1460.2536616599998,48.08702796868259,0.0,2469.5916990313176,892,19.0,141.03637266057936,0.5,352.47502178,8.360430738692239,402.82859632000003,21.4542075831694,302.12144724,18.27238964682095,2026-01-25 04:00:00
2026-01-24 10:00:00,optimistic,878.60609875,893.7274942155353,2563.993171,1487.11603918,70.42624111477627,0.0,2493.566929885224,892,18.0,186.41941633178448,0.5,358.9590439400001,16.778425739677473,410.23890736000004,29.407865656305024,307.67918052,24.239949718793785,2026-01-25 04:00:00
2026-01-24 11:00:00,optimistic,823.7678995,807.8601709488267,2601.2233020000003,1508.7095151600001,52.34295310709564,0.0,2548.8803488929047,892,17.0,140.0516348291072,0.5,364.17126228000006,10.382414759234486,416.19572832000006,23.208474875406655,312.14679624,18.752063472454495,2026-01-25 04:00:00
2026-01-24 12:00:00,optimistic,793.296026,769.5098410321297,2641.791085,1532.2388293,42.123249690529974,16.778425739677473,2616.4462610491473,892,16.0,114.36576066722472,0.5,369.85075190000003,6.627340717649835,422.6865736,19.84250897053155,317.0149302,15.65340000234859,2026-01-25 04:00:00
2026-01-24 13:00:00,optimistic,760.8449477500001,757.6340369513633,2667.507078,1547.15410524,16.422736119944275,18.742845497926723,2669.8271873779827,893,16.0,75.72567417596878,0.5,373.45099092000004,1.6439397305323196,426.80113248000004,4.235507497190838,320.10084936,10.543288892221119,2026-01-25 05:00:00
2026-01-24 14:00:00,optimistic,782.87732525,751.8200555774188,2610.737139,1514.22754062,29.943584169650283,9.903971669485458,2590.697526499835,893,15.0,95.87487514003612,0.5,365.50319946,0.0,417.71794223999996,16.92455436897983,313.28845667999997,13.019029800670452,2026-01-25 05:00:00
2026-01-24 15:00:00,optimistic,870.1292525,853.5197733395845,2560.019298,1484.81119284,59.26455538964773,0.0,2500.7547426103524,893,14.0,174.65203484857386,0.5,358.40270172000004,5.902216428913044,409.60308768000004,30.593545357527262,307.20231576000003,22.768793603207428,2026-01-25 05:00:00
2026-01-24 16:00:00,optimistic,954.9538915,919.0175547223346,2633.523177,1527.4434426599998,28.3676068060146,0.0,2605.1555701939856,893,13.0,252.5009654373943,0.15,368.69324478000004,4.846557791152052,421.36370832,13.68012761226196,316.02278124,9.840921402600584,2026-01-25 05:00:00
2026-01-24 17:00:00,optimistic,1030.666774,1089.6085279874917,2741.941206,1590.3258994799999,39.28409103121628,0.0,2702.657114968784,893,12.0,323.31150408578713,0.15,383.87176884,8.492896584642786,438.71059296,18.14980181684938,329.03294472,12.641392629724109,2026-01-25 05:00:00
2026-01-24 18:00:00,optimistic,1026.6524385,1027.710345059152,2622.390744,1520.9866315199997,38.711728686542244,0.0,2583.6790153134575,893,11.0,322.23219833417784,0.15,367.13470416,8.943639186099963,419.58251903999997,17.71078201930008,314.68688927999995,12.057307481142201,2026-01-25 05:00:00
2026-01-24 19:00:00,optimistic,951.1635345,930.1717692602224,2503.663525,1452.1248444999999,28.45219887406258,0.0,2475.2113261259374,893,10.0,255.1353536502164,0.15,350.5128935,6.381743858546963,400.586164,14.12397825182336,300.439623,7.94647676369226,2026-01-25 05:00:00
2026-01-24 20:00:00,optimistic,859.91593975,866.3353370720266,2485.780759,1441.75284022,16.868453611106922,0.0,2468.9123053888934,917,33.0,133.17819963689752,0.15,348.0093062600001,3.739361583130277,397.72492144000006,8.00742461863881,298.29369108000003,5.121667409337833,2026-01-26 05:00:00
2026-01-24 21:00:00,optimistic,811.9115135,808.5416720092751,2410.042966,1397.8249202799998,30.34699606845254,34.56705384935481,2414.2630237809026,917,32.0,97.08565727576895,0.4,337.40601524000004,6.832708687255579,385.60687456,13.78057986923671,289.20515592,9.733707511960251,2026-01-26 05:00:00
2026-01-24 22:00:00,optimistic,797.3290625,790.6999745140033,2289.1366120000002,1327.69923496,25.53030137894449,0.0,2263.606310621056,917,31.0,86.4858969410318,0.4,320.47912568000004,6.050829717625248,366.26185792000007,11.22730879781439,274.69639344,8.252162863504854,2026-01-26 05:00:00
2026-01-24 23:00:00,optimistic,770.29272525,788.7177262513028,2232.228213,1294.6923635399999,17.174276848941922,0.0,2215.0539361510578,917,30.0,65.91302291813449,0.4,312.51194982,4.070618429075333,357.15651407999997,6.951337827519209,267.86738556,6.152320592347381,2026-01-26 05:00:00
2026-01-25 00:00:00,optimistic,742.9389719999999,765.6642033014191,2781.765401,1613.42393258,15.717642290783685,0.0,2766.0477587092164,965,77.0,44.934310460329606,0.6,389.44715614000006,3.0580276744344475,445.08246416000003,4.801013012365451,333.81184812,7.858601603983786,2026-01-28 05:00:00
2026-01-25 01:00:00,optimistic,756.49448675,740.5794523216841,2704.657903,1568.7015837399997,25.013026112318883,3.739361583130277,2683.384238470811,917,28.0,55.94697246825773,0.6,378.65210642,6.352085249196306,432.74526448,9.158287514391548,324.55894836,9.50265334873103,2026-01-26 05:00:00
2026-01-25 02:00:00,optimistic,745.086213,727.8116657806596,2851.544158,1653.89561164,18.228182085916046,80.29022139755303,2913.606197311637,917,27.0,47.20429444101652,0.6,399.21618212000004,3.9996349727644125,456.24706528,5.767660870800674,342.18529896,8.460886242350957,2026-01-26 05:00:00
2026-01-25 03:00:00,optimistic,736.2172377500001,727.9656868354508,2693.67686,1562.3325788,10.818377867329161,9.767295843565087,2692.625777976236,965,74.0,42.307183084372745,0.6,377.1147604,0.0,430.9882976,3.6518691926271343,323.2412232,7.166508674702026,2026-01-28 05:00:00
2026-01-25 04:00:00,optimistic,732.37091225,663.3132773079324,2652.613167,1538.5156368599999,9.903487307333776,200.0,2842.709679692666,965,73.0,40.502043631618704,0.6,371.36584338000006,0.0,424.41810672,3.146315002034293,318.31358004,6.757172305299483,2026-01-28 05:00:00
2026-01-25 05:00:00,optimistic,720.23443725,674.7787053840435,2580.019414,1496.4112601199997,10.1181794530907,200.0,2769.901234546909,965,72.0,34.00493177659562,0.6,361.20271796000003,0.0,412.80310624,4.597491475312781,309.60232967999997,5.5206879777779205,2026-01-28 05:00:00
2026-01-25 06:00:00,optimistic,726.20929475,767.2155227733358,2546.566396,1477.00850968,5.782417011312312,0.0,2540.783978988688,965,71.0,37.663760835239955,0.3,356.51929544000006,0.0,407.45062336,2.7655166245219434,305.58796752,3.016900386790368,2026-01-28 05:00:00
2026-01-25 07:00:00,optimistic,752.3120725,801.6611039050385,2572.035246,1491.7804426799999,9.247406486424588,0.0,2562.7878395135754,917,22.0,55.19047396412686,0.3,360.08493444000004,0.0,411.52563936,4.789775544388259,308.64422951999995,4.457630942036328,2026-01-26 05:00:00
2026-01-25 08:00:00,optimistic,773.746947,766.2758658133087,2757.573341,1599.3925377799999,13.412856415647346,0.0,2744.1604845843526,917,21.0,73.7538219245875,0.3,386.06026774000003,0.0,441.21173455999997,7.041676487698457,330.90880092,6.371179927948888,2026-01-26 05:00:00
2026-01-25 09:00:00,optimistic,802.85582475,820.152533641673,2919.720779,1693.43805182,33.96545560281509,0.0,2885.7553233971853,917,20.0,99.151168306992,0.5,408.7609090600001,1.796101281322484,467.15532464000006,17.121646711149257,350.36649348000003,15.04770761034335,2026-01-26 05:00:00
2026-01-25 10:00:00,optimistic,843.57836275,852.9158673863061,2956.2756830000003,1714.63989614,51.811528369732486,0.0,2904.464154630268,917,19.0,134.92774187271743,0.5,413.87859562000006,7.128659301995062,473.0041092800001,24.12218290261877,354.75308196000003,20.56068616511865,2026-01-26 05:00:00
2026-01-25 11:00:00,optimistic,861.1482625,953.5146867536571,2996.746479,1738.1129578199998,56.537769764074376,0.0,2940.2087092359257,917,18.0,151.2250539604911,0.5,419.54450706,10.636662123443367,479.47943664,28.067388278744346,359.60957748,17.833719361886665,2026-01-26 05:00:00
2026-01-25 12:00:00,optimistic,895.03702375,928.6242710930374,3013.444599,1747.7978674199999,76.65260839887071,0.0,2936.7919906011293,914,14.0,164.14502193025024,0.5,421.88224386,17.446740243120413,482.15113584,33.92862059592617,361.61335188,25.277247559824126,2026-01-26 02:00:00
2026-01-25 13:00:00,optimistic,867.160491,863.322963255577,3050.704381,1769.40854098,67.17082356031518,0.0,2983.533557439685,914,13.0,140.3404122628041,0.5,427.09861334000004,14.83580089507925,488.11270096,30.29910174853128,366.08452572,22.035920916704654,2026-01-26 02:00:00
2026-01-25 14:00:00,optimistic,853.7730145,825.1068012819873,3045.1363149999997,1766.1790626999998,62.933771102776845,0.0,2982.2025438972228,914,12.0,129.30559778758857,0.5,426.3190841,13.936170718662789,487.2218104,28.671314831949488,365.41635779999996,20.326285552164567,2026-01-26 02:00:00
2026-01-25 15:00:00,optimistic,834.63471025,786.4413206422728,3038.671946,1762.42972868,32.6633246002383,65.78013456362336,3071.788755963385,914,11.0,112.8180811262219,0.5,425.41407244000004,0.0,486.18751136,25.71089517628206,364.64063352,6.952429423956232,2026-01-26 02:00:00
2026-01-25 16:00:00,optimistic,873.07933625,879.1832453260167,3125.374793,1812.7173799399998,15.978269817954141,0.0,3109.3965231820457,916,12.0,133.75163467222245,0.15,437.55247102000004,0.3887163180496904,500.05996688,9.123334006238245,375.04497516,6.466219493666205,2026-01-26 04:00:00
2026-01-25 17:00:00,optimistic,976.4447755,953.7542531414709,3367.7286459999996,1953.2826146799996,35.742620987230936,0.0,3331.9860250127686,916,11.0,229.48396450871772,0.15,471.48201044,7.343676623150608,538.83658336,16.841469434588447,404.12743751999994,11.557474929491883,2026-01-26 04:00:00
2026-01-25 18:00:00,optimistic,1024.41183625,981.7442249620699,3209.164615,1861.3154766999999,42.03387992573309,0.0,3167.1307350742672,916,10.0,275.60637719995725,0.15,449.28304610000004,9.705989880045479,513.4663384,19.38586290453673,385.09975380000003,12.942027141150882,2026-01-26 04:00:00
2026-01-25 19:00:00,optimistic,987.74104,968.3438534727242,2994.9736719999996,1737.0847297599996,36.15426739197166,0.0,2958.819404608028,916,9.0,243.6967623025276,0.15,419.29631408,8.69625551350011,479.19578751999995,16.61231920460125,359.39684063999994,10.845692673870296,2026-01-26 04:00:00
2026-01-25 20:00:00,optimistic,926.10638525,893.6599451415682,2885.108634,1673.36300772,27.854316430505307,0.0,2857.254317569495,916,8.0,187.8405412346057,0.15,403.91520876000004,6.694068318968588,461.61738144000003,12.919399198553618,346.21303608,8.240848912983099,2026-01-26 04:00:00
2026-01-25 21:00:00,optimistic,851.588436,902.202685052177,2799.77475,1623.8693549999998,46.363584465929065,0.0,2753.411165534071,965,56.0,122.57109238489589,0.4,391.96846500000004,10.005488499132701,447.96396000000004,22.161951695964316,335.97297,14.196144270832049,2026-01-28 05:00:00
2026-01-25 22:00:00,optimistic,835.56830025,862.0174929584836,2691.174788,1560.8813770399997,40.93926882287134,0.3887163180496904,2650.6242354951783,965,55.0,113.23804298558747,0.4,376.76447032,9.004100859808656,430.58796608,19.300897779981042,322.94097456,12.634270183081645,2026-01-28 05:00:00
2026-01-25 23:00:00,optimistic,780.394027,780.1548477605015,2712.5106900000005,1573.2562002000002,23.96633901947242,32.43999033566479,2720.984341316193,965,54.0,78.32792508349584,0.4,379.7514966000001,4.995698248059326,434.0017104000001,10.102568751588525,325.50128280000007,8.868072019824572,2026-01-28 05:00:00
2026-01-26 00:00:00,optimistic,776.09112425,820.4894484167007,2887.7166030000003,1674.87562974,32.274897688304684,0.0,2855.441705311696,965,53.0,76.14113935400746,0.6,404.28032442000006,8.28431614122764,462.0346564800001,10.2199194834985,346.52599236000003,13.770662063578543,2026-01-28 05:00:00
2026-01-26 01:00:00,optimistic,755.0879217500001,757.4089709794287,2862.2682430000004,1660.1155809400002,11.296242911605939,19.009589358941355,2869.981589447336,965,52.0,62.8973131894533,0.6,400.7175540200001,0.0,457.9629188800001,0.0,343.47218916,11.296242911605939,2026-01-28 05:00:00
2026-01-26 02:00:00,optimistic,737.27723175,711.4387057101521,2938.199975,1704.1559854999998,9.518054819367103,200.0,3128.681920180633,965,51.0,51.55877711972668,0.6,411.3479965,0.0,470.11199600000003,0.0,352.583997,9.518054819367103,2026-01-28 05:00:00
2026-01-26 03:00:00,optimistic,715.807305,761.5010273180898,2951.335887,1711.77481446,7.293703935861414,0.0,2944.042183064139,1034,119.0,39.289142289174656,0.6,413.18702418000004,0.0,472.21374192,0.0,354.16030644,7.293703935861414,2026-01-31 02:00:00
2026-01-26 04:00:00,optimistic,709.68371075,725.8510120605398,2940.44225,1705.4565049999999,7.418175622888927,200.0,3133.024074377111,1036,120.0,40.11034105867627,0.6,411.661915,0.0,470.47076000000004,0.0,352.85307,7.418175622888927,2026-01-31 04:00:00
2026-01-26 05:00:00,optimistic,717.6182355,686.5008508702062,3081.285212,1787.1454229599997,10.260253391706803,200.0,3271.0249586082928,1036,119.0,43.4949858907833,0.6,431.37992968000003,0.0,493.00563392,1.8332328156493356,369.75422543999997,8.427020576057467,2026-01-31 04:00:00
2026-01-26 06:00:00,optimistic,769.55678425,763.8466239074917,3450.3146779999997,2001.1825132399997,14.10664039357465,0.0,3436.208037606425,965,47.0,75.39855598430418,0.3,483.04405492,0.0,552.05034848,5.959182935220869,414.03776135999993,8.14745745835378,2026-01-28 05:00:00
2026-01-26 07:00:00,optimistic,1003.8963577499999,977.6278101484571,3712.427303,2153.2078357399996,60.146042485190875,0.0,3652.281260514809,941,22.0,249.5205749054393,0.3,519.73982242,2.2544906568951872,593.98836848,30.435505371963316,445.49127636,27.45604645633237,2026-01-27 05:00:00
2026-01-26 08:00:00,optimistic,1030.55640025,989.0724083210699,3603.201978,2089.85714724,65.14633680373309,2.2544906568951872,3540.310131853162,941,21.0,274.06191465838634,0.3,504.44827692000007,3.1389660049748858,576.51231648,33.08541206407749,432.38423736,28.921958734680718,2026-01-27 05:00:00
2026-01-26 09:00:00,optimistic,1047.41492875,1075.2002551759492,3542.4752009999997,2054.63561658,81.71299344666024,0.0,3460.7622075533395,941,20.0,290.62909374277217,0.5,495.94652814,9.404331824584313,566.79603216,58.684452319373335,425.09702411999996,13.624209302702582,2026-01-27 05:00:00
2026-01-26 10:00:00,optimistic,1156.68753825,1213.9700374641038,3804.7934840000003,2206.78022072,184.52705075435276,0.0,3620.2664332456475,938,16.0,354.27513577321525,0.5,532.6710877600001,38.84876570696953,608.76695744,82.77190635288198,456.57521808,62.906378694501235,2026-01-27 02:00:00
2026-01-26 11:00:00,optimistic,1045.473342,1003.5163147854257,3811.239502,2210.51891116,110.90669378015893,51.39206353652873,3751.72487175637,965,42.0,275.6519768723923,0.5,533.57353028,5.344036959558052,609.79832032,54.32171495261679,457.34874024,51.24094186798409,2026-01-28 05:00:00
2026-01-26 12:00:00,optimistic,1061.00635075,1077.895427850717,3856.262322,2236.63214676,116.7533092031432,0.0,3739.509012796857,965,41.0,289.05544220831223,0.5,539.87672508,10.17398991853136,617.00197152,66.57103582779317,462.75147863999996,40.008283456818674,2026-01-28 05:00:00
2026-01-26 13:00:00,optimistic,1041.832793,1022.3135159263452,3589.424399,2081.86615142,110.44252130631145,15.518026878089412,3494.499904571778,962,37.0,259.99820179228755,0.5,502.51941586000004,4.3451497892282545,574.30790384,60.22477001430277,430.73092787999997,45.87260150278043,2026-01-28 02:00:00
2026-01-26 14:00:00,optimistic,1038.71496225,1024.1012007370591,3484.145584,2020.8044387199998,104.23537023609074,4.3451497892282545,3384.2553635531376,962,36.0,259.74889983258873,0.5,487.78038176,0.0,557.46329344,59.74555801327214,418.09747008,44.489812222818614,2026-01-28 02:00:00
2026-01-26 15:00:00,optimistic,1175.6370697500001,1157.865252022834,3479.3219520000002,2018.00673216,124.38542458877043,0.0,3354.9365274112297,939,12.0,376.21808385071694,0.5,487.10507328000006,22.991204749733267,556.69151232,87.93558369440524,417.51863424000004,13.458636144631924,2026-01-27 03:00:00
2026-01-26 16:00:00,optimistic,1238.79598825,1212.8762651596055,3527.415706,2045.9011094799998,65.05952717842575,0.0,3462.356178821574,940,12.0,424.79666063545034,0.15,493.83819884,13.962587675560385,564.38651296,31.058667706733395,423.28988472,20.03827179613197,2026-01-27 04:00:00
2026-01-26 17:00:00,optimistic,1334.47717775,1335.9328265883448,3729.2028649999997,2162.9376617,82.80951410924388,0.0,3646.3933508907558,940,11.0,515.8297537180548,0.15,522.0884011,20.222732412438205,596.6724584,38.50172839516984,447.50434379999996,24.085053301635824,2026-01-27 04:00:00
2026-01-26 18:00:00,optimistic,1327.71882775,1302.7903242576688,3590.122832,2082.27124256,45.41046876082306,0.0,3544.7123632391767,940,10.0,513.7341990459644,0.15,502.6171964800001,21.277459639155484,574.41965312,1.0038281520978387,430.81473983999996,23.129180969569735,2026-01-27 04:00:00
2026-01-26 19:00:00,optimistic,1263.98115475,1272.0948595233951,3315.000704,1922.70040832,69.65294303531734,0.0,3245.3477609646825,940,9.0,458.5506821055594,0.15,464.10009856000005,19.079864292722515,530.40011264,30.720511726690592,397.80008448,19.852567015904228,2026-01-27 04:00:00
2026-01-26 20:00:00,optimistic,1082.4576172499999,1080.9504739665258,3163.1567659999996,1834.6309242799996,46.69568369984684,0.0,3116.4610823001526,962,30.0,306.93011459718946,0.15,442.84194723999997,11.677595297488036,506.10508255999997,21.04548870400655,379.57881191999996,13.972599698352253,2026-01-28 02:00:00
2026-01-26 21:00:00,optimistic,1004.7364650000001,997.5680235940077,3060.6478930000003,1775.17577794,95.2879189326246,22.991204749733267,2988.351178817109,962,29.0,247.76671714590458,0.4,428.49070502000006,21.80791124754557,489.7036628800001,43.4867395131143,367.27774716000005,29.993268171964747,2026-01-28 02:00:00
2026-01-26 22:00:00,optimistic,899.1417915,871.914881638752,3015.9689399999997,1749.2619851999998,38.021938273427324,66.52795851331652,3044.4749602398892,962,28.0,165.3533799657918,0.4,422.2356516,11.510645248062291,482.55503039999996,6.131541724884528,361.91627279999994,20.37975130048051,2026-01-28 02:00:00
2026-01-26 23:00:00,optimistic,828.47773575,811.17459583295,2952.0918930000003,1712.21329794,14.573263051796763,200.0,3137.5186299482034,962,27.0,109.74498816076701,0.4,413.2928650200001,0.0,472.33470288000007,1.1310818873579644,354.25102716000004,13.442181164438798,2026-01-28 02:00:00
2026-01-27 00:00:00,optimistic,859.6256105,882.2873472747726,3094.2448679999998,1794.6620234399998,57.255056704302504,0.0,3036.989811295697,962,26.0,135.9249923399119,0.6,433.19428152,6.165025986442079,495.07917888,25.081849692487463,371.30938416,26.00818102537296,2026-01-28 02:00:00
2026-01-27 01:00:00,optimistic,820.2708427499999,835.2983583787313,3175.940293,1842.04536994,25.76168718042938,6.165025986442079,3156.343631806013,962,25.0,104.79579486338717,0.6,444.6316410200001,0.0,508.15044688,19.920082266637696,381.11283516,5.841604913791684,2026-01-28 02:00:00
2026-01-27 02:00:00,optimistic,783.36172625,754.0350689060434,3197.6794560000003,1854.65408448,30.530492848145983,200.0,3367.1489631518543,1012,74.0,81.9331296685903,0.6,447.6751238400001,0.0,511.6287129600001,14.136941634099761,383.72153472,16.39355121404622,2026-01-30 04:00:00
2026-01-27 03:00:00,optimistic,758.53163475,761.5116039128767,3070.7200850000004,1781.0176493000001,23.209478717475953,200.0,3247.5106062825243,1036,97.0,70.6951947282493,0.6,429.9008119000001,0.0,491.31521360000005,9.602465310102534,368.4864102,13.607013407373417,2026-01-31 04:00:00
2026-01-27 04:00:00,optimistic,748.6556,771.1972137011537,3001.128552,1740.6545601599998,20.472170598767992,200.0,3180.656381401232,1036,96.0,66.68113680683108,0.6,420.1579972800001,0.0,480.18056832,7.921610226097381,360.13542624,12.55056037267061,2026-01-31 04:00:00
2026-01-27 05:00:00,optimistic,756.44068625,706.3585278163589,2956.675603,1714.87184974,22.658324019748367,200.0,3134.017278980252,1036,95.0,70.85754886968714,0.6,413.9345844200001,0.0,473.06809648,9.52688339066127,354.80107236,13.131440629087097,2026-01-31 04:00:00
2026-01-27 06:00:00,optimistic,846.78115925,863.081965021398,3103.537223,1800.0515893399997,26.005393450479207,0.0,3077.531829549521,960,18.0,122.59444111369044,0.3,434.49521122,0.0,496.56595568,14.200943073728395,372.42446676,11.804450376750813,2026-01-28 00:00:00
2026-01-27 07:00:00,optimistic,1139.3469870000001,1119.4682742316247,3419.906628,1983.54584424,103.39069989084373,0.0,3316.5159281091564,960,17.0,378.94305741661555,0.3,478.7869279200001,21.46046219757146,547.1850604800001,46.198333410073374,410.38879536,35.731904283198894,2026-01-28 00:00:00
2026-01-27 08:00:00,optimistic,1259.0542070000001,1276.172167057795,3565.927409,2068.23789722,82.05918696978307,0.0,3483.8682220302167,961,17.0,443.19743135226855,0.3,499.22983726,34.452300392690745,570.54838544,5.874536336162407,427.91128907999996,41.732350240929925,2026-01-28 01:00:00
2026-01-27 09:00:00,optimistic,1180.6247267499998,1157.7269520537243,3518.7119270000003,2040.85291766,194.04433371201324,0.0,3324.667593287987,961,16.0,377.75078779364344,0.5,492.6196697800001,52.08646030204504,562.9939083200001,80.830354056938,422.24543124,61.12751935303018,2026-01-28 01:00:00
2026-01-27 10:00:00,optimistic,1113.06070725,1058.9142442300645,3539.4948560000003,2052.90701648,117.76727143424498,0.0,3421.7275845657555,963,17.0,321.08949392424205,0.5,495.5292798400001,47.36792306733146,566.31917696,16.309776349101895,424.73938272000004,54.08957201781162,2026-01-28 03:00:00
2026-01-27 11:00:00,optimistic,995.48176525,946.655492113505,3536.974276,2051.44508008,119.78603563384736,0.0,3417.1882403661525,987,40.0,224.94462665539857,0.5,495.17639864000006,29.999719504661314,565.91588416,50.04785294119634,424.43691312,39.73846318798971,2026-01-29 03:00:00
2026-01-27 12:00:00,optimistic,918.8444605,920.2870088998415,3482.380466,2019.7806702799999,86.80103048256561,0.0,3395.5794355174344,987,39.0,170.65430968021766,0.5,487.53326524000005,20.577744121362468,557.18087456,35.91903855048741,417.88565592,30.304247810715733,2026-01-29 03:00:00
2026-01-27 13:00:00,optimistic,845.3249597500001,853.1166348016445,3495.900107,2027.6220620599997,54.319286555863926,185.36686546430002,3626.947685908436,1012,63.0,126.90257514813561,0.5,489.42601498000005,9.653114360412395,559.34401712,21.75063239213112,419.50801284,22.91553980332041,2026-01-30 04:00:00
2026-01-27 14:00:00,optimistic,918.508427,891.3789282468678,3494.277433,2026.68091114,72.20546276941249,0.0,3422.071970230588,987,37.0,173.15680186155058,0.5,489.19884062000006,3.184864445984597,559.0843892800001,38.19290409837353,419.31329196,30.82769422505437,2026-01-29 03:00:00
2026-01-27 15:00:00,optimistic,815.659536,834.8173097633212,3467.545454,2011.1763633199998,35.50347306063891,0.0,3432.041980939361,1012,61.0,110.73914126095305,0.5,485.45636356000006,5.165307948137879,554.8072726400001,10.427169041927641,416.10545448,19.910996070573386,2026-01-30 04:00:00
2026-01-27 16:00:00,optimistic,843.682084,793.8364821319312,3568.323196,2069.6274536799997,13.603137324895975,35.39616642991274,3590.1162251050164,1012,60.0,128.96849481072124,0.15,499.56524744,1.1462820104363525,570.93171136,5.329297879442187,428.19878351999995,7.127557435017437,2026-01-30 04:00:00
2026-01-27 17:00:00,optimistic,953.47595275,951.4935587905806,3750.358009,2175.20764522,32.804425642534426,0.0,3717.5535833574654,987,34.0,204.00299411609717,0.15,525.0501212600001,7.177660161570336,600.05728144,14.063807893829033,450.04296108,11.562957587135054,2026-01-29 03:00:00
2026-01-27 18:00:00,optimistic,1049.454532,1013.1240460071263,3641.610983,2112.1343701399996,49.75540363593392,0.0,3591.855579364066,987,33.0,279.35057284580955,0.15,509.82553762000003,13.112723402930799,582.65775728,21.78554291793258,436.99331796,14.857137315070542,2026-01-29 03:00:00
2026-01-27 19:00:00,optimistic,1020.1998485,1000.6447652659352,3390.462587,1966.46830046,43.5360017413405,0.0,3346.9265852586595,987,32.0,258.9470622514908,0.15,474.66476218,12.034589886265621,542.4740139200001,18.54842731359757,406.85551044,12.952984541477308,2026-01-29 03:00:00
2026-01-27 20:00:00,optimistic,892.7635292499999,894.1854893894923,3313.239377,1921.6788386599999,22.729495933599363,3.184864445984597,3293.694745512385,1012,56.0,164.520593794203,0.15,463.85351278,5.023052529750404,530.11830032,9.350788267567676,397.58872524,8.355655136281282,2026-01-30 04:00:00
2026-01-27 21:00:00,optimistic,844.1488005,818.3363995414815,3185.547514,1847.6175581199998,36.49330750931615,79.95936010984163,3229.0135666005253,1012,55.0,134.53238135469422,0.4,445.97665196,3.6350498160481797,509.68760224,15.184114935689944,382.26570167999995,17.674142757578032,2026-01-30 04:00:00
2026-01-27 22:00:00,optimistic,834.8701945,823.3335281731053,3034.395409,1759.94933722,34.57372573114843,0.0,2999.8216832688518,1036,78.0,123.20250267621829,0.4,424.81535726000004,5.972983927968013,485.50326544000006,13.138102880908944,364.12744908,15.462638922271475,2026-01-31 04:00:00
2026-01-27 23:00:00,optimistic,790.400028,820.5888122764333,2961.381863,1717.60148054,18.774648176617873,3.6350498160481797,2946.2422646394302,1036,77.0,100.17371545438162,0.4,414.5934608200001,2.128934972759134,473.82109808,4.312385430811801,355.36582355999997,12.333327773046939,2026-01-31 04:00:00
2026-01-28 00:00:00,optimistic,722.5055435,705.1987874143056,3153.883002,1829.2521411599998,12.666284770355794,200.0,3341.216717229644,1036,76.0,64.01393725916866,0.6,441.54362028,0.0,504.62128032000004,0.0,378.46596024,12.666284770355794,2026-01-31 04:00:00
2026-01-28 01:00:00,optimistic,726.22017125,751.2909346119543,3238.109786,1878.1036758799999,13.518579363444397,200.0,3424.5912066365554,1036,75.0,66.56673360965726,0.6,453.33537004000004,0.0,518.09756576,0.0,388.57317431999996,13.518579363444397,2026-01-31 04:00:00
2026-01-28 02:00:00,optimistic,726.1641755,692.2729698602715,3181.735512,1845.40659696,13.38282262443501,200.0,3368.352689375565,1036,74.0,67.0704253516016,0.6,445.4429716800001,0.0,509.07768192000003,0.0,381.80826144,13.38282262443501,2026-01-31 04:00:00
2026-01-28 03:00:00,optimistic,729.3001624999999,745.1942878374584,3056.428532,1772.7285485599998,20.32726283933914,200.0,3236.1012691606606,1036,73.0,69.35796543367026,0.6,427.89999448000003,0.0,489.02856512,7.037239904542921,366.77142383999995,13.290022934796221,2026-01-31 04:00:00
2026-01-28 04:00:00,optimistic,725.88417625,769.131234869737,2945.3626289999997,1708.3103248199998,19.030835956854503,79.90758523090439,3006.2393782740496,1036,72.0,67.99478367910223,0.6,412.35076806,0.0,471.25802064,6.473082204414629,353.44351548,12.557753752439872,2026-01-31 04:00:00
2026-01-28 05:00:00,optimistic,733.8921085000001,659.7427734961814,3087.573337,1790.7925354599997,22.56372438740994,200.0,3265.00961261259,1036,71.0,73.0786794364324,0.6,432.26026718,0.0,494.01173392,8.425663428313038,370.50880043999996,14.138060959096904,2026-01-31 04:00:00
2026-01-28 06:00:00,optimistic,814.102046,790.1951883358856,3202.399703,1857.3918277399998,23.878244576699338,0.0,3178.521458423301,1036,70.0,119.48229694895211,0.3,448.33595842000005,0.0,512.3839524800001,11.998030303087255,384.28796436,11.880214273612085,2026-01-31 04:00:00
2026-01-28 07:00:00,optimistic,1033.32143875,1050.6336025654161,3525.480479,2044.7786778199998,53.316596381831665,0.0,3472.1638826181684,1013,46.0,265.08751780202914,0.3,493.56726706,0.0,564.07687664,25.822499492199398,423.05765748,27.494096889632267,2026-01-30 05:00:00
2026-01-28 08:00:00,optimistic,1276.93793575,1270.8465741687103,3587.704706,2080.8687294799997,121.2857566667177,0.0,3466.4189493332824,988,20.0,471.69373736579985,0.3,502.27865884000005,20.966935999331525,574.03275296,56.53234860465317,430.52456472,43.78647206273299,2026-01-29 04:00:00
2026-01-28 09:00:00,optimistic,1288.43650725,1299.5708834511393,3559.101155,2064.2786699,211.9280019859359,0.0,3347.173153014064,988,19.0,485.35955995991617,0.5,498.27416170000004,40.443140285271845,569.4561848,97.73191909083872,427.09213859999994,73.75294260982533,2026-01-29 04:00:00
2026-01-28 10:00:00,optimistic,1277.6658992500002,1259.5463436485256,3570.887205,2071.1145788999997,162.94462209827304,0.0,3407.942582901727,988,18.0,479.93187193948245,0.5,499.92420870000007,43.74725111830548,571.3419528000001,45.735732304508105,428.50646459999996,73.46163867545945,2026-01-29 04:00:00
2026-01-28 11:00:00,optimistic,1212.7811845,1215.3788781241872,3581.637993,2077.3500359399995,137.08914669502076,0.0,3444.548846304979,988,17.0,427.15258054045665,0.5,501.42931902000004,37.778062734052384,573.06207888,90.31213730898614,429.79655915999996,8.998946651982237,2026-01-29 04:00:00
2026-01-28 12:00:00,optimistic,1135.9498612500001,1131.2795441882377,3595.665269,2085.48585602,167.37980873444576,0.0,3428.2854602655543,989,17.0,360.14740058961365,0.5,503.39313766000004,26.80630523234104,575.30644304,80.35727737672639,431.47983228,60.216226125378356,2026-01-29 05:00:00
2026-01-28 13:00:00,optimistic,1060.35051025,1095.3839720997944,3579.6588070000003,2076.2021080600002,92.68124753377731,0.0,3486.977559466223,1013,40.0,297.7491790134132,0.5,501.15223298000006,11.962670276161852,572.7454091200001,29.330585314287475,429.55905684000004,51.38799194332799,2026-01-30 05:00:00
2026-01-28 14:00:00,optimistic,1003.6603849999999,1011.2930102990363,3544.531485,2055.8282612999997,104.9299655577954,181.70436564546412,3621.3058850876687,1013,39.0,258.6446013621266,0.5,496.23440790000006,2.247979875056855,567.1250376,57.58949786933849,425.3437782,45.092487813400055,2026-01-30 05:00:00
2026-01-28 15:00:00,optimistic,1023.1295055,1033.2575853622561,3510.5921459999995,2036.1434446799997,100.27322845542992,0.0,3410.3189175445696,989,14.0,268.0291042499814,0.5,491.48290044,18.07895245014675,561.69474336,62.618164568923845,421.27105751999994,19.576111436359326,2026-01-29 05:00:00
2026-01-28 16:00:00,optimistic,1093.70756425,1081.3512552663258,3589.778072,2082.0712817599997,48.01039973434522,0.0,3541.7676722656547,1011,35.0,318.0912701905643,0.15,502.56893008000003,9.339833053556104,574.36449152,22.339036716908893,430.77336864,16.33152996388022,2026-01-30 03:00:00
2026-01-28 17:00:00,optimistic,1209.8691865,1195.2409997778252,3718.747077,2156.87330466,68.60775456641534,0.0,3650.1393224335848,1011,34.0,409.14443335716857,0.15,520.6245907800001,16.39916830536218,594.99953232,31.644491660646572,446.24964924,20.56409460040658,2026-01-30 03:00:00
2026-01-28 18:00:00,optimistic,1269.73266675,1256.7559211154112,3667.42965,2127.1091969999998,78.05719346771782,0.0,3589.3724565322823,1010,32.0,456.8360764900287,0.15,513.440151,20.785375654373208,586.7887440000001,35.36395469372587,440.09155799999996,21.907863119618742,2026-01-30 02:00:00
2026-01-28 19:00:00,optimistic,1148.51243625,1160.346000521349,3456.303903,2004.6562637399998,60.50347755125345,0.0,3395.8004254487464,1010,31.0,365.91001072070327,0.15,483.88254642000004,15.66804055004059,553.00862448,27.256003019107713,414.75646836,17.579433982105144,2026-01-30 02:00:00
2026-01-28 20:00:00,optimistic,999.3670435,986.7375090753922,3351.3245890000003,1943.76826162,38.51405150561209,2.247979875056855,3315.058517369445,1036,56.0,252.00916044672448,0.15,469.1854424600001,9.712740722217706,536.21193424,16.299608398853294,402.15895068000003,12.501702384541087,2026-01-31 04:00:00
2026-01-28 21:00:00,optimistic,876.205512,884.8987577068924,3249.553834,1884.7412237199999,37.555031943688924,80.27137001347883,3292.2701720697896,1036,55.0,174.71280760891415,0.4,454.93753676,9.511915750807349,519.9286134399999,14.908734558998905,389.94646007999995,13.134381633882668,2026-01-31 04:00:00
2026-01-28 22:00:00,optimistic,830.82724125,893.0892652093632,3210.213292,1861.9237093599997,25.859734503651786,0.0,3184.353557496348,1034,52.0,143.02767732803736,0.4,449.42986088000004,2.66744896147818,513.63412672,4.300885882952348,385.22559504,18.891399659221257,2026-01-31 02:00:00
2026-01-28 23:00:00,optimistic,789.480942,815.6146831029508,3072.969783,1782.32247414,21.958382465432344,169.7039344827445,3220.715335017312,1034,51.0,116.68207214309325,0.4,430.21576962000006,0.0,491.67516528,7.1047121005345675,368.75637395999996,14.853670364897777,2026-01-31 02:00:00
2026-01-29 00:00:00,optimistic,780.6539495,770.8732435349647,3257.684457,1889.4569850599999,34.55783302562534,200.0,3423.1266239743745,1034,50.0,111.70236250440608,0.6,456.07582398,0.0,521.22951312,11.9203073892695,390.92213483999996,22.637525636355843,2026-01-31 02:00:00
2026-01-29 01:00:00,optimistic,776.5472,812.5836176649183,3311.184742,1920.4871503599998,34.43725741913214,4.300885882952348,3281.0483704638204,1034,49.0,109.82461789891508,0.6,463.56586388000005,0.0,529.78955872,11.80530985488296,397.34216904,22.631947564249174,2026-01-31 02:00:00
2026-01-29 02:00:00,optimistic,760.7175895,748.4753283093535,3273.770908,1898.7871266399998,34.40611476522669,200.0,3439.364793234773,1034,48.0,99.92469342879203,0.6,458.32792712,0.0,523.80334528,14.004420871822303,392.85250895999997,20.401693893404385,2026-01-31 02:00:00
2026-01-29 03:00:00,optimistic,746.8480105,685.7042744446644,3238.534621,1878.3500801799998,30.351219374250704,200.0,3408.183401625749,1034,47.0,91.20441181068585,0.6,453.39484694000004,0.0,518.16553936,11.8994135450106,388.62415451999993,18.451805829240104,2026-01-31 02:00:00
2026-01-29 04:00:00,optimistic,753.6427965,723.400207172478,3195.04002,1853.1232115999999,32.65000237207891,200.0,3362.390017627921,1034,46.0,96.63976158121432,0.6,447.30560280000003,0.0,511.2064032,13.380982172241227,383.4048024,19.269020199837684,2026-01-31 02:00:00
2026-01-29 05:00:00,optimistic,779.459263,723.3355053692243,3085.411892,1789.53889736,39.307362574295404,200.0,3246.1045294257046,1037,48.0,110.89172914322064,0.6,431.95766488000004,0.0,493.66590272,18.018694571752544,370.24942704,21.28866800254286,2026-01-31 05:00:00
2026-01-29 06:00:00,optimistic,833.48154825,822.9361437287607,3298.5972319999996,1913.1863945599996,28.18022651898516,0.0,3270.4170054810143,1037,47.0,148.8742480823424,0.3,461.80361247999997,0.0,527.7755571199999,13.052066762834807,395.83166783999997,15.128159756150355,2026-01-31 05:00:00
2026-01-29 07:00:00,optimistic,999.5618509999999,1000.1144023756865,3502.334609,2031.35407322,68.40872448289394,0.0,3433.925884517106,1037,46.0,265.01704984566527,0.3,490.32684526,8.263640492399063,560.3735374400001,32.837809622206215,420.28015308,27.307274368288674,2026-01-31 05:00:00
2026-01-29 08:00:00,optimistic,1174.45297925,1224.7460986182584,3638.431717,2110.29039586,120.77997725266022,0.0,3517.65173974734,1008,16.0,407.49525383761636,0.3,509.38044038000004,26.922403047940257,582.14907472,53.73551359756297,436.61180604,40.122060607156975,2026-01-30 00:00:00
2026-01-29 09:00:00,optimistic,1182.0691172499999,1191.8769384629247,3647.650551,2115.63731958,190.7006944450612,0.0,3456.949856554939,1007,14.0,409.7387894332365,0.5,510.6710771400001,51.54092014315875,583.62408816,93.60948733444455,437.71806612,45.55028696745791,2026-01-29 23:00:00
2026-01-29 10:00:00,optimistic,1102.84633775,1096.273321885734,3666.8066639999997,2126.74786512,177.13293252083952,0.0,3489.6737314791603,1037,43.0,344.67575870867256,0.5,513.35293296,42.33721782991804,586.68906624,75.46931148444298,440.01679967999996,59.326403206478474,2026-01-31 05:00:00
2026-01-29 11:00:00,optimistic,1033.498444,1058.3806114355048,3700.5980329999998,2146.3468591399997,149.89910494355368,0.0,3550.698928056446,1037,42.0,297.8866166604441,0.5,518.08372462,31.640534307808082,592.09568528,65.11384379698636,444.07176395999994,53.14472683875923,2026-01-31 05:00:00
2026-01-29 12:00:00,optimistic,972.5133715,906.1793122297634,3711.9771459999997,2152.9467446799995,87.49984318262852,160.7047158212242,3785.1820186385953,1037,41.0,256.3478764529927,0.5,519.67680044,9.204891907485278,593.9163433599999,54.49018344736283,445.43725751999995,23.80476782778041,2026-01-31 05:00:00
2026-01-29 13:00:00,optimistic,959.147805,966.2162417432569,3844.989094,2230.0936745199997,107.99509603269937,0.0,3736.993997967301,1031,34.0,240.96506269180395,0.5,538.2984731600001,7.6457370778687155,615.19825504,54.39955713223768,461.39869128,45.94980182259297,2026-01-30 23:00:00
2026-01-29 14:00:00,optimistic,965.1025705,988.228526316609,3814.160747,2212.21323326,96.2323247596903,0.0,3717.9284222403094,1031,33.0,247.47361701774776,0.5,533.9825045800001,3.0409893701011472,610.26571952,46.518466789569956,457.69928963999996,46.67286860001919,2026-01-30 23:00:00
2026-01-29 15:00:00,optimistic,970.6466585,926.2890711266047,3605.327772,2091.09010776,110.28803376126989,16.850628985353993,3511.890367224084,1031,32.0,253.75325746916363,0.5,504.74588808000004,18.236331272646854,576.8524435200001,46.94787495260459,432.63933264,45.10382753601844,2026-01-30 23:00:00
2026-01-29 16:00:00,optimistic,1063.96297475,1098.275596046208,3644.9079100000004,2114.0465878,49.581709294256974,0.0,3595.3262007057433,1031,31.0,328.61174058590905,0.15,510.2871074000001,10.457296904454452,583.1852656000001,22.09664056599816,437.3889492,17.027771823804365,2026-01-30 23:00:00
2026-01-29 17:00:00,optimistic,972.5506702499999,982.7055624748324,3860.106936,2238.86202288,39.23870333079164,0.0,3820.8682326692083,1031,30.0,259.3437126200036,0.15,540.4149710400001,8.186148162961448,617.6171097600001,16.28556901484104,463.21283232,14.766986152989151,2026-01-30 23:00:00
2026-01-29 18:00:00,optimistic,1030.4184,1017.9597625829759,3673.567818,2130.66933444,48.837195663449734,0.0,3624.7306223365504,1031,29.0,307.3127754645846,0.15,514.29949452,11.618952157171925,587.77085088,20.974205861405395,440.82813816,16.244037644872414,2026-01-30 23:00:00
2026-01-29 19:00:00,optimistic,947.611588,966.5950439831885,3648.829588,2116.32116104,32.1460384299368,0.0,3616.6835495700634,1031,28.0,243.59239989319295,0.15,510.8361423200001,7.395439649272518,583.81273408,11.542125849386078,437.85955056,13.208472931278205,2026-01-30 23:00:00
2026-01-29 20:00:00,optimistic,875.70630775,943.8270934841319,3398.5734580000003,1971.17260564,7.949879163420794,3.0409893701011472,3393.6645682066805,1031,27.0,187.6123321887953,0.15,475.8002841200001,2.835992991735914,543.7717532800001,4.087652683259604,407.82881496000005,1.0262334884252766,2026-01-30 23:00:00
2026-01-29 21:00:00,optimistic,829.4494705,834.9054581517548,3349.33788,1942.6159704,77.83098083888355,44.09754244630097,3315.6044416074174,1012,7.0,151.9934487988712,0.4,468.90730320000006,16.852666772978864,535.8940608,40.1540423664722,401.92054559999997,20.82427169943249,2026-01-30 04:00:00
2026-01-29 22:00:00,optimistic,795.9048825,803.3515000890101,3281.966239,1903.5404186199999,65.68481637219605,183.08515440900698,3399.3665770368107,1012,6.0,130.21669661417687,0.4,459.47527346000004,15.680892722483675,525.11459824,34.009508688988085,393.83594867999994,15.994414960724297,2026-01-30 04:00:00
2026-01-29 23:00:00,optimistic,737.55183875,723.7710117637927,3178.352153,1843.4442487399997,28.40387887427255,200.0,3349.948274125727,1012,5.0,85.87010516923254,0.4,444.96930142,10.94535725383418,508.53634447999997,6.832756551405112,381.40225835999996,10.625765069033257,2026-01-30 04:00:00
2026-01-30 00:00:00,optimistic,736.808356,711.3130249160563,3377.483891,1958.9406567799997,36.92594767191667,126.59022100932933,3467.1481643374127,1059,51.0,80.26929822458585,0.6,472.84774474000005,14.770153429784775,540.39742256,5.18743477771987,405.29806691999994,16.96835946441202,2026-02-01 03:00:00
2026-01-30 01:00:00,optimistic,713.2673775000001,738.1774519963275,3299.157531,1913.5113679799997,27.18957004190289,195.07333872879218,3467.0412996868895,1059,50.0,65.1340382994498,0.6,461.88205434,11.851410303074509,527.86520496,1.8585774400917985,395.89890371999996,13.479582298736585,2026-02-01 03:00:00
2026-01-30 02:00:00,optimistic,705.2959335,679.6134187227341,3368.404543,1953.67463494,25.154843633717363,96.79080826255057,3440.040507628833,1059,49.0,60.270862959302825,0.6,471.5766360200001,11.916157653288817,538.9447268800001,0.4958557813571772,404.20854515999997,12.74283019907137,2026-02-01 03:00:00
2026-01-30 03:00:00,optimistic,670.6845344999999,672.8315216165817,3423.3224419999997,1985.5270163599996,31.404219467648794,36.895624564286805,3428.8138470966373,1029,18.0,43.87089481004213,0.6,479.26514188,5.067441019421939,547.73159072,18.329478482468012,410.79869303999993,8.007299965758843,2026-01-30 21:00:00
2026-01-30 04:00:00,optimistic,649.5891242499999,635.2594008470464,3382.3405940000002,1961.75754452,18.865565690711897,200.0,3563.4750283092885,1029,17.0,33.79812470243022,0.6,473.5276831600001,0.0,541.17449504,13.968363328189099,405.88087128,4.897202362522798,2026-01-30 21:00:00
2026-01-30 05:00:00,optimistic,635.94245425,650.3118490223917,3370.0993399999998,1954.6576171999998,14.125781085659646,167.57973905193037,3523.5532979662707,1029,16.0,27.206902466950456,0.6,471.8139076,0.0,539.2158944,11.210364034073171,404.41192079999996,2.915417051586476,2026-01-30 21:00:00
2026-01-30 06:00:00,optimistic,689.96909875,699.9789619086084,3449.668372,2000.80765576,5.767943589899283,54.39955713223768,3498.299985542338,1059,45.0,51.53755130664814,0.3,482.9535720800001,0.0,551.94693952,0.18277430662278146,413.96020464,5.585169283276501,2026-02-01 03:00:00
2026-01-30 07:00:00,optimistic,820.667271,851.7934693277371,3681.057732,2135.01348456,35.547755763138674,0.0,3645.5099762368613,1059,44.0,143.8689318474889,0.3,515.3480824800001,4.481968233688985,588.96923712,14.727477386319752,441.72692784000003,16.338310143129938,2026-02-01 03:00:00
2026-01-30 08:00:00,optimistic,948.32245375,933.0219617843576,3841.680839,2228.17488662,79.25909614503885,0.0,3762.4217428549614,1055,39.0,237.0116657797976,0.3,537.83531746,20.69451278059254,614.66893424,31.422025062102566,461.00170068,27.14255830234374,2026-01-31 23:00:00
2026-01-30 09:00:00,optimistic,931.7821925000001,923.6859444411989,3921.718538,2274.59675204,132.96811202452653,0.0,3788.7504259754737,1055,38.0,226.71095224760708,0.5,549.0405953200001,36.936914112469715,627.4749660800001,51.6577718023311,470.60622456,44.37342610972572,2026-01-31 23:00:00
2026-01-30 10:00:00,optimistic,907.81181425,878.4489027765308,3752.1737160000002,2176.26075528,121.23500454109407,0.0,3630.9387114589063,1055,37.0,210.70304801357673,0.5,525.30432024,35.63476366829185,600.34779456,45.87815590750281,450.26084592,39.722084965299416,2026-01-31 23:00:00
2026-01-30 11:00:00,optimistic,806.4418555,793.1130576977166,3798.609246,2203.19336268,74.32719987946766,0.0,3724.2820461205324,1059,40.0,138.21741883478313,0.5,531.80529444,20.705703120913277,607.77747936,26.582484561940092,455.83310952,27.03901219661428,2026-02-01 03:00:00
2026-01-30 12:00:00,optimistic,761.2827485,772.6017632913456,3896.818682,2260.15483556,54.370027002092,4.481968233688985,3846.930623231597,1059,39.0,106.27196080575824,0.5,545.55461548,13.416254098439866,623.49098912,19.459575803265853,467.61824184,21.49419710038628,2026-02-01 03:00:00
2026-01-30 13:00:00,optimistic,752.13518175,774.8448402493606,3970.155879,2302.69040982,58.88988050170693,0.0,3911.265998498293,1059,38.0,100.37591475358725,0.5,555.82182306,19.53908058002606,635.22494064,18.64168948405356,476.41870547999997,20.709110437627302,2026-02-01 03:00:00
2026-01-30 14:00:00,optimistic,731.95454975,704.2895900246712,3758.803253,2180.1058867399997,48.03272539061816,127.38814778070726,3838.1586753900892,1055,33.0,82.50085960275217,0.5,526.2324554200001,17.677951072874134,601.40852048,14.186472751456945,451.05639035999997,16.168301566287084,2026-01-31 23:00:00
2026-01-30 15:00:00,optimistic,733.9147350000001,760.0029126031699,3682.221293,2135.68834994,51.00608576708026,0.0,3631.21520723292,1055,32.0,84.68097522989015,0.5,515.51098102,19.961027104945874,589.15540688,14.793609964698787,441.86655516,16.2514486974356,2026-01-31 23:00:00
2026-01-30 16:00:00,optimistic,768.33946925,809.0086050141485,3600.2169,2088.125802,20.746823045351448,0.0,3579.4700769546484,1055,31.0,112.22482373021322,0.15,504.030366,8.480426540688233,576.034704,5.9834373835784955,432.026028,6.282959121084718,2026-01-31 23:00:00
2026-01-30 17:00:00,optimistic,799.0678035,811.470850596711,3772.5027379999997,2188.05158804,28.89811854759233,0.0,3743.6046194524074,1027,2.0,140.77883251907014,0.15,528.1503833200001,11.953920755278276,603.60043808,8.939816951704668,452.70032855999995,8.004380840609386,2026-01-30 19:00:00
2026-01-30 18:00:00,optimistic,786.76526775,843.069142126742,3659.6765809999997,2122.6124169799996,18.534066878979715,0.0,3641.14251412102,1055,29.0,128.6455280963174,0.15,512.35472134,3.2456215346805184,585.54825296,7.996114859904051,439.1611897199999,7.292330484395145,2026-01-31 23:00:00
2026-01-30 19:00:00,optimistic,643.31650825,620.1028322768927,3564.067257,2067.15900906,10.017020504355312,57.6513789488667,3611.7016154445114,1029,2.0,51.28579056879998,0.15,498.96941598000006,3.55338843402298,570.25076112,5.571212560880405,427.68807084,0.8924195094519257,2026-01-30 21:00:00
2026-01-30 20:00:00,optimistic,654.76029125,617.4206501506575,3587.720174,2080.87770092,13.267995071666302,0.0,3574.4521789283335,1029,1.0,64.16275434169542,0.15,502.28082436000005,4.861763038551735,574.0352278400001,7.00073107582512,430.52642088,1.4055009572894477,2026-01-30 21:00:00
2026-01-30 21:00:00,optimistic,641.67368575,588.3120782828717,3680.954284,2134.95348472,14.659166096224185,84.45632805895639,3750.7514459627323,1051,22.0,29.732502315428615,0.4,515.3335997600001,3.44099832403811,588.95268544,8.918764433350187,441.71451407999996,2.299403338835887,2026-01-31 19:00:00
2026-01-30 22:00:00,optimistic,598.68011725,643.5614465946754,3550.805807,2059.46736806,5.622526361286538,0.0,3545.1832806387138,1051,21.0,17.939834180821336,0.4,497.11281298000006,0.0,568.1289291200001,2.9479685795180712,426.09669684,2.674557781768467,2026-01-31 19:00:00
2026-01-30 23:00:00,optimistic,623.22922625,642.8601959406218,3163.6366510000003,1834.90925758,7.181188417605009,200.0,3356.4554625823953,1051,20.0,22.729104458381276,0.4,442.90913114000006,1.2529158838645917,506.18186416000003,5.863022407426469,379.63639812,0.06525012631394796,2026-01-31 19:00:00
2026-01-31 00:00:00,optimistic,709.40300175,707.7354616226864,3204.614823,1858.6765973399997,33.17644968583842,137.39100908433684,3308.829382398498,1060,28.0,69.37501973434397,0.6,448.64607522,4.386484723630037,512.73837168,14.852202606416226,384.55377876,13.937762355792156,2026-02-01 04:00:00
2026-01-31 01:00:00,optimistic,694.206841,702.6058997895947,3432.2577370000004,1990.70948746,23.218730549488804,2.354433221448976,3411.3934396719606,1060,27.0,57.68816265549171,0.6,480.5160831800001,1.5075678141776347,549.1612379200001,9.279327707265935,411.87092844,12.431835028045233,2026-02-01 04:00:00
2026-01-31 02:00:00,optimistic,647.77827775,614.0136063310488,3330.8107509999995,1931.8702355799996,7.823456093895432,149.12468129097033,3472.1119761970745,1060,26.0,20.4419131344497,0.6,466.31350513999996,2.9672104834081026,532.92972016,0.5685214265460609,399.69729011999993,4.287724183941268,2026-02-01 04:00:00
2026-01-31 03:00:00,optimistic,614.79105675,688.1636161385048,3282.182858,1903.66605764,15.345721426643264,43.72367342593742,3310.560809999294,1051,16.0,32.847237262893714,0.6,459.50560012000005,0.0,525.14925728,8.56112220523978,393.86194296,6.784599221403484,2026-01-31 19:00:00
2026-01-31 04:00:00,optimistic,601.051039,604.9276744592568,3257.4469240000003,1889.31921592,9.855164683576913,200.0,3447.5917593164236,1051,15.0,20.92476653783684,0.6,456.0425693600001,0.0,521.1915078400001,5.562920073727589,390.89363088000005,4.292244609849324,2026-01-31 19:00:00
2026-01-31 05:00:00,optimistic,613.3722325,616.6540763381468,3204.964919,1858.87965302,15.101037971058862,200.0,3389.8638810289413,1051,14.0,32.10852834605148,0.6,448.69508866000007,0.0,512.7943870400001,8.624729897951056,384.59579027999996,6.4763080731078055,2026-01-31 19:00:00
2026-01-31 06:00:00,optimistic,610.4226185,632.1956172169607,3455.119997,2003.9695982599997,7.649854746514702,23.791482182840593,3471.2616244363257,1051,13.0,29.708160036715604,0.3,483.71679958000004,0.0,552.81919952,4.419439081911267,414.61439963999993,3.230415664603435,2026-01-31 19:00:00
2026-01-31 07:00:00,optimistic,624.2559695,638.6862464521014,3680.391107,2134.62684206,0.339097189584051,0.0,3680.0520098104157,1060,21.0,1.391489955668025,0.3,515.25475498,0.0,588.86257712,0.17777884980586878,441.64693284,0.1613183397781822,2026-02-01 04:00:00
2026-01-31 08:00:00,optimistic,655.61905675,662.3355774783739,3373.515239,1956.6388386199997,6.369565465697143,93.66383256541523,3460.809506099718,1060,20.0,28.12852652486319,0.3,472.29213346,0.0,539.7624382399999,3.3828790098788346,404.82182867999995,2.9866864558183077,2026-02-01 04:00:00
2026-01-31 09:00:00,optimistic,717.038411,693.3241773366407,3392.8327719999997,1967.8430077599996,38.239117858692595,0.0,3354.593654141307,1060,19.0,81.1129627664576,0.5,474.99658808000004,7.1408167211564555,542.85324352,16.7464218920571,407.1399326399999,14.35187924547904,2026-02-01 04:00:00
2026-01-31 10:00:00,optimistic,680.54150075,694.6855514640798,3438.30328,1994.2159024,22.024915746726307,0.0,3416.2783642532736,1060,18.0,50.16224159141129,0.5,481.36245920000005,2.188078570983072,550.1285248,10.805192113993561,412.5963936,9.031645061749673,2026-02-01 04:00:00
2026-01-31 11:00:00,optimistic,693.9081247500001,750.3688596442511,3582.515673,2077.85909034,31.136363983803655,0.0,3551.379309016196,1060,17.0,62.23210828460652,0.5,501.55219422000005,5.140873538554565,573.2025076799999,14.336802964458661,429.90188076,11.658687480790427,2026-02-01 04:00:00
2026-01-31 12:00:00,optimistic,686.3660785,726.7286798846493,3338.6354069999998,1936.4085360599997,26.056000694113486,0.0,3312.579406305886,1060,16.0,56.096067020731894,0.5,467.40895698,3.877889904032767,534.1816651199999,12.377147906988002,400.63624883999995,9.800962883092716,2026-02-01 04:00:00
2026-01-31 13:00:00,optimistic,687.46749975,735.2630985491819,3462.0481290000002,2007.98791482,28.73231091113304,0.0,3433.315818088867,1060,15.0,57.52350844355546,0.5,484.6867380600001,4.793651660715457,553.92770064,13.518503015707697,415.44577548,10.420156234709884,2026-02-01 04:00:00
2026-01-31 14:00:00,optimistic,682.5203562500001,667.1838859570645,3270.725992,1897.02107536,35.84753369971728,23.141310395442318,3258.0197686957254,1051,5.0,57.65920730247019,0.5,457.90163888000006,14.457206181035312,523.31615872,12.219772869450374,392.48711904,9.170554649231597,2026-01-31 19:00:00
2026-01-31 15:00:00,optimistic,717.5797975,687.8916528922426,3372.323831,1955.9478219799998,29.168443852401786,0.0,3343.1553871475985,1063,16.0,83.28010446173359,0.5,472.12533634000005,0.993748209719715,539.57181296,13.533715527340206,404.67885972,14.640980115341867,2026-02-01 07:00:00
2026-01-31 16:00:00,optimistic,717.0384112500001,713.2648036470106,3386.856886,1964.3769938799999,17.687910350134782,0.993748209719715,3370.162723859585,1051,3.0,97.38164808698873,0.15,474.15996404000003,7.523894723635236,541.89710176,5.74293600172655,406.42282632,4.421079624772996,2026-01-31 19:00:00
2026-01-31 17:00:00,optimistic,666.558785,668.2305323686608,3510.242494,2035.94064652,10.66764835721894,0.0,3499.574845642781,1051,2.0,70.0888211952139,0.15,491.43394916000005,5.646329649384425,561.63879904,2.86803934793626,421.22909928,2.1532793598982574,2026-01-31 19:00:00
2026-01-31 18:00:00,optimistic,629.40846625,662.2342118041284,3551.948195,2060.1299531,4.54347332108378,0.0,3547.4047216789163,1051,1.0,46.075548298581865,0.15,497.27274730000005,3.7698340032668494,568.3117112,0.44689940053423716,426.2337834,0.3267399172826936,2026-01-31 19:00:00
2026-01-31 19:00:00,optimistic,628.2323695,577.4584306085554,3845.38282,2230.3220355999997,3.8655109155719938,99.75335658717877,3941.2706656716064,1054,3.0,35.67418510287612,0.15,538.3535948,3.1635125281747274,615.2612512,0.41012895231539487,461.44593839999993,0.2918694350818717,2026-01-31 22:00:00
2026-01-31 20:00:00,optimistic,608.70510725,654.5916168338184,3762.745848,2182.39259184,7.389316910937018,0.0,3755.356531089063,1054,2.0,31.103931079154076,0.15,526.7844187200001,2.1591979804992096,602.03933568,3.388617302908608,451.52950175999996,1.8415016275292002,2026-01-31 22:00:00
2026-01-31 21:00:00,optimistic,608.85445925,604.1142222926303,3587.369403,2080.67425374,19.921969205346816,0.0,3567.4474337946535,1054,1.0,31.501922463645638,0.4,502.23171642000005,6.217186681920649,573.97910448,8.96320560689434,430.48432836,4.741576916531827,2026-01-31 22:00:00
2026-01-31 22:00:00,optimistic,589.90594275,577.0995106515774,3592.256554,2083.5088013199997,2.351463855078111,30.47479864445856,3620.3798887893804,1058,4.0,4.23409817449625,0.4,502.9159175600001,0.5986056562253774,574.76104864,1.1140512791259107,431.07078648,0.6388069197268226,2026-02-01 02:00:00
2026-01-31 23:00:00,optimistic,654.8909854999999,624.527854242195,3289.705411,1908.0291383799997,12.43734703772107,180.08969269359704,3457.357756655876,1063,8.0,29.98186726407622,0.4,460.55875754000004,1.819486450135985,526.35286576,6.47913428957434,394.76464932,4.138726298010745,2026-02-01 07:00:00
2026-02-01 00:00:00,optimistic,694.41219625,644.7664960940269,3147.820846,1825.73609068,39.42691373574748,11.667335583947981,3120.0612678482007,1063,7.0,67.59153564741632,0.6,440.69491844000004,4.628148362337872,503.65133536,21.456671373436716,377.73850152,13.342093999972894,2026-02-01 07:00:00
2026-02-01 01:00:00,optimistic,699.43402825,724.1291457688574,3061.9617369999996,1775.9378074599997,47.6160587129356,0.0,3014.345678287064,1063,6.0,72.92091439332853,0.6,428.67464318,10.516614280535325,489.91387791999995,23.10860163361016,367.43540843999995,13.990842798790116,2026-02-01 07:00:00
2026-02-01 02:00:00,optimistic,583.33462325,585.5341622656522,3465.36598,2009.9122684,0.0,2.351463855078111,3467.7174438550783,-1,0.0,0.0,0.6,485.1512372,0.0,554.4585568,0.0,415.8439176,0.0,
2026-02-01 03:00:00,optimistic,654.7976375000001,616.0988105077685,3289.024372,1907.6341357599997,23.52082165269573,176.79667053287994,3442.300220880184,1063,4.0,30.866394639469366,0.6,460.46341208,5.990125506605035,526.24389952,11.141128894356426,394.68292463999995,6.389567251734271,2026-02-01 07:00:00
2026-02-01 04:00:00,optimistic,661.46228825,622.6099250880916,3221.313592,1868.3618833599999,29.273051865369634,200.0,3392.04054013463,1063,3.0,37.620919448174526,0.6,450.98390288,7.994534460079347,515.41017472,13.654636270051974,386.55763104,7.623881135238315,2026-02-01 07:00:00
2026-02-01 05:00:00,optimistic,675.482354,665.4088130212962,3251.621111,1885.9402443799997,38.36934677399288,4.628148362337872,3217.879912588345,1067,6.0,76.10060778296803,0.6,455.22695554,12.392690648833703,520.25937776,10.478799004280518,390.19453332,15.497857120878658,2026-02-01 11:00:00
2026-02-01 06:00:00,optimistic,639.8628375000001,689.9334832586819,3091.106625,1792.8418424999998,14.601110664863885,0.0,3076.505514335136,1067,5.0,42.488999090696154,0.3,432.7549275,3.4632723991418684,494.57706,7.008298060947413,370.932795,4.129540204774602,2026-02-01 11:00:00
2026-02-01 07:00:00,optimistic,630.71528525,622.9275447090919,3259.5320389999997,1890.5285826199997,12.824611324020971,200.0,3446.7074276759786,1067,4.0,33.97080980034515,0.3,456.33448546,3.2663787758561864,521.52512624,6.074374066109402,391.14384468,3.4838584820553815,2026-02-01 11:00:00
2026-02-01 08:00:00,optimistic,679.75741075,634.6631221564568,3616.6996860000004,2097.6858178800003,35.67301907825506,0.0,3581.0266669217453,1067,3.0,82.12279255111488,0.3,506.3379560400001,9.761289844725313,578.6719497600001,16.619689263671983,434.00396232,9.29203996985776,2026-02-01 11:00:00
2026-02-01 09:00:00,optimistic,669.2097215,661.8374295774216,3655.69212,2120.3014296,55.4383043649081,0.0,3600.253815635092,1067,2.0,72.40214068835675,0.5,511.79689680000007,16.217968209500793,584.9107392000001,25.398524897122265,438.6830544,13.821811258285043,2026-02-01 11:00:00
2026-02-01 10:00:00,optimistic,680.01878475,671.8370776575699,3677.6077490000002,2133.01249442,65.96509744707333,0.0,3611.642651552927,1067,1.0,83.70661658655048,0.5,514.8650848600001,21.03529859961935,588.4172398400001,30.261463387896224,441.31292988,14.668335459557767,2026-02-01 11:00:00
2026-02-01 11:00:00,optimistic,676.54642875,595.6398294617529,3635.455881,2108.5644109799996,25.356459659785138,200.0,3810.0994213402146,1079,12.0,52.569534805375845,0.5,508.96382334000003,1.2829833226428846,581.67294096,14.068189853932264,436.25470571999995,10.005286483209991,2026-02-01 23:00:00
2026-02-01 12:00:00,optimistic,689.184996,687.5561500044656,3446.054382,1998.7115415599997,32.78064800386497,0.0,3413.273733996135,1079,11.0,64.56568322923916,0.5,482.44761348000003,4.34405371714859,551.36870112,16.804966563371917,413.52652584,11.631627723344462,2026-02-01 23:00:00
2026-02-01 13:00:00,optimistic,677.6478775,670.7198415937397,3471.8670690000004,2013.68290002,24.56936406817751,5.627037039791475,3452.9247419716144,1079,10.0,54.43417764002866,0.5,486.0613896600001,0.0,555.49873104,14.677385333114941,416.62404828,9.891978735062569,2026-02-01 23:00:00
2026-02-01 14:00:00,optimistic,702.0662815000001,722.9524724444026,3453.715028,2003.15471624,42.67698803263991,0.0,3411.03803996736,1079,9.0,77.59347695758812,0.5,483.52010392000005,7.374571520538318,552.59440448,21.319003358341714,414.44580336,13.983413153759878,2026-02-01 23:00:00
2026-02-01 15:00:00,optimistic,715.2835642499999,770.7522470983603,3479.940102,2018.3652591599998,52.437151652249156,0.0,3427.502950347751,1079,8.0,90.61459169879647,0.5,487.19161428000007,10.30982054499588,556.79041632,25.709713575611993,417.59281224,16.417617531641284,2026-02-01 23:00:00
2026-02-01 16:00:00,optimistic,762.23486225,796.0318131364327,3925.389934,2276.7261617199997,28.013391599213833,0.0,3897.376542400786,1079,7.0,135.7367055871086,0.15,549.55459076,6.530138809104532,628.06238944,13.245700329341759,471.04679207999993,8.237552460767542,2026-02-01 23:00:00
2026-02-01 17:00:00,optimistic,794.75538375,786.688723033355,3669.0489,2128.0483619999995,32.73406254867818,0.0,3636.3148374513216,1079,6.0,167.82336222748302,0.15,513.666846,8.726497650178532,587.047824,15.550137437995941,440.28586799999994,8.457427460503709,2026-02-01 23:00:00
2026-02-01 18:00:00,optimistic,769.5342365,736.3384592377499,3993.550585,2316.2593392999997,31.20699890057388,0.0,3962.343586099426,1078,4.0,131.67656205801876,0.15,559.0970819,8.920629802228792,638.9680936,14.147668300169197,479.2260702,8.138700798175892,2026-02-01 22:00:00
2026-02-01 19:00:00,optimistic,642.271076,719.4718700974959,4024.126156,2333.9931704799997,2.0657829099935827,0.0,4022.060373090006,1078,3.0,8.488994488600282,0.15,563.37766184,0.5638915197555849,643.86018496,0.9638986067744933,482.89513872,0.5379927834635044,2026-02-01 22:00:00
2026-02-01 20:00:00,optimistic,643.2605025,645.0370555204347,3546.4408139999996,2056.9356721199997,2.1361803939282424,41.86165832704606,3586.1662919331175,1078,2.0,9.53090046801474,0.15,496.50171396,0.6240552793294871,567.4305302399999,0.979812278311691,425.5728976799999,0.5323128362870639,2026-02-01 22:00:00
2026-02-01 21:00:00,optimistic,683.78981425,684.2076930073883,3622.9055670000002,2101.28522886,31.757131653927523,0.0,3591.148435346073,1078,1.0,49.81382421788716,0.4,507.20677938000006,9.912888551274877,579.66489072,14.283612535457232,434.74866804000004,7.560630567195414,2026-02-01 22:00:00
2026-02-01 22:00:00,optimistic,634.29963375,633.5758811366999,3753.110103,2176.80385974,0.0,58.245464056194436,3811.3555670561946,-1,0.0,0.0,0.4,525.43541442,0.0,600.49761648,0.0,450.37321235999997,0.0,
2026-02-01 23:00:00,optimistic,612.737494,618.6800368230356,3487.507452,2022.7543221599997,0.0,200.0,3687.507452,-1,0.0,0.0,0.4,488.25104328000003,0.0,558.00119232,0.0,418.50089424,0.0,
